[0.205s] DEBUG:colcon:Command line arguments: ['/usr/bin/colcon', 'build']
[0.205s] DEBUG:colcon:Parsed command line arguments: Namespace(log_base=None, log_level=None, verb_name='build', build_base='build', install_base='install', merge_install=False, symlink_install=False, test_result_base=None, continue_on_error=False, executor='parallel', parallel_workers=20, event_handlers=None, ignore_user_meta=False, metas=['./colcon.meta'], base_paths=['.'], packages_ignore=None, packages_ignore_regex=None, paths=None, packages_up_to=None, packages_up_to_regex=None, packages_above=None, packages_above_and_dependencies=None, packages_above_depth=None, packages_select_by_dep=None, packages_skip_by_dep=None, packages_skip_up_to=None, packages_select_build_failed=False, packages_skip_build_finished=False, packages_select_test_failures=False, packages_skip_test_passed=False, packages_select=None, packages_skip=None, packages_select_regex=None, packages_skip_regex=None, packages_start=None, packages_end=None, allow_overriding=[], cmake_args=None, cmake_target=None, cmake_target_skip_unavailable=False, cmake_clean_cache=False, cmake_clean_first=False, cmake_force_configure=False, ament_cmake_args=None, catkin_cmake_args=None, catkin_skip_building_tests=False, mixin_files=None, mixin=None, verb_parser=<colcon_mixin.mixin.mixin_argument.MixinArgumentDecorator object at 0x77b4c389a060>, verb_extension=<colcon_core.verb.build.BuildVerb object at 0x77b4c3898590>, main=<bound method BuildVerb.main of <colcon_core.verb.build.BuildVerb object at 0x77b4c3898590>>, mixin_verb=('build',))
[0.251s] Level 1:colcon.colcon_core.package_discovery:discover_packages(colcon_meta) check parameters
[0.251s] Level 1:colcon.colcon_core.package_discovery:discover_packages(recursive) check parameters
[0.251s] Level 1:colcon.colcon_core.package_discovery:discover_packages(ignore) check parameters
[0.251s] Level 1:colcon.colcon_core.package_discovery:discover_packages(path) check parameters
[0.251s] Level 1:colcon.colcon_core.package_discovery:discover_packages(colcon_meta) discover
[0.251s] Level 1:colcon.colcon_core.package_discovery:discover_packages(recursive) discover
[0.251s] INFO:colcon.colcon_core.package_discovery:Crawling recursively for packages in '/home/nour-mahgoub/Graduation_Rafeeq'
[0.251s] Level 1:colcon.colcon_core.package_identification:_identify(.) by extensions ['ignore', 'ignore_ament_install']
[0.251s] Level 1:colcon.colcon_core.package_identification:_identify(.) by extension 'ignore'
[0.251s] Level 1:colcon.colcon_core.package_identification:_identify(.) by extension 'ignore_ament_install'
[0.251s] Level 1:colcon.colcon_core.package_identification:_identify(.) by extensions ['colcon_pkg']
[0.251s] Level 1:colcon.colcon_core.package_identification:_identify(.) by extension 'colcon_pkg'
[0.252s] Level 1:colcon.colcon_core.package_identification:_identify(.) by extensions ['colcon_meta']
[0.252s] Level 1:colcon.colcon_core.package_identification:_identify(.) by extension 'colcon_meta'
[0.252s] Level 1:colcon.colcon_core.package_identification:_identify(.) by extensions ['ros']
[0.252s] Level 1:colcon.colcon_core.package_identification:_identify(.) by extension 'ros'
[0.279s] Level 1:colcon.colcon_core.package_identification:_identify(.) by extensions ['cmake', 'python']
[0.280s] Level 1:colcon.colcon_core.package_identification:_identify(.) by extension 'cmake'
[0.280s] Level 1:colcon.colcon_core.package_identification:_identify(.) by extension 'python'
[0.280s] Level 1:colcon.colcon_core.package_identification:_identify(.) by extensions ['python_setup_py']
[0.280s] Level 1:colcon.colcon_core.package_identification:_identify(.) by extension 'python_setup_py'
[0.280s] Level 1:colcon.colcon_core.package_identification:_identify(build) by extensions ['ignore', 'ignore_ament_install']
[0.280s] Level 1:colcon.colcon_core.package_identification:_identify(build) by extension 'ignore'
[0.280s] Level 1:colcon.colcon_core.package_identification:_identify(build) ignored
[0.280s] Level 1:colcon.colcon_core.package_identification:_identify(install) by extensions ['ignore', 'ignore_ament_install']
[0.280s] Level 1:colcon.colcon_core.package_identification:_identify(install) by extension 'ignore'
[0.280s] Level 1:colcon.colcon_core.package_identification:_identify(install) ignored
[0.280s] Level 1:colcon.colcon_core.package_identification:_identify(launch) by extensions ['ignore', 'ignore_ament_install']
[0.280s] Level 1:colcon.colcon_core.package_identification:_identify(launch) by extension 'ignore'
[0.281s] Level 1:colcon.colcon_core.package_identification:_identify(launch) by extension 'ignore_ament_install'
[0.281s] Level 1:colcon.colcon_core.package_identification:_identify(launch) by extensions ['colcon_pkg']
[0.281s] Level 1:colcon.colcon_core.package_identification:_identify(launch) by extension 'colcon_pkg'
[0.281s] Level 1:colcon.colcon_core.package_identification:_identify(launch) by extensions ['colcon_meta']
[0.281s] Level 1:colcon.colcon_core.package_identification:_identify(launch) by extension 'colcon_meta'
[0.281s] Level 1:colcon.colcon_core.package_identification:_identify(launch) by extensions ['ros']
[0.281s] Level 1:colcon.colcon_core.package_identification:_identify(launch) by extension 'ros'
[0.281s] Level 1:colcon.colcon_core.package_identification:_identify(launch) by extensions ['cmake', 'python']
[0.281s] Level 1:colcon.colcon_core.package_identification:_identify(launch) by extension 'cmake'
[0.281s] Level 1:colcon.colcon_core.package_identification:_identify(launch) by extension 'python'
[0.281s] Level 1:colcon.colcon_core.package_identification:_identify(launch) by extensions ['python_setup_py']
[0.281s] Level 1:colcon.colcon_core.package_identification:_identify(launch) by extension 'python_setup_py'
[0.281s] Level 1:colcon.colcon_core.package_identification:_identify(log) by extensions ['ignore', 'ignore_ament_install']
[0.281s] Level 1:colcon.colcon_core.package_identification:_identify(log) by extension 'ignore'
[0.281s] Level 1:colcon.colcon_core.package_identification:_identify(log) ignored
[0.281s] Level 1:colcon.colcon_core.package_identification:_identify(src) by extensions ['ignore', 'ignore_ament_install']
[0.281s] Level 1:colcon.colcon_core.package_identification:_identify(src) by extension 'ignore'
[0.282s] Level 1:colcon.colcon_core.package_identification:_identify(src) by extension 'ignore_ament_install'
[0.282s] Level 1:colcon.colcon_core.package_identification:_identify(src) by extensions ['colcon_pkg']
[0.282s] Level 1:colcon.colcon_core.package_identification:_identify(src) by extension 'colcon_pkg'
[0.282s] Level 1:colcon.colcon_core.package_identification:_identify(src) by extensions ['colcon_meta']
[0.282s] Level 1:colcon.colcon_core.package_identification:_identify(src) by extension 'colcon_meta'
[0.282s] Level 1:colcon.colcon_core.package_identification:_identify(src) by extensions ['ros']
[0.282s] Level 1:colcon.colcon_core.package_identification:_identify(src) by extension 'ros'
[0.282s] Level 1:colcon.colcon_core.package_identification:_identify(src) by extensions ['cmake', 'python']
[0.282s] Level 1:colcon.colcon_core.package_identification:_identify(src) by extension 'cmake'
[0.282s] Level 1:colcon.colcon_core.package_identification:_identify(src) by extension 'python'
[0.282s] Level 1:colcon.colcon_core.package_identification:_identify(src) by extensions ['python_setup_py']
[0.282s] Level 1:colcon.colcon_core.package_identification:_identify(src) by extension 'python_setup_py'
[0.282s] Level 1:colcon.colcon_core.package_identification:_identify(src/kinect_ros2) by extensions ['ignore', 'ignore_ament_install']
[0.282s] Level 1:colcon.colcon_core.package_identification:_identify(src/kinect_ros2) by extension 'ignore'
[0.282s] Level 1:colcon.colcon_core.package_identification:_identify(src/kinect_ros2) by extension 'ignore_ament_install'
[0.282s] Level 1:colcon.colcon_core.package_identification:_identify(src/kinect_ros2) by extensions ['colcon_pkg']
[0.282s] Level 1:colcon.colcon_core.package_identification:_identify(src/kinect_ros2) by extension 'colcon_pkg'
[0.282s] Level 1:colcon.colcon_core.package_identification:_identify(src/kinect_ros2) by extensions ['colcon_meta']
[0.282s] Level 1:colcon.colcon_core.package_identification:_identify(src/kinect_ros2) by extension 'colcon_meta'
[0.283s] Level 1:colcon.colcon_core.package_identification:_identify(src/kinect_ros2) by extensions ['ros']
[0.283s] Level 1:colcon.colcon_core.package_identification:_identify(src/kinect_ros2) by extension 'ros'
[0.286s] DEBUG:colcon.colcon_core.package_identification:Package 'src/kinect_ros2' with type 'ros.ament_cmake' and name 'kinect_ros2'
[0.286s] Level 1:colcon.colcon_core.package_identification:_identify(src/rafeeq_bringup) by extensions ['ignore', 'ignore_ament_install']
[0.286s] Level 1:colcon.colcon_core.package_identification:_identify(src/rafeeq_bringup) by extension 'ignore'
[0.286s] Level 1:colcon.colcon_core.package_identification:_identify(src/rafeeq_bringup) by extension 'ignore_ament_install'
[0.286s] Level 1:colcon.colcon_core.package_identification:_identify(src/rafeeq_bringup) by extensions ['colcon_pkg']
[0.286s] Level 1:colcon.colcon_core.package_identification:_identify(src/rafeeq_bringup) by extension 'colcon_pkg'
[0.286s] Level 1:colcon.colcon_core.package_identification:_identify(src/rafeeq_bringup) by extensions ['colcon_meta']
[0.286s] Level 1:colcon.colcon_core.package_identification:_identify(src/rafeeq_bringup) by extension 'colcon_meta'
[0.286s] Level 1:colcon.colcon_core.package_identification:_identify(src/rafeeq_bringup) by extensions ['ros']
[0.286s] Level 1:colcon.colcon_core.package_identification:_identify(src/rafeeq_bringup) by extension 'ros'
[0.287s] DEBUG:colcon.colcon_core.package_identification:Package 'src/rafeeq_bringup' with type 'ros.ament_cmake' and name 'rafeeq_bringup'
[0.287s] Level 1:colcon.colcon_core.package_identification:_identify(src/rafeeq_description) by extensions ['ignore', 'ignore_ament_install']
[0.287s] Level 1:colcon.colcon_core.package_identification:_identify(src/rafeeq_description) by extension 'ignore'
[0.287s] Level 1:colcon.colcon_core.package_identification:_identify(src/rafeeq_description) by extension 'ignore_ament_install'
[0.287s] Level 1:colcon.colcon_core.package_identification:_identify(src/rafeeq_description) by extensions ['colcon_pkg']
[0.287s] Level 1:colcon.colcon_core.package_identification:_identify(src/rafeeq_description) by extension 'colcon_pkg'
[0.287s] Level 1:colcon.colcon_core.package_identification:_identify(src/rafeeq_description) by extensions ['colcon_meta']
[0.287s] Level 1:colcon.colcon_core.package_identification:_identify(src/rafeeq_description) by extension 'colcon_meta'
[0.287s] Level 1:colcon.colcon_core.package_identification:_identify(src/rafeeq_description) by extensions ['ros']
[0.287s] Level 1:colcon.colcon_core.package_identification:_identify(src/rafeeq_description) by extension 'ros'
[0.288s] DEBUG:colcon.colcon_core.package_identification:Package 'src/rafeeq_description' with type 'ros.ament_python' and name 'rafeeq_description'
[0.288s] Level 1:colcon.colcon_core.package_identification:_identify(src/rafeeq_localization) by extensions ['ignore', 'ignore_ament_install']
[0.288s] Level 1:colcon.colcon_core.package_identification:_identify(src/rafeeq_localization) by extension 'ignore'
[0.288s] Level 1:colcon.colcon_core.package_identification:_identify(src/rafeeq_localization) by extension 'ignore_ament_install'
[0.288s] Level 1:colcon.colcon_core.package_identification:_identify(src/rafeeq_localization) by extensions ['colcon_pkg']
[0.288s] Level 1:colcon.colcon_core.package_identification:_identify(src/rafeeq_localization) by extension 'colcon_pkg'
[0.288s] Level 1:colcon.colcon_core.package_identification:_identify(src/rafeeq_localization) by extensions ['colcon_meta']
[0.288s] Level 1:colcon.colcon_core.package_identification:_identify(src/rafeeq_localization) by extension 'colcon_meta'
[0.288s] Level 1:colcon.colcon_core.package_identification:_identify(src/rafeeq_localization) by extensions ['ros']
[0.288s] Level 1:colcon.colcon_core.package_identification:_identify(src/rafeeq_localization) by extension 'ros'
[0.289s] DEBUG:colcon.colcon_core.package_identification:Package 'src/rafeeq_localization' with type 'ros.ament_cmake' and name 'rafeeq_localization'
[0.289s] Level 1:colcon.colcon_core.package_identification:_identify(src/rafeeq_navigation) by extensions ['ignore', 'ignore_ament_install']
[0.289s] Level 1:colcon.colcon_core.package_identification:_identify(src/rafeeq_navigation) by extension 'ignore'
[0.290s] Level 1:colcon.colcon_core.package_identification:_identify(src/rafeeq_navigation) by extension 'ignore_ament_install'
[0.290s] Level 1:colcon.colcon_core.package_identification:_identify(src/rafeeq_navigation) by extensions ['colcon_pkg']
[0.290s] Level 1:colcon.colcon_core.package_identification:_identify(src/rafeeq_navigation) by extension 'colcon_pkg'
[0.290s] Level 1:colcon.colcon_core.package_identification:_identify(src/rafeeq_navigation) by extensions ['colcon_meta']
[0.290s] Level 1:colcon.colcon_core.package_identification:_identify(src/rafeeq_navigation) by extension 'colcon_meta'
[0.290s] Level 1:colcon.colcon_core.package_identification:_identify(src/rafeeq_navigation) by extensions ['ros']
[0.290s] Level 1:colcon.colcon_core.package_identification:_identify(src/rafeeq_navigation) by extension 'ros'
[0.290s] DEBUG:colcon.colcon_core.package_identification:Package 'src/rafeeq_navigation' with type 'ros.ament_cmake' and name 'rafeeq_navigation'
[0.290s] Level 1:colcon.colcon_core.package_identification:_identify(src/rafeeq_slam) by extensions ['ignore', 'ignore_ament_install']
[0.291s] Level 1:colcon.colcon_core.package_identification:_identify(src/rafeeq_slam) by extension 'ignore'
[0.291s] Level 1:colcon.colcon_core.package_identification:_identify(src/rafeeq_slam) by extension 'ignore_ament_install'
[0.291s] Level 1:colcon.colcon_core.package_identification:_identify(src/rafeeq_slam) by extensions ['colcon_pkg']
[0.291s] Level 1:colcon.colcon_core.package_identification:_identify(src/rafeeq_slam) by extension 'colcon_pkg'
[0.291s] Level 1:colcon.colcon_core.package_identification:_identify(src/rafeeq_slam) by extensions ['colcon_meta']
[0.291s] Level 1:colcon.colcon_core.package_identification:_identify(src/rafeeq_slam) by extension 'colcon_meta'
[0.291s] Level 1:colcon.colcon_core.package_identification:_identify(src/rafeeq_slam) by extensions ['ros']
[0.291s] Level 1:colcon.colcon_core.package_identification:_identify(src/rafeeq_slam) by extension 'ros'
[0.291s] DEBUG:colcon.colcon_core.package_identification:Package 'src/rafeeq_slam' with type 'ros.ament_cmake' and name 'rafeeq_slam'
[0.291s] Level 1:colcon.colcon_core.package_identification:_identify(src/rafeeq_speech) by extensions ['ignore', 'ignore_ament_install']
[0.291s] Level 1:colcon.colcon_core.package_identification:_identify(src/rafeeq_speech) by extension 'ignore'
[0.291s] Level 1:colcon.colcon_core.package_identification:_identify(src/rafeeq_speech) by extension 'ignore_ament_install'
[0.291s] Level 1:colcon.colcon_core.package_identification:_identify(src/rafeeq_speech) by extensions ['colcon_pkg']
[0.291s] Level 1:colcon.colcon_core.package_identification:_identify(src/rafeeq_speech) by extension 'colcon_pkg'
[0.291s] Level 1:colcon.colcon_core.package_identification:_identify(src/rafeeq_speech) by extensions ['colcon_meta']
[0.292s] Level 1:colcon.colcon_core.package_identification:_identify(src/rafeeq_speech) by extension 'colcon_meta'
[0.292s] Level 1:colcon.colcon_core.package_identification:_identify(src/rafeeq_speech) by extensions ['ros']
[0.292s] Level 1:colcon.colcon_core.package_identification:_identify(src/rafeeq_speech) by extension 'ros'
[0.292s] DEBUG:colcon.colcon_core.package_identification:Package 'src/rafeeq_speech' with type 'ros.ament_cmake' and name 'rafeeq_speech'
[0.292s] Level 1:colcon.colcon_core.package_identification:_identify(src/serial_node) by extensions ['ignore', 'ignore_ament_install']
[0.292s] Level 1:colcon.colcon_core.package_identification:_identify(src/serial_node) by extension 'ignore'
[0.292s] Level 1:colcon.colcon_core.package_identification:_identify(src/serial_node) by extension 'ignore_ament_install'
[0.292s] Level 1:colcon.colcon_core.package_identification:_identify(src/serial_node) by extensions ['colcon_pkg']
[0.292s] Level 1:colcon.colcon_core.package_identification:_identify(src/serial_node) by extension 'colcon_pkg'
[0.292s] Level 1:colcon.colcon_core.package_identification:_identify(src/serial_node) by extensions ['colcon_meta']
[0.292s] Level 1:colcon.colcon_core.package_identification:_identify(src/serial_node) by extension 'colcon_meta'
[0.292s] Level 1:colcon.colcon_core.package_identification:_identify(src/serial_node) by extensions ['ros']
[0.293s] Level 1:colcon.colcon_core.package_identification:_identify(src/serial_node) by extension 'ros'
[0.293s] DEBUG:colcon.colcon_core.package_identification:Package 'src/serial_node' with type 'ros.ament_python' and name 'serial_node'
[0.293s] Level 1:colcon.colcon_core.package_identification:_identify(src/sllidar_ros2) by extensions ['ignore', 'ignore_ament_install']
[0.294s] Level 1:colcon.colcon_core.package_identification:_identify(src/sllidar_ros2) by extension 'ignore'
[0.294s] Level 1:colcon.colcon_core.package_identification:_identify(src/sllidar_ros2) by extension 'ignore_ament_install'
[0.294s] Level 1:colcon.colcon_core.package_identification:_identify(src/sllidar_ros2) by extensions ['colcon_pkg']
[0.294s] Level 1:colcon.colcon_core.package_identification:_identify(src/sllidar_ros2) by extension 'colcon_pkg'
[0.294s] Level 1:colcon.colcon_core.package_identification:_identify(src/sllidar_ros2) by extensions ['colcon_meta']
[0.294s] Level 1:colcon.colcon_core.package_identification:_identify(src/sllidar_ros2) by extension 'colcon_meta'
[0.294s] Level 1:colcon.colcon_core.package_identification:_identify(src/sllidar_ros2) by extensions ['ros']
[0.294s] Level 1:colcon.colcon_core.package_identification:_identify(src/sllidar_ros2) by extension 'ros'
[0.294s] DEBUG:colcon.colcon_core.package_identification:Package 'src/sllidar_ros2' with type 'ros.ament_cmake' and name 'sllidar_ros2'
[0.295s] Level 1:colcon.colcon_core.package_identification:_identify(src/usb_cam) by extensions ['ignore', 'ignore_ament_install']
[0.295s] Level 1:colcon.colcon_core.package_identification:_identify(src/usb_cam) by extension 'ignore'
[0.295s] Level 1:colcon.colcon_core.package_identification:_identify(src/usb_cam) by extension 'ignore_ament_install'
[0.295s] Level 1:colcon.colcon_core.package_identification:_identify(src/usb_cam) by extensions ['colcon_pkg']
[0.295s] Level 1:colcon.colcon_core.package_identification:_identify(src/usb_cam) by extension 'colcon_pkg'
[0.295s] Level 1:colcon.colcon_core.package_identification:_identify(src/usb_cam) by extensions ['colcon_meta']
[0.295s] Level 1:colcon.colcon_core.package_identification:_identify(src/usb_cam) by extension 'colcon_meta'
[0.295s] Level 1:colcon.colcon_core.package_identification:_identify(src/usb_cam) by extensions ['ros']
[0.295s] Level 1:colcon.colcon_core.package_identification:_identify(src/usb_cam) by extension 'ros'
[0.296s] DEBUG:colcon.colcon_core.package_identification:Package 'src/usb_cam' with type 'ros.ament_cmake' and name 'usb_cam'
[0.296s] Level 1:colcon.colcon_core.package_discovery:discover_packages(recursive) using defaults
[0.296s] Level 1:colcon.colcon_core.package_discovery:discover_packages(ignore) discover
[0.296s] Level 1:colcon.colcon_core.package_discovery:discover_packages(ignore) using defaults
[0.296s] Level 1:colcon.colcon_core.package_discovery:discover_packages(path) discover
[0.296s] Level 1:colcon.colcon_core.package_discovery:discover_packages(path) using defaults
[0.318s] Level 1:colcon.colcon_core.package_discovery:discover_packages(prefix_path) check parameters
[0.318s] Level 1:colcon.colcon_core.package_discovery:discover_packages(prefix_path) discover
[0.323s] DEBUG:colcon.colcon_installed_package_information.package_discovery:Found 13 installed packages in /home/nour-mahgoub/Graduation_Rafeeq/install
[0.325s] DEBUG:colcon.colcon_installed_package_information.package_discovery:Found 460 installed packages in /opt/ros/jazzy
[0.327s] Level 1:colcon.colcon_core.package_discovery:discover_packages(prefix_path) using defaults
[0.391s] Level 5:colcon.colcon_core.verb:set package 'kinect_ros2' build argument 'cmake_args' from command line to 'None'
[0.391s] Level 5:colcon.colcon_core.verb:set package 'kinect_ros2' build argument 'cmake_target' from command line to 'None'
[0.391s] Level 5:colcon.colcon_core.verb:set package 'kinect_ros2' build argument 'cmake_target_skip_unavailable' from command line to 'False'
[0.391s] Level 5:colcon.colcon_core.verb:set package 'kinect_ros2' build argument 'cmake_clean_cache' from command line to 'False'
[0.391s] Level 5:colcon.colcon_core.verb:set package 'kinect_ros2' build argument 'cmake_clean_first' from command line to 'False'
[0.391s] Level 5:colcon.colcon_core.verb:set package 'kinect_ros2' build argument 'cmake_force_configure' from command line to 'False'
[0.391s] Level 5:colcon.colcon_core.verb:set package 'kinect_ros2' build argument 'ament_cmake_args' from command line to 'None'
[0.391s] Level 5:colcon.colcon_core.verb:set package 'kinect_ros2' build argument 'catkin_cmake_args' from command line to 'None'
[0.391s] Level 5:colcon.colcon_core.verb:set package 'kinect_ros2' build argument 'catkin_skip_building_tests' from command line to 'False'
[0.391s] DEBUG:colcon.colcon_core.verb:Building package 'kinect_ros2' with the following arguments: {'ament_cmake_args': None, 'build_base': '/home/nour-mahgoub/Graduation_Rafeeq/build/kinect_ros2', 'catkin_cmake_args': None, 'catkin_skip_building_tests': False, 'cmake_args': None, 'cmake_clean_cache': False, 'cmake_clean_first': False, 'cmake_force_configure': False, 'cmake_target': None, 'cmake_target_skip_unavailable': False, 'install_base': '/home/nour-mahgoub/Graduation_Rafeeq/install/kinect_ros2', 'merge_install': False, 'path': '/home/nour-mahgoub/Graduation_Rafeeq/src/kinect_ros2', 'symlink_install': False, 'test_result_base': None}
[0.392s] Level 5:colcon.colcon_core.verb:set package 'rafeeq_bringup' build argument 'cmake_args' from command line to 'None'
[0.392s] Level 5:colcon.colcon_core.verb:set package 'rafeeq_bringup' build argument 'cmake_target' from command line to 'None'
[0.392s] Level 5:colcon.colcon_core.verb:set package 'rafeeq_bringup' build argument 'cmake_target_skip_unavailable' from command line to 'False'
[0.392s] Level 5:colcon.colcon_core.verb:set package 'rafeeq_bringup' build argument 'cmake_clean_cache' from command line to 'False'
[0.392s] Level 5:colcon.colcon_core.verb:set package 'rafeeq_bringup' build argument 'cmake_clean_first' from command line to 'False'
[0.392s] Level 5:colcon.colcon_core.verb:set package 'rafeeq_bringup' build argument 'cmake_force_configure' from command line to 'False'
[0.392s] Level 5:colcon.colcon_core.verb:set package 'rafeeq_bringup' build argument 'ament_cmake_args' from command line to 'None'
[0.392s] Level 5:colcon.colcon_core.verb:set package 'rafeeq_bringup' build argument 'catkin_cmake_args' from command line to 'None'
[0.392s] Level 5:colcon.colcon_core.verb:set package 'rafeeq_bringup' build argument 'catkin_skip_building_tests' from command line to 'False'
[0.392s] DEBUG:colcon.colcon_core.verb:Building package 'rafeeq_bringup' with the following arguments: {'ament_cmake_args': None, 'build_base': '/home/nour-mahgoub/Graduation_Rafeeq/build/rafeeq_bringup', 'catkin_cmake_args': None, 'catkin_skip_building_tests': False, 'cmake_args': None, 'cmake_clean_cache': False, 'cmake_clean_first': False, 'cmake_force_configure': False, 'cmake_target': None, 'cmake_target_skip_unavailable': False, 'install_base': '/home/nour-mahgoub/Graduation_Rafeeq/install/rafeeq_bringup', 'merge_install': False, 'path': '/home/nour-mahgoub/Graduation_Rafeeq/src/rafeeq_bringup', 'symlink_install': False, 'test_result_base': None}
[0.392s] Level 5:colcon.colcon_core.verb:set package 'rafeeq_description' build argument 'cmake_args' from command line to 'None'
[0.392s] Level 5:colcon.colcon_core.verb:set package 'rafeeq_description' build argument 'cmake_target' from command line to 'None'
[0.392s] Level 5:colcon.colcon_core.verb:set package 'rafeeq_description' build argument 'cmake_target_skip_unavailable' from command line to 'False'
[0.392s] Level 5:colcon.colcon_core.verb:set package 'rafeeq_description' build argument 'cmake_clean_cache' from command line to 'False'
[0.392s] Level 5:colcon.colcon_core.verb:set package 'rafeeq_description' build argument 'cmake_clean_first' from command line to 'False'
[0.392s] Level 5:colcon.colcon_core.verb:set package 'rafeeq_description' build argument 'cmake_force_configure' from command line to 'False'
[0.392s] Level 5:colcon.colcon_core.verb:set package 'rafeeq_description' build argument 'ament_cmake_args' from command line to 'None'
[0.392s] Level 5:colcon.colcon_core.verb:set package 'rafeeq_description' build argument 'catkin_cmake_args' from command line to 'None'
[0.392s] Level 5:colcon.colcon_core.verb:set package 'rafeeq_description' build argument 'catkin_skip_building_tests' from command line to 'False'
[0.392s] DEBUG:colcon.colcon_core.verb:Building package 'rafeeq_description' with the following arguments: {'ament_cmake_args': None, 'build_base': '/home/nour-mahgoub/Graduation_Rafeeq/build/rafeeq_description', 'catkin_cmake_args': None, 'catkin_skip_building_tests': False, 'cmake_args': None, 'cmake_clean_cache': False, 'cmake_clean_first': False, 'cmake_force_configure': False, 'cmake_target': None, 'cmake_target_skip_unavailable': False, 'install_base': '/home/nour-mahgoub/Graduation_Rafeeq/install/rafeeq_description', 'merge_install': False, 'path': '/home/nour-mahgoub/Graduation_Rafeeq/src/rafeeq_description', 'symlink_install': False, 'test_result_base': None}
[0.393s] Level 5:colcon.colcon_core.verb:set package 'rafeeq_localization' build argument 'cmake_args' from command line to 'None'
[0.393s] Level 5:colcon.colcon_core.verb:set package 'rafeeq_localization' build argument 'cmake_target' from command line to 'None'
[0.393s] Level 5:colcon.colcon_core.verb:set package 'rafeeq_localization' build argument 'cmake_target_skip_unavailable' from command line to 'False'
[0.393s] Level 5:colcon.colcon_core.verb:set package 'rafeeq_localization' build argument 'cmake_clean_cache' from command line to 'False'
[0.393s] Level 5:colcon.colcon_core.verb:set package 'rafeeq_localization' build argument 'cmake_clean_first' from command line to 'False'
[0.393s] Level 5:colcon.colcon_core.verb:set package 'rafeeq_localization' build argument 'cmake_force_configure' from command line to 'False'
[0.393s] Level 5:colcon.colcon_core.verb:set package 'rafeeq_localization' build argument 'ament_cmake_args' from command line to 'None'
[0.393s] Level 5:colcon.colcon_core.verb:set package 'rafeeq_localization' build argument 'catkin_cmake_args' from command line to 'None'
[0.393s] Level 5:colcon.colcon_core.verb:set package 'rafeeq_localization' build argument 'catkin_skip_building_tests' from command line to 'False'
[0.393s] DEBUG:colcon.colcon_core.verb:Building package 'rafeeq_localization' with the following arguments: {'ament_cmake_args': None, 'build_base': '/home/nour-mahgoub/Graduation_Rafeeq/build/rafeeq_localization', 'catkin_cmake_args': None, 'catkin_skip_building_tests': False, 'cmake_args': None, 'cmake_clean_cache': False, 'cmake_clean_first': False, 'cmake_force_configure': False, 'cmake_target': None, 'cmake_target_skip_unavailable': False, 'install_base': '/home/nour-mahgoub/Graduation_Rafeeq/install/rafeeq_localization', 'merge_install': False, 'path': '/home/nour-mahgoub/Graduation_Rafeeq/src/rafeeq_localization', 'symlink_install': False, 'test_result_base': None}
[0.393s] Level 5:colcon.colcon_core.verb:set package 'rafeeq_navigation' build argument 'cmake_args' from command line to 'None'
[0.393s] Level 5:colcon.colcon_core.verb:set package 'rafeeq_navigation' build argument 'cmake_target' from command line to 'None'
[0.393s] Level 5:colcon.colcon_core.verb:set package 'rafeeq_navigation' build argument 'cmake_target_skip_unavailable' from command line to 'False'
[0.393s] Level 5:colcon.colcon_core.verb:set package 'rafeeq_navigation' build argument 'cmake_clean_cache' from command line to 'False'
[0.393s] Level 5:colcon.colcon_core.verb:set package 'rafeeq_navigation' build argument 'cmake_clean_first' from command line to 'False'
[0.393s] Level 5:colcon.colcon_core.verb:set package 'rafeeq_navigation' build argument 'cmake_force_configure' from command line to 'False'
[0.393s] Level 5:colcon.colcon_core.verb:set package 'rafeeq_navigation' build argument 'ament_cmake_args' from command line to 'None'
[0.393s] Level 5:colcon.colcon_core.verb:set package 'rafeeq_navigation' build argument 'catkin_cmake_args' from command line to 'None'
[0.393s] Level 5:colcon.colcon_core.verb:set package 'rafeeq_navigation' build argument 'catkin_skip_building_tests' from command line to 'False'
[0.393s] DEBUG:colcon.colcon_core.verb:Building package 'rafeeq_navigation' with the following arguments: {'ament_cmake_args': None, 'build_base': '/home/nour-mahgoub/Graduation_Rafeeq/build/rafeeq_navigation', 'catkin_cmake_args': None, 'catkin_skip_building_tests': False, 'cmake_args': None, 'cmake_clean_cache': False, 'cmake_clean_first': False, 'cmake_force_configure': False, 'cmake_target': None, 'cmake_target_skip_unavailable': False, 'install_base': '/home/nour-mahgoub/Graduation_Rafeeq/install/rafeeq_navigation', 'merge_install': False, 'path': '/home/nour-mahgoub/Graduation_Rafeeq/src/rafeeq_navigation', 'symlink_install': False, 'test_result_base': None}
[0.393s] Level 5:colcon.colcon_core.verb:set package 'rafeeq_slam' build argument 'cmake_args' from command line to 'None'
[0.394s] Level 5:colcon.colcon_core.verb:set package 'rafeeq_slam' build argument 'cmake_target' from command line to 'None'
[0.394s] Level 5:colcon.colcon_core.verb:set package 'rafeeq_slam' build argument 'cmake_target_skip_unavailable' from command line to 'False'
[0.394s] Level 5:colcon.colcon_core.verb:set package 'rafeeq_slam' build argument 'cmake_clean_cache' from command line to 'False'
[0.394s] Level 5:colcon.colcon_core.verb:set package 'rafeeq_slam' build argument 'cmake_clean_first' from command line to 'False'
[0.394s] Level 5:colcon.colcon_core.verb:set package 'rafeeq_slam' build argument 'cmake_force_configure' from command line to 'False'
[0.394s] Level 5:colcon.colcon_core.verb:set package 'rafeeq_slam' build argument 'ament_cmake_args' from command line to 'None'
[0.394s] Level 5:colcon.colcon_core.verb:set package 'rafeeq_slam' build argument 'catkin_cmake_args' from command line to 'None'
[0.394s] Level 5:colcon.colcon_core.verb:set package 'rafeeq_slam' build argument 'catkin_skip_building_tests' from command line to 'False'
[0.394s] DEBUG:colcon.colcon_core.verb:Building package 'rafeeq_slam' with the following arguments: {'ament_cmake_args': None, 'build_base': '/home/nour-mahgoub/Graduation_Rafeeq/build/rafeeq_slam', 'catkin_cmake_args': None, 'catkin_skip_building_tests': False, 'cmake_args': None, 'cmake_clean_cache': False, 'cmake_clean_first': False, 'cmake_force_configure': False, 'cmake_target': None, 'cmake_target_skip_unavailable': False, 'install_base': '/home/nour-mahgoub/Graduation_Rafeeq/install/rafeeq_slam', 'merge_install': False, 'path': '/home/nour-mahgoub/Graduation_Rafeeq/src/rafeeq_slam', 'symlink_install': False, 'test_result_base': None}
[0.394s] Level 5:colcon.colcon_core.verb:set package 'rafeeq_speech' build argument 'cmake_args' from command line to 'None'
[0.394s] Level 5:colcon.colcon_core.verb:set package 'rafeeq_speech' build argument 'cmake_target' from command line to 'None'
[0.394s] Level 5:colcon.colcon_core.verb:set package 'rafeeq_speech' build argument 'cmake_target_skip_unavailable' from command line to 'False'
[0.394s] Level 5:colcon.colcon_core.verb:set package 'rafeeq_speech' build argument 'cmake_clean_cache' from command line to 'False'
[0.394s] Level 5:colcon.colcon_core.verb:set package 'rafeeq_speech' build argument 'cmake_clean_first' from command line to 'False'
[0.394s] Level 5:colcon.colcon_core.verb:set package 'rafeeq_speech' build argument 'cmake_force_configure' from command line to 'False'
[0.394s] Level 5:colcon.colcon_core.verb:set package 'rafeeq_speech' build argument 'ament_cmake_args' from command line to 'None'
[0.394s] Level 5:colcon.colcon_core.verb:set package 'rafeeq_speech' build argument 'catkin_cmake_args' from command line to 'None'
[0.394s] Level 5:colcon.colcon_core.verb:set package 'rafeeq_speech' build argument 'catkin_skip_building_tests' from command line to 'False'
[0.394s] DEBUG:colcon.colcon_core.verb:Building package 'rafeeq_speech' with the following arguments: {'ament_cmake_args': None, 'build_base': '/home/nour-mahgoub/Graduation_Rafeeq/build/rafeeq_speech', 'catkin_cmake_args': None, 'catkin_skip_building_tests': False, 'cmake_args': None, 'cmake_clean_cache': False, 'cmake_clean_first': False, 'cmake_force_configure': False, 'cmake_target': None, 'cmake_target_skip_unavailable': False, 'install_base': '/home/nour-mahgoub/Graduation_Rafeeq/install/rafeeq_speech', 'merge_install': False, 'path': '/home/nour-mahgoub/Graduation_Rafeeq/src/rafeeq_speech', 'symlink_install': False, 'test_result_base': None}
[0.394s] Level 5:colcon.colcon_core.verb:set package 'serial_node' build argument 'cmake_args' from command line to 'None'
[0.394s] Level 5:colcon.colcon_core.verb:set package 'serial_node' build argument 'cmake_target' from command line to 'None'
[0.394s] Level 5:colcon.colcon_core.verb:set package 'serial_node' build argument 'cmake_target_skip_unavailable' from command line to 'False'
[0.395s] Level 5:colcon.colcon_core.verb:set package 'serial_node' build argument 'cmake_clean_cache' from command line to 'False'
[0.395s] Level 5:colcon.colcon_core.verb:set package 'serial_node' build argument 'cmake_clean_first' from command line to 'False'
[0.395s] Level 5:colcon.colcon_core.verb:set package 'serial_node' build argument 'cmake_force_configure' from command line to 'False'
[0.395s] Level 5:colcon.colcon_core.verb:set package 'serial_node' build argument 'ament_cmake_args' from command line to 'None'
[0.395s] Level 5:colcon.colcon_core.verb:set package 'serial_node' build argument 'catkin_cmake_args' from command line to 'None'
[0.395s] Level 5:colcon.colcon_core.verb:set package 'serial_node' build argument 'catkin_skip_building_tests' from command line to 'False'
[0.395s] DEBUG:colcon.colcon_core.verb:Building package 'serial_node' with the following arguments: {'ament_cmake_args': None, 'build_base': '/home/nour-mahgoub/Graduation_Rafeeq/build/serial_node', 'catkin_cmake_args': None, 'catkin_skip_building_tests': False, 'cmake_args': None, 'cmake_clean_cache': False, 'cmake_clean_first': False, 'cmake_force_configure': False, 'cmake_target': None, 'cmake_target_skip_unavailable': False, 'install_base': '/home/nour-mahgoub/Graduation_Rafeeq/install/serial_node', 'merge_install': False, 'path': '/home/nour-mahgoub/Graduation_Rafeeq/src/serial_node', 'symlink_install': False, 'test_result_base': None}
[0.395s] Level 5:colcon.colcon_core.verb:set package 'sllidar_ros2' build argument 'cmake_args' from command line to 'None'
[0.395s] Level 5:colcon.colcon_core.verb:set package 'sllidar_ros2' build argument 'cmake_target' from command line to 'None'
[0.395s] Level 5:colcon.colcon_core.verb:set package 'sllidar_ros2' build argument 'cmake_target_skip_unavailable' from command line to 'False'
[0.395s] Level 5:colcon.colcon_core.verb:set package 'sllidar_ros2' build argument 'cmake_clean_cache' from command line to 'False'
[0.395s] Level 5:colcon.colcon_core.verb:set package 'sllidar_ros2' build argument 'cmake_clean_first' from command line to 'False'
[0.395s] Level 5:colcon.colcon_core.verb:set package 'sllidar_ros2' build argument 'cmake_force_configure' from command line to 'False'
[0.395s] Level 5:colcon.colcon_core.verb:set package 'sllidar_ros2' build argument 'ament_cmake_args' from command line to 'None'
[0.395s] Level 5:colcon.colcon_core.verb:set package 'sllidar_ros2' build argument 'catkin_cmake_args' from command line to 'None'
[0.395s] Level 5:colcon.colcon_core.verb:set package 'sllidar_ros2' build argument 'catkin_skip_building_tests' from command line to 'False'
[0.395s] DEBUG:colcon.colcon_core.verb:Building package 'sllidar_ros2' with the following arguments: {'ament_cmake_args': None, 'build_base': '/home/nour-mahgoub/Graduation_Rafeeq/build/sllidar_ros2', 'catkin_cmake_args': None, 'catkin_skip_building_tests': False, 'cmake_args': None, 'cmake_clean_cache': False, 'cmake_clean_first': False, 'cmake_force_configure': False, 'cmake_target': None, 'cmake_target_skip_unavailable': False, 'install_base': '/home/nour-mahgoub/Graduation_Rafeeq/install/sllidar_ros2', 'merge_install': False, 'path': '/home/nour-mahgoub/Graduation_Rafeeq/src/sllidar_ros2', 'symlink_install': False, 'test_result_base': None}
[0.395s] Level 5:colcon.colcon_core.verb:set package 'usb_cam' build argument 'cmake_args' from command line to 'None'
[0.395s] Level 5:colcon.colcon_core.verb:set package 'usb_cam' build argument 'cmake_target' from command line to 'None'
[0.395s] Level 5:colcon.colcon_core.verb:set package 'usb_cam' build argument 'cmake_target_skip_unavailable' from command line to 'False'
[0.395s] Level 5:colcon.colcon_core.verb:set package 'usb_cam' build argument 'cmake_clean_cache' from command line to 'False'
[0.395s] Level 5:colcon.colcon_core.verb:set package 'usb_cam' build argument 'cmake_clean_first' from command line to 'False'
[0.395s] Level 5:colcon.colcon_core.verb:set package 'usb_cam' build argument 'cmake_force_configure' from command line to 'False'
[0.395s] Level 5:colcon.colcon_core.verb:set package 'usb_cam' build argument 'ament_cmake_args' from command line to 'None'
[0.396s] Level 5:colcon.colcon_core.verb:set package 'usb_cam' build argument 'catkin_cmake_args' from command line to 'None'
[0.396s] Level 5:colcon.colcon_core.verb:set package 'usb_cam' build argument 'catkin_skip_building_tests' from command line to 'False'
[0.396s] DEBUG:colcon.colcon_core.verb:Building package 'usb_cam' with the following arguments: {'ament_cmake_args': None, 'build_base': '/home/nour-mahgoub/Graduation_Rafeeq/build/usb_cam', 'catkin_cmake_args': None, 'catkin_skip_building_tests': False, 'cmake_args': None, 'cmake_clean_cache': False, 'cmake_clean_first': False, 'cmake_force_configure': False, 'cmake_target': None, 'cmake_target_skip_unavailable': False, 'install_base': '/home/nour-mahgoub/Graduation_Rafeeq/install/usb_cam', 'merge_install': False, 'path': '/home/nour-mahgoub/Graduation_Rafeeq/src/usb_cam', 'symlink_install': False, 'test_result_base': None}
[0.396s] INFO:colcon.colcon_core.executor:Executing jobs using 'parallel' executor
[0.397s] DEBUG:colcon.colcon_parallel_executor.executor.parallel:run_until_complete
[0.397s] INFO:colcon.colcon_ros.task.ament_cmake.build:Building ROS package in '/home/nour-mahgoub/Graduation_Rafeeq/src/kinect_ros2' with build type 'ament_cmake'
[0.397s] INFO:colcon.colcon_cmake.task.cmake.build:Building CMake package in '/home/nour-mahgoub/Graduation_Rafeeq/src/kinect_ros2'
[0.403s] INFO:colcon.colcon_core.plugin_system:Skipping extension 'colcon_core.shell.bat': Not used on non-Windows systems
[0.403s] INFO:colcon.colcon_core.shell:Skip shell extension 'powershell' for command environment: Not usable outside of PowerShell
[0.403s] DEBUG:colcon.colcon_core.shell:Skip shell extension 'dsv' for command environment
[0.408s] INFO:colcon.colcon_ros.task.ament_cmake.build:Building ROS package in '/home/nour-mahgoub/Graduation_Rafeeq/src/rafeeq_bringup' with build type 'ament_cmake'
[0.408s] INFO:colcon.colcon_cmake.task.cmake.build:Building CMake package in '/home/nour-mahgoub/Graduation_Rafeeq/src/rafeeq_bringup'
[0.409s] INFO:colcon.colcon_core.shell:Skip shell extension 'powershell' for command environment: Not usable outside of PowerShell
[0.409s] DEBUG:colcon.colcon_core.shell:Skip shell extension 'dsv' for command environment
[0.413s] INFO:colcon.colcon_ros.task.ament_python.build:Building ROS package in '/home/nour-mahgoub/Graduation_Rafeeq/src/rafeeq_description' with build type 'ament_python'
[0.413s] Level 1:colcon.colcon_core.shell:create_environment_hook('rafeeq_description', 'ament_prefix_path')
[0.413s] INFO:colcon.colcon_core.shell:Creating environment hook '/home/nour-mahgoub/Graduation_Rafeeq/install/rafeeq_description/share/rafeeq_description/hook/ament_prefix_path.ps1'
[0.414s] INFO:colcon.colcon_core.shell:Creating environment descriptor '/home/nour-mahgoub/Graduation_Rafeeq/install/rafeeq_description/share/rafeeq_description/hook/ament_prefix_path.dsv'
[0.414s] INFO:colcon.colcon_core.shell:Creating environment hook '/home/nour-mahgoub/Graduation_Rafeeq/install/rafeeq_description/share/rafeeq_description/hook/ament_prefix_path.sh'
[0.415s] INFO:colcon.colcon_core.shell:Skip shell extension 'powershell' for command environment: Not usable outside of PowerShell
[0.415s] DEBUG:colcon.colcon_core.shell:Skip shell extension 'dsv' for command environment
[0.419s] INFO:colcon.colcon_ros.task.ament_cmake.build:Building ROS package in '/home/nour-mahgoub/Graduation_Rafeeq/src/rafeeq_localization' with build type 'ament_cmake'
[0.419s] INFO:colcon.colcon_cmake.task.cmake.build:Building CMake package in '/home/nour-mahgoub/Graduation_Rafeeq/src/rafeeq_localization'
[0.419s] INFO:colcon.colcon_core.shell:Skip shell extension 'powershell' for command environment: Not usable outside of PowerShell
[0.419s] DEBUG:colcon.colcon_core.shell:Skip shell extension 'dsv' for command environment
[0.424s] INFO:colcon.colcon_ros.task.ament_cmake.build:Building ROS package in '/home/nour-mahgoub/Graduation_Rafeeq/src/rafeeq_navigation' with build type 'ament_cmake'
[0.424s] INFO:colcon.colcon_cmake.task.cmake.build:Building CMake package in '/home/nour-mahgoub/Graduation_Rafeeq/src/rafeeq_navigation'
[0.425s] INFO:colcon.colcon_core.shell:Skip shell extension 'powershell' for command environment: Not usable outside of PowerShell
[0.425s] DEBUG:colcon.colcon_core.shell:Skip shell extension 'dsv' for command environment
[0.430s] INFO:colcon.colcon_ros.task.ament_cmake.build:Building ROS package in '/home/nour-mahgoub/Graduation_Rafeeq/src/rafeeq_slam' with build type 'ament_cmake'
[0.430s] INFO:colcon.colcon_cmake.task.cmake.build:Building CMake package in '/home/nour-mahgoub/Graduation_Rafeeq/src/rafeeq_slam'
[0.430s] INFO:colcon.colcon_core.shell:Skip shell extension 'powershell' for command environment: Not usable outside of PowerShell
[0.430s] DEBUG:colcon.colcon_core.shell:Skip shell extension 'dsv' for command environment
[0.435s] INFO:colcon.colcon_ros.task.ament_cmake.build:Building ROS package in '/home/nour-mahgoub/Graduation_Rafeeq/src/rafeeq_speech' with build type 'ament_cmake'
[0.435s] INFO:colcon.colcon_cmake.task.cmake.build:Building CMake package in '/home/nour-mahgoub/Graduation_Rafeeq/src/rafeeq_speech'
[0.435s] INFO:colcon.colcon_core.shell:Skip shell extension 'powershell' for command environment: Not usable outside of PowerShell
[0.435s] DEBUG:colcon.colcon_core.shell:Skip shell extension 'dsv' for command environment
[0.440s] INFO:colcon.colcon_ros.task.ament_python.build:Building ROS package in '/home/nour-mahgoub/Graduation_Rafeeq/src/serial_node' with build type 'ament_python'
[0.440s] Level 1:colcon.colcon_core.shell:create_environment_hook('serial_node', 'ament_prefix_path')
[0.440s] INFO:colcon.colcon_core.shell:Creating environment hook '/home/nour-mahgoub/Graduation_Rafeeq/install/serial_node/share/serial_node/hook/ament_prefix_path.ps1'
[0.440s] INFO:colcon.colcon_core.shell:Creating environment descriptor '/home/nour-mahgoub/Graduation_Rafeeq/install/serial_node/share/serial_node/hook/ament_prefix_path.dsv'
[0.441s] INFO:colcon.colcon_core.shell:Creating environment hook '/home/nour-mahgoub/Graduation_Rafeeq/install/serial_node/share/serial_node/hook/ament_prefix_path.sh'
[0.441s] INFO:colcon.colcon_core.shell:Skip shell extension 'powershell' for command environment: Not usable outside of PowerShell
[0.441s] DEBUG:colcon.colcon_core.shell:Skip shell extension 'dsv' for command environment
[0.445s] INFO:colcon.colcon_ros.task.ament_cmake.build:Building ROS package in '/home/nour-mahgoub/Graduation_Rafeeq/src/sllidar_ros2' with build type 'ament_cmake'
[0.445s] INFO:colcon.colcon_cmake.task.cmake.build:Building CMake package in '/home/nour-mahgoub/Graduation_Rafeeq/src/sllidar_ros2'
[0.446s] INFO:colcon.colcon_core.shell:Skip shell extension 'powershell' for command environment: Not usable outside of PowerShell
[0.446s] DEBUG:colcon.colcon_core.shell:Skip shell extension 'dsv' for command environment
[0.450s] INFO:colcon.colcon_ros.task.ament_cmake.build:Building ROS package in '/home/nour-mahgoub/Graduation_Rafeeq/src/usb_cam' with build type 'ament_cmake'
[0.450s] INFO:colcon.colcon_cmake.task.cmake.build:Building CMake package in '/home/nour-mahgoub/Graduation_Rafeeq/src/usb_cam'
[0.450s] INFO:colcon.colcon_core.shell:Skip shell extension 'powershell' for command environment: Not usable outside of PowerShell
[0.450s] DEBUG:colcon.colcon_core.shell:Skip shell extension 'dsv' for command environment
[0.461s] DEBUG:colcon.colcon_core.event_handler.log_command:Invoking command in '/home/nour-mahgoub/Graduation_Rafeeq/build/kinect_ros2': CMAKE_PREFIX_PATH=${CMAKE_PREFIX_PATH}:/home/nour-mahgoub/Graduation_Rafeeq/install/view_robot_pkg:/home/nour-mahgoub/Graduation_Rafeeq/install/serial_node:/home/nour-mahgoub/Graduation_Rafeeq/install/rafeeq_description:/opt/ros/jazzy DEBUGINFOD_URLS=https://debuginfod.ubuntu.com /usr/bin/cmake --build /home/nour-mahgoub/Graduation_Rafeeq/build/kinect_ros2 -- -j20 -l20
[0.463s] DEBUG:colcon.colcon_core.event_handler.log_command:Invoking command in '/home/nour-mahgoub/Graduation_Rafeeq/build/rafeeq_bringup': CMAKE_PREFIX_PATH=${CMAKE_PREFIX_PATH}:/home/nour-mahgoub/Graduation_Rafeeq/install/view_robot_pkg:/home/nour-mahgoub/Graduation_Rafeeq/install/serial_node:/home/nour-mahgoub/Graduation_Rafeeq/install/rafeeq_description:/opt/ros/jazzy DEBUGINFOD_URLS=https://debuginfod.ubuntu.com /usr/bin/cmake --build /home/nour-mahgoub/Graduation_Rafeeq/build/rafeeq_bringup -- -j20 -l20
[0.694s] INFO:colcon.colcon_core.task.python.build:Building Python package in '/home/nour-mahgoub/Graduation_Rafeeq/src/rafeeq_description'
[0.694s] INFO:colcon.colcon_core.shell:Skip shell extension 'powershell' for command environment: Not usable outside of PowerShell
[0.695s] DEBUG:colcon.colcon_core.shell:Skip shell extension 'dsv' for command environment
[0.702s] DEBUG:colcon.colcon_core.event_handler.log_command:Invoking command in '/home/nour-mahgoub/Graduation_Rafeeq/build/rafeeq_localization': CMAKE_PREFIX_PATH=${CMAKE_PREFIX_PATH}:/home/nour-mahgoub/Graduation_Rafeeq/install/view_robot_pkg:/home/nour-mahgoub/Graduation_Rafeeq/install/serial_node:/home/nour-mahgoub/Graduation_Rafeeq/install/rafeeq_description:/opt/ros/jazzy DEBUGINFOD_URLS=https://debuginfod.ubuntu.com /usr/bin/cmake --build /home/nour-mahgoub/Graduation_Rafeeq/build/rafeeq_localization -- -j20 -l20
[0.703s] DEBUG:colcon.colcon_core.event_handler.log_command:Invoking command in '/home/nour-mahgoub/Graduation_Rafeeq/build/rafeeq_navigation': CMAKE_PREFIX_PATH=${CMAKE_PREFIX_PATH}:/home/nour-mahgoub/Graduation_Rafeeq/install/view_robot_pkg:/home/nour-mahgoub/Graduation_Rafeeq/install/serial_node:/home/nour-mahgoub/Graduation_Rafeeq/install/rafeeq_description:/opt/ros/jazzy DEBUGINFOD_URLS=https://debuginfod.ubuntu.com /usr/bin/cmake --build /home/nour-mahgoub/Graduation_Rafeeq/build/rafeeq_navigation -- -j20 -l20
[0.704s] DEBUG:colcon.colcon_core.event_handler.log_command:Invoking command in '/home/nour-mahgoub/Graduation_Rafeeq/build/rafeeq_slam': CMAKE_PREFIX_PATH=${CMAKE_PREFIX_PATH}:/home/nour-mahgoub/Graduation_Rafeeq/install/view_robot_pkg:/home/nour-mahgoub/Graduation_Rafeeq/install/serial_node:/home/nour-mahgoub/Graduation_Rafeeq/install/rafeeq_description:/opt/ros/jazzy DEBUGINFOD_URLS=https://debuginfod.ubuntu.com /usr/bin/cmake --build /home/nour-mahgoub/Graduation_Rafeeq/build/rafeeq_slam -- -j20 -l20
[0.706s] DEBUG:colcon.colcon_core.event_handler.log_command:Invoking command in '/home/nour-mahgoub/Graduation_Rafeeq/build/rafeeq_speech': CMAKE_PREFIX_PATH=${CMAKE_PREFIX_PATH}:/home/nour-mahgoub/Graduation_Rafeeq/install/view_robot_pkg:/home/nour-mahgoub/Graduation_Rafeeq/install/serial_node:/home/nour-mahgoub/Graduation_Rafeeq/install/rafeeq_description:/opt/ros/jazzy DEBUGINFOD_URLS=https://debuginfod.ubuntu.com /usr/bin/cmake --build /home/nour-mahgoub/Graduation_Rafeeq/build/rafeeq_speech -- -j20 -l20
[0.932s] INFO:colcon.colcon_core.task.python.build:Building Python package in '/home/nour-mahgoub/Graduation_Rafeeq/src/serial_node'
[0.933s] INFO:colcon.colcon_core.shell:Skip shell extension 'powershell' for command environment: Not usable outside of PowerShell
[0.933s] DEBUG:colcon.colcon_core.shell:Skip shell extension 'dsv' for command environment
[0.940s] DEBUG:colcon.colcon_core.event_handler.log_command:Invoking command in '/home/nour-mahgoub/Graduation_Rafeeq/build/sllidar_ros2': CMAKE_PREFIX_PATH=${CMAKE_PREFIX_PATH}:/home/nour-mahgoub/Graduation_Rafeeq/install/view_robot_pkg:/home/nour-mahgoub/Graduation_Rafeeq/install/serial_node:/home/nour-mahgoub/Graduation_Rafeeq/install/rafeeq_description:/opt/ros/jazzy DEBUGINFOD_URLS=https://debuginfod.ubuntu.com /usr/bin/cmake --build /home/nour-mahgoub/Graduation_Rafeeq/build/sllidar_ros2 -- -j20 -l20
[0.946s] DEBUG:colcon.colcon_core.event_handler.log_command:Invoking command in '/home/nour-mahgoub/Graduation_Rafeeq/build/usb_cam': CMAKE_PREFIX_PATH=${CMAKE_PREFIX_PATH}:/home/nour-mahgoub/Graduation_Rafeeq/install/view_robot_pkg:/home/nour-mahgoub/Graduation_Rafeeq/install/serial_node:/home/nour-mahgoub/Graduation_Rafeeq/install/rafeeq_description:/opt/ros/jazzy DEBUGINFOD_URLS=https://debuginfod.ubuntu.com /usr/bin/cmake --build /home/nour-mahgoub/Graduation_Rafeeq/build/usb_cam -- -j20 -l20
[0.947s] DEBUG:colcon.colcon_core.event_handler.log_command:Invoked command in '/home/nour-mahgoub/Graduation_Rafeeq/build/kinect_ros2' returned '0': CMAKE_PREFIX_PATH=${CMAKE_PREFIX_PATH}:/home/nour-mahgoub/Graduation_Rafeeq/install/view_robot_pkg:/home/nour-mahgoub/Graduation_Rafeeq/install/serial_node:/home/nour-mahgoub/Graduation_Rafeeq/install/rafeeq_description:/opt/ros/jazzy DEBUGINFOD_URLS=https://debuginfod.ubuntu.com /usr/bin/cmake --build /home/nour-mahgoub/Graduation_Rafeeq/build/kinect_ros2 -- -j20 -l20
[0.952s] DEBUG:colcon.colcon_core.event_handler.log_command:Invoking command in '/home/nour-mahgoub/Graduation_Rafeeq/build/kinect_ros2': CMAKE_PREFIX_PATH=${CMAKE_PREFIX_PATH}:/home/nour-mahgoub/Graduation_Rafeeq/install/view_robot_pkg:/home/nour-mahgoub/Graduation_Rafeeq/install/serial_node:/home/nour-mahgoub/Graduation_Rafeeq/install/rafeeq_description:/opt/ros/jazzy DEBUGINFOD_URLS=https://debuginfod.ubuntu.com /usr/bin/cmake --install /home/nour-mahgoub/Graduation_Rafeeq/build/kinect_ros2
[0.953s] DEBUG:colcon.colcon_core.event_handler.log_command:Invoked command in '/home/nour-mahgoub/Graduation_Rafeeq/build/rafeeq_bringup' returned '0': CMAKE_PREFIX_PATH=${CMAKE_PREFIX_PATH}:/home/nour-mahgoub/Graduation_Rafeeq/install/view_robot_pkg:/home/nour-mahgoub/Graduation_Rafeeq/install/serial_node:/home/nour-mahgoub/Graduation_Rafeeq/install/rafeeq_description:/opt/ros/jazzy DEBUGINFOD_URLS=https://debuginfod.ubuntu.com /usr/bin/cmake --build /home/nour-mahgoub/Graduation_Rafeeq/build/rafeeq_bringup -- -j20 -l20
[0.954s] DEBUG:colcon.colcon_core.event_handler.log_command:Invoking command in '/home/nour-mahgoub/Graduation_Rafeeq/build/rafeeq_bringup': CMAKE_PREFIX_PATH=${CMAKE_PREFIX_PATH}:/home/nour-mahgoub/Graduation_Rafeeq/install/view_robot_pkg:/home/nour-mahgoub/Graduation_Rafeeq/install/serial_node:/home/nour-mahgoub/Graduation_Rafeeq/install/rafeeq_description:/opt/ros/jazzy DEBUGINFOD_URLS=https://debuginfod.ubuntu.com /usr/bin/cmake --install /home/nour-mahgoub/Graduation_Rafeeq/build/rafeeq_bringup
[0.954s] DEBUG:colcon.colcon_core.event_handler.log_command:Invoked command in '/home/nour-mahgoub/Graduation_Rafeeq/build/rafeeq_localization' returned '0': CMAKE_PREFIX_PATH=${CMAKE_PREFIX_PATH}:/home/nour-mahgoub/Graduation_Rafeeq/install/view_robot_pkg:/home/nour-mahgoub/Graduation_Rafeeq/install/serial_node:/home/nour-mahgoub/Graduation_Rafeeq/install/rafeeq_description:/opt/ros/jazzy DEBUGINFOD_URLS=https://debuginfod.ubuntu.com /usr/bin/cmake --build /home/nour-mahgoub/Graduation_Rafeeq/build/rafeeq_localization -- -j20 -l20
[0.956s] DEBUG:colcon.colcon_core.event_handler.log_command:Invoking command in '/home/nour-mahgoub/Graduation_Rafeeq/build/rafeeq_localization': CMAKE_PREFIX_PATH=${CMAKE_PREFIX_PATH}:/home/nour-mahgoub/Graduation_Rafeeq/install/view_robot_pkg:/home/nour-mahgoub/Graduation_Rafeeq/install/serial_node:/home/nour-mahgoub/Graduation_Rafeeq/install/rafeeq_description:/opt/ros/jazzy DEBUGINFOD_URLS=https://debuginfod.ubuntu.com /usr/bin/cmake --install /home/nour-mahgoub/Graduation_Rafeeq/build/rafeeq_localization
[0.956s] DEBUG:colcon.colcon_core.event_handler.log_command:Invoked command in '/home/nour-mahgoub/Graduation_Rafeeq/build/rafeeq_navigation' returned '0': CMAKE_PREFIX_PATH=${CMAKE_PREFIX_PATH}:/home/nour-mahgoub/Graduation_Rafeeq/install/view_robot_pkg:/home/nour-mahgoub/Graduation_Rafeeq/install/serial_node:/home/nour-mahgoub/Graduation_Rafeeq/install/rafeeq_description:/opt/ros/jazzy DEBUGINFOD_URLS=https://debuginfod.ubuntu.com /usr/bin/cmake --build /home/nour-mahgoub/Graduation_Rafeeq/build/rafeeq_navigation -- -j20 -l20
[0.958s] DEBUG:colcon.colcon_core.event_handler.log_command:Invoking command in '/home/nour-mahgoub/Graduation_Rafeeq/build/rafeeq_navigation': CMAKE_PREFIX_PATH=${CMAKE_PREFIX_PATH}:/home/nour-mahgoub/Graduation_Rafeeq/install/view_robot_pkg:/home/nour-mahgoub/Graduation_Rafeeq/install/serial_node:/home/nour-mahgoub/Graduation_Rafeeq/install/rafeeq_description:/opt/ros/jazzy DEBUGINFOD_URLS=https://debuginfod.ubuntu.com /usr/bin/cmake --install /home/nour-mahgoub/Graduation_Rafeeq/build/rafeeq_navigation
[0.958s] DEBUG:colcon.colcon_core.event_handler.log_command:Invoked command in '/home/nour-mahgoub/Graduation_Rafeeq/build/rafeeq_speech' returned '0': CMAKE_PREFIX_PATH=${CMAKE_PREFIX_PATH}:/home/nour-mahgoub/Graduation_Rafeeq/install/view_robot_pkg:/home/nour-mahgoub/Graduation_Rafeeq/install/serial_node:/home/nour-mahgoub/Graduation_Rafeeq/install/rafeeq_description:/opt/ros/jazzy DEBUGINFOD_URLS=https://debuginfod.ubuntu.com /usr/bin/cmake --build /home/nour-mahgoub/Graduation_Rafeeq/build/rafeeq_speech -- -j20 -l20
[0.959s] DEBUG:colcon.colcon_core.event_handler.log_command:Invoking command in '/home/nour-mahgoub/Graduation_Rafeeq/build/rafeeq_speech': CMAKE_PREFIX_PATH=${CMAKE_PREFIX_PATH}:/home/nour-mahgoub/Graduation_Rafeeq/install/view_robot_pkg:/home/nour-mahgoub/Graduation_Rafeeq/install/serial_node:/home/nour-mahgoub/Graduation_Rafeeq/install/rafeeq_description:/opt/ros/jazzy DEBUGINFOD_URLS=https://debuginfod.ubuntu.com /usr/bin/cmake --install /home/nour-mahgoub/Graduation_Rafeeq/build/rafeeq_speech
[0.960s] DEBUG:colcon.colcon_core.event_handler.log_command:Invoked command in '/home/nour-mahgoub/Graduation_Rafeeq/build/rafeeq_slam' returned '0': CMAKE_PREFIX_PATH=${CMAKE_PREFIX_PATH}:/home/nour-mahgoub/Graduation_Rafeeq/install/view_robot_pkg:/home/nour-mahgoub/Graduation_Rafeeq/install/serial_node:/home/nour-mahgoub/Graduation_Rafeeq/install/rafeeq_description:/opt/ros/jazzy DEBUGINFOD_URLS=https://debuginfod.ubuntu.com /usr/bin/cmake --build /home/nour-mahgoub/Graduation_Rafeeq/build/rafeeq_slam -- -j20 -l20
[0.960s] DEBUG:colcon.colcon_core.event_handler.log_command:Invoking command in '/home/nour-mahgoub/Graduation_Rafeeq/build/rafeeq_slam': CMAKE_PREFIX_PATH=${CMAKE_PREFIX_PATH}:/home/nour-mahgoub/Graduation_Rafeeq/install/view_robot_pkg:/home/nour-mahgoub/Graduation_Rafeeq/install/serial_node:/home/nour-mahgoub/Graduation_Rafeeq/install/rafeeq_description:/opt/ros/jazzy DEBUGINFOD_URLS=https://debuginfod.ubuntu.com /usr/bin/cmake --install /home/nour-mahgoub/Graduation_Rafeeq/build/rafeeq_slam
[0.991s] Level 1:colcon.colcon_core.environment:create_environment_scripts_only(rafeeq_slam)
[1.002s] Level 1:colcon.colcon_core.environment:checking '/home/nour-mahgoub/Graduation_Rafeeq/install/rafeeq_slam' for CMake module files
[1.003s] Level 1:colcon.colcon_core.environment:checking '/home/nour-mahgoub/Graduation_Rafeeq/install/rafeeq_slam' for CMake config files
[1.005s] Level 1:colcon.colcon_core.shell:create_environment_hook('rafeeq_slam', 'cmake_prefix_path')
[1.005s] INFO:colcon.colcon_core.shell:Creating environment hook '/home/nour-mahgoub/Graduation_Rafeeq/install/rafeeq_slam/share/rafeeq_slam/hook/cmake_prefix_path.ps1'
[1.006s] INFO:colcon.colcon_core.shell:Creating environment descriptor '/home/nour-mahgoub/Graduation_Rafeeq/install/rafeeq_slam/share/rafeeq_slam/hook/cmake_prefix_path.dsv'
[1.007s] INFO:colcon.colcon_core.shell:Creating environment hook '/home/nour-mahgoub/Graduation_Rafeeq/install/rafeeq_slam/share/rafeeq_slam/hook/cmake_prefix_path.sh'
[1.009s] Level 1:colcon.colcon_core.environment:checking '/home/nour-mahgoub/Graduation_Rafeeq/install/rafeeq_slam/bin'
[1.009s] Level 1:colcon.colcon_core.environment:checking '/home/nour-mahgoub/Graduation_Rafeeq/install/rafeeq_slam/lib/pkgconfig/rafeeq_slam.pc'
[1.009s] Level 1:colcon.colcon_core.environment:checking '/home/nour-mahgoub/Graduation_Rafeeq/install/rafeeq_slam/lib/python3.12/site-packages'
[1.009s] DEBUG:colcon.colcon_core.event_handler.log_command:Invoked command in '/home/nour-mahgoub/Graduation_Rafeeq/build/rafeeq_slam' returned '0': CMAKE_PREFIX_PATH=${CMAKE_PREFIX_PATH}:/home/nour-mahgoub/Graduation_Rafeeq/install/view_robot_pkg:/home/nour-mahgoub/Graduation_Rafeeq/install/serial_node:/home/nour-mahgoub/Graduation_Rafeeq/install/rafeeq_description:/opt/ros/jazzy DEBUGINFOD_URLS=https://debuginfod.ubuntu.com /usr/bin/cmake --install /home/nour-mahgoub/Graduation_Rafeeq/build/rafeeq_slam
[1.010s] Level 1:colcon.colcon_core.environment:checking '/home/nour-mahgoub/Graduation_Rafeeq/install/rafeeq_slam/bin'
[1.010s] INFO:colcon.colcon_core.shell:Creating package script '/home/nour-mahgoub/Graduation_Rafeeq/install/rafeeq_slam/share/rafeeq_slam/package.ps1'
[1.011s] INFO:colcon.colcon_core.shell:Creating package descriptor '/home/nour-mahgoub/Graduation_Rafeeq/install/rafeeq_slam/share/rafeeq_slam/package.dsv'
[1.012s] INFO:colcon.colcon_core.shell:Creating package script '/home/nour-mahgoub/Graduation_Rafeeq/install/rafeeq_slam/share/rafeeq_slam/package.sh'
[1.012s] INFO:colcon.colcon_core.shell:Creating package script '/home/nour-mahgoub/Graduation_Rafeeq/install/rafeeq_slam/share/rafeeq_slam/package.bash'
[1.013s] INFO:colcon.colcon_core.shell:Creating package script '/home/nour-mahgoub/Graduation_Rafeeq/install/rafeeq_slam/share/rafeeq_slam/package.zsh'
[1.013s] Level 1:colcon.colcon_core.environment:create_file_with_runtime_dependencies(/home/nour-mahgoub/Graduation_Rafeeq/install/rafeeq_slam/share/colcon-core/packages/rafeeq_slam)
[1.014s] Level 1:colcon.colcon_core.environment:create_environment_scripts_only(rafeeq_slam)
[1.014s] Level 1:colcon.colcon_core.environment:checking '/home/nour-mahgoub/Graduation_Rafeeq/install/rafeeq_slam' for CMake module files
[1.015s] Level 1:colcon.colcon_core.environment:checking '/home/nour-mahgoub/Graduation_Rafeeq/install/rafeeq_slam' for CMake config files
[1.015s] Level 1:colcon.colcon_core.shell:create_environment_hook('rafeeq_slam', 'cmake_prefix_path')
[1.015s] INFO:colcon.colcon_core.shell:Creating environment hook '/home/nour-mahgoub/Graduation_Rafeeq/install/rafeeq_slam/share/rafeeq_slam/hook/cmake_prefix_path.ps1'
[1.015s] INFO:colcon.colcon_core.shell:Creating environment descriptor '/home/nour-mahgoub/Graduation_Rafeeq/install/rafeeq_slam/share/rafeeq_slam/hook/cmake_prefix_path.dsv'
[1.016s] INFO:colcon.colcon_core.shell:Creating environment hook '/home/nour-mahgoub/Graduation_Rafeeq/install/rafeeq_slam/share/rafeeq_slam/hook/cmake_prefix_path.sh'
[1.016s] Level 1:colcon.colcon_core.environment:checking '/home/nour-mahgoub/Graduation_Rafeeq/install/rafeeq_slam/bin'
[1.016s] Level 1:colcon.colcon_core.environment:checking '/home/nour-mahgoub/Graduation_Rafeeq/install/rafeeq_slam/lib/pkgconfig/rafeeq_slam.pc'
[1.016s] Level 1:colcon.colcon_core.environment:checking '/home/nour-mahgoub/Graduation_Rafeeq/install/rafeeq_slam/lib/python3.12/site-packages'
[1.017s] Level 1:colcon.colcon_core.environment:checking '/home/nour-mahgoub/Graduation_Rafeeq/install/rafeeq_slam/bin'
[1.017s] INFO:colcon.colcon_core.shell:Creating package script '/home/nour-mahgoub/Graduation_Rafeeq/install/rafeeq_slam/share/rafeeq_slam/package.ps1'
[1.017s] INFO:colcon.colcon_core.shell:Creating package descriptor '/home/nour-mahgoub/Graduation_Rafeeq/install/rafeeq_slam/share/rafeeq_slam/package.dsv'
[1.018s] INFO:colcon.colcon_core.shell:Creating package script '/home/nour-mahgoub/Graduation_Rafeeq/install/rafeeq_slam/share/rafeeq_slam/package.sh'
[1.018s] INFO:colcon.colcon_core.shell:Creating package script '/home/nour-mahgoub/Graduation_Rafeeq/install/rafeeq_slam/share/rafeeq_slam/package.bash'
[1.019s] INFO:colcon.colcon_core.shell:Creating package script '/home/nour-mahgoub/Graduation_Rafeeq/install/rafeeq_slam/share/rafeeq_slam/package.zsh'
[1.019s] Level 1:colcon.colcon_core.environment:create_file_with_runtime_dependencies(/home/nour-mahgoub/Graduation_Rafeeq/install/rafeeq_slam/share/colcon-core/packages/rafeeq_slam)
[1.019s] Level 1:colcon.colcon_core.environment:create_environment_scripts_only(rafeeq_localization)
[1.019s] Level 1:colcon.colcon_core.environment:checking '/home/nour-mahgoub/Graduation_Rafeeq/install/rafeeq_localization' for CMake module files
[1.020s] DEBUG:colcon.colcon_core.event_handler.log_command:Invoked command in '/home/nour-mahgoub/Graduation_Rafeeq/build/rafeeq_localization' returned '0': CMAKE_PREFIX_PATH=${CMAKE_PREFIX_PATH}:/home/nour-mahgoub/Graduation_Rafeeq/install/view_robot_pkg:/home/nour-mahgoub/Graduation_Rafeeq/install/serial_node:/home/nour-mahgoub/Graduation_Rafeeq/install/rafeeq_description:/opt/ros/jazzy DEBUGINFOD_URLS=https://debuginfod.ubuntu.com /usr/bin/cmake --install /home/nour-mahgoub/Graduation_Rafeeq/build/rafeeq_localization
[1.020s] Level 1:colcon.colcon_core.environment:checking '/home/nour-mahgoub/Graduation_Rafeeq/install/rafeeq_localization' for CMake config files
[1.021s] Level 1:colcon.colcon_core.shell:create_environment_hook('rafeeq_localization', 'cmake_prefix_path')
[1.021s] INFO:colcon.colcon_core.shell:Creating environment hook '/home/nour-mahgoub/Graduation_Rafeeq/install/rafeeq_localization/share/rafeeq_localization/hook/cmake_prefix_path.ps1'
[1.021s] INFO:colcon.colcon_core.shell:Creating environment descriptor '/home/nour-mahgoub/Graduation_Rafeeq/install/rafeeq_localization/share/rafeeq_localization/hook/cmake_prefix_path.dsv'
[1.021s] INFO:colcon.colcon_core.shell:Creating environment hook '/home/nour-mahgoub/Graduation_Rafeeq/install/rafeeq_localization/share/rafeeq_localization/hook/cmake_prefix_path.sh'
[1.022s] Level 1:colcon.colcon_core.environment:checking '/home/nour-mahgoub/Graduation_Rafeeq/install/rafeeq_localization/bin'
[1.022s] Level 1:colcon.colcon_core.environment:checking '/home/nour-mahgoub/Graduation_Rafeeq/install/rafeeq_localization/lib/pkgconfig/rafeeq_localization.pc'
[1.022s] Level 1:colcon.colcon_core.environment:checking '/home/nour-mahgoub/Graduation_Rafeeq/install/rafeeq_localization/lib/python3.12/site-packages'
[1.023s] Level 1:colcon.colcon_core.environment:checking '/home/nour-mahgoub/Graduation_Rafeeq/install/rafeeq_localization/bin'
[1.023s] INFO:colcon.colcon_core.shell:Creating package script '/home/nour-mahgoub/Graduation_Rafeeq/install/rafeeq_localization/share/rafeeq_localization/package.ps1'
[1.023s] INFO:colcon.colcon_core.shell:Creating package descriptor '/home/nour-mahgoub/Graduation_Rafeeq/install/rafeeq_localization/share/rafeeq_localization/package.dsv'
[1.024s] INFO:colcon.colcon_core.shell:Creating package script '/home/nour-mahgoub/Graduation_Rafeeq/install/rafeeq_localization/share/rafeeq_localization/package.sh'
[1.024s] INFO:colcon.colcon_core.shell:Creating package script '/home/nour-mahgoub/Graduation_Rafeeq/install/rafeeq_localization/share/rafeeq_localization/package.bash'
[1.024s] INFO:colcon.colcon_core.shell:Creating package script '/home/nour-mahgoub/Graduation_Rafeeq/install/rafeeq_localization/share/rafeeq_localization/package.zsh'
[1.025s] Level 1:colcon.colcon_core.environment:create_file_with_runtime_dependencies(/home/nour-mahgoub/Graduation_Rafeeq/install/rafeeq_localization/share/colcon-core/packages/rafeeq_localization)
[1.025s] Level 1:colcon.colcon_core.environment:create_environment_scripts_only(rafeeq_localization)
[1.025s] Level 1:colcon.colcon_core.environment:checking '/home/nour-mahgoub/Graduation_Rafeeq/install/rafeeq_localization' for CMake module files
[1.026s] Level 1:colcon.colcon_core.environment:checking '/home/nour-mahgoub/Graduation_Rafeeq/install/rafeeq_localization' for CMake config files
[1.026s] Level 1:colcon.colcon_core.shell:create_environment_hook('rafeeq_localization', 'cmake_prefix_path')
[1.026s] INFO:colcon.colcon_core.shell:Creating environment hook '/home/nour-mahgoub/Graduation_Rafeeq/install/rafeeq_localization/share/rafeeq_localization/hook/cmake_prefix_path.ps1'
[1.027s] INFO:colcon.colcon_core.shell:Creating environment descriptor '/home/nour-mahgoub/Graduation_Rafeeq/install/rafeeq_localization/share/rafeeq_localization/hook/cmake_prefix_path.dsv'
[1.027s] INFO:colcon.colcon_core.shell:Creating environment hook '/home/nour-mahgoub/Graduation_Rafeeq/install/rafeeq_localization/share/rafeeq_localization/hook/cmake_prefix_path.sh'
[1.028s] Level 1:colcon.colcon_core.environment:checking '/home/nour-mahgoub/Graduation_Rafeeq/install/rafeeq_localization/bin'
[1.028s] Level 1:colcon.colcon_core.environment:checking '/home/nour-mahgoub/Graduation_Rafeeq/install/rafeeq_localization/lib/pkgconfig/rafeeq_localization.pc'
[1.028s] Level 1:colcon.colcon_core.environment:checking '/home/nour-mahgoub/Graduation_Rafeeq/install/rafeeq_localization/lib/python3.12/site-packages'
[1.028s] Level 1:colcon.colcon_core.environment:checking '/home/nour-mahgoub/Graduation_Rafeeq/install/rafeeq_localization/bin'
[1.028s] INFO:colcon.colcon_core.shell:Creating package script '/home/nour-mahgoub/Graduation_Rafeeq/install/rafeeq_localization/share/rafeeq_localization/package.ps1'
[1.029s] INFO:colcon.colcon_core.shell:Creating package descriptor '/home/nour-mahgoub/Graduation_Rafeeq/install/rafeeq_localization/share/rafeeq_localization/package.dsv'
[1.030s] INFO:colcon.colcon_core.shell:Creating package script '/home/nour-mahgoub/Graduation_Rafeeq/install/rafeeq_localization/share/rafeeq_localization/package.sh'
[1.030s] INFO:colcon.colcon_core.shell:Creating package script '/home/nour-mahgoub/Graduation_Rafeeq/install/rafeeq_localization/share/rafeeq_localization/package.bash'
[1.031s] INFO:colcon.colcon_core.shell:Creating package script '/home/nour-mahgoub/Graduation_Rafeeq/install/rafeeq_localization/share/rafeeq_localization/package.zsh'
[1.031s] Level 1:colcon.colcon_core.environment:create_file_with_runtime_dependencies(/home/nour-mahgoub/Graduation_Rafeeq/install/rafeeq_localization/share/colcon-core/packages/rafeeq_localization)
[1.031s] Level 1:colcon.colcon_core.environment:create_environment_scripts_only(rafeeq_bringup)
[1.031s] Level 1:colcon.colcon_core.environment:checking '/home/nour-mahgoub/Graduation_Rafeeq/install/rafeeq_bringup' for CMake module files
[1.032s] DEBUG:colcon.colcon_core.event_handler.log_command:Invoked command in '/home/nour-mahgoub/Graduation_Rafeeq/build/rafeeq_bringup' returned '0': CMAKE_PREFIX_PATH=${CMAKE_PREFIX_PATH}:/home/nour-mahgoub/Graduation_Rafeeq/install/view_robot_pkg:/home/nour-mahgoub/Graduation_Rafeeq/install/serial_node:/home/nour-mahgoub/Graduation_Rafeeq/install/rafeeq_description:/opt/ros/jazzy DEBUGINFOD_URLS=https://debuginfod.ubuntu.com /usr/bin/cmake --install /home/nour-mahgoub/Graduation_Rafeeq/build/rafeeq_bringup
[1.033s] Level 1:colcon.colcon_core.environment:checking '/home/nour-mahgoub/Graduation_Rafeeq/install/rafeeq_bringup' for CMake config files
[1.033s] Level 1:colcon.colcon_core.shell:create_environment_hook('rafeeq_bringup', 'cmake_prefix_path')
[1.033s] INFO:colcon.colcon_core.shell:Creating environment hook '/home/nour-mahgoub/Graduation_Rafeeq/install/rafeeq_bringup/share/rafeeq_bringup/hook/cmake_prefix_path.ps1'
[1.033s] INFO:colcon.colcon_core.shell:Creating environment descriptor '/home/nour-mahgoub/Graduation_Rafeeq/install/rafeeq_bringup/share/rafeeq_bringup/hook/cmake_prefix_path.dsv'
[1.034s] INFO:colcon.colcon_core.shell:Creating environment hook '/home/nour-mahgoub/Graduation_Rafeeq/install/rafeeq_bringup/share/rafeeq_bringup/hook/cmake_prefix_path.sh'
[1.034s] Level 1:colcon.colcon_core.environment:checking '/home/nour-mahgoub/Graduation_Rafeeq/install/rafeeq_bringup/bin'
[1.034s] Level 1:colcon.colcon_core.environment:checking '/home/nour-mahgoub/Graduation_Rafeeq/install/rafeeq_bringup/lib/pkgconfig/rafeeq_bringup.pc'
[1.035s] Level 1:colcon.colcon_core.environment:checking '/home/nour-mahgoub/Graduation_Rafeeq/install/rafeeq_bringup/lib/python3.12/site-packages'
[1.035s] Level 1:colcon.colcon_core.environment:checking '/home/nour-mahgoub/Graduation_Rafeeq/install/rafeeq_bringup/bin'
[1.035s] INFO:colcon.colcon_core.shell:Creating package script '/home/nour-mahgoub/Graduation_Rafeeq/install/rafeeq_bringup/share/rafeeq_bringup/package.ps1'
[1.036s] INFO:colcon.colcon_core.shell:Creating package descriptor '/home/nour-mahgoub/Graduation_Rafeeq/install/rafeeq_bringup/share/rafeeq_bringup/package.dsv'
[1.036s] INFO:colcon.colcon_core.shell:Creating package script '/home/nour-mahgoub/Graduation_Rafeeq/install/rafeeq_bringup/share/rafeeq_bringup/package.sh'
[1.037s] INFO:colcon.colcon_core.shell:Creating package script '/home/nour-mahgoub/Graduation_Rafeeq/install/rafeeq_bringup/share/rafeeq_bringup/package.bash'
[1.037s] INFO:colcon.colcon_core.shell:Creating package script '/home/nour-mahgoub/Graduation_Rafeeq/install/rafeeq_bringup/share/rafeeq_bringup/package.zsh'
[1.038s] Level 1:colcon.colcon_core.environment:create_file_with_runtime_dependencies(/home/nour-mahgoub/Graduation_Rafeeq/install/rafeeq_bringup/share/colcon-core/packages/rafeeq_bringup)
[1.038s] Level 1:colcon.colcon_core.environment:create_environment_scripts_only(rafeeq_bringup)
[1.038s] Level 1:colcon.colcon_core.environment:checking '/home/nour-mahgoub/Graduation_Rafeeq/install/rafeeq_bringup' for CMake module files
[1.039s] Level 1:colcon.colcon_core.environment:checking '/home/nour-mahgoub/Graduation_Rafeeq/install/rafeeq_bringup' for CMake config files
[1.039s] Level 1:colcon.colcon_core.shell:create_environment_hook('rafeeq_bringup', 'cmake_prefix_path')
[1.039s] INFO:colcon.colcon_core.shell:Creating environment hook '/home/nour-mahgoub/Graduation_Rafeeq/install/rafeeq_bringup/share/rafeeq_bringup/hook/cmake_prefix_path.ps1'
[1.039s] INFO:colcon.colcon_core.shell:Creating environment descriptor '/home/nour-mahgoub/Graduation_Rafeeq/install/rafeeq_bringup/share/rafeeq_bringup/hook/cmake_prefix_path.dsv'
[1.040s] INFO:colcon.colcon_core.shell:Creating environment hook '/home/nour-mahgoub/Graduation_Rafeeq/install/rafeeq_bringup/share/rafeeq_bringup/hook/cmake_prefix_path.sh'
[1.040s] Level 1:colcon.colcon_core.environment:checking '/home/nour-mahgoub/Graduation_Rafeeq/install/rafeeq_bringup/bin'
[1.040s] Level 1:colcon.colcon_core.environment:checking '/home/nour-mahgoub/Graduation_Rafeeq/install/rafeeq_bringup/lib/pkgconfig/rafeeq_bringup.pc'
[1.041s] Level 1:colcon.colcon_core.environment:checking '/home/nour-mahgoub/Graduation_Rafeeq/install/rafeeq_bringup/lib/python3.12/site-packages'
[1.041s] Level 1:colcon.colcon_core.environment:checking '/home/nour-mahgoub/Graduation_Rafeeq/install/rafeeq_bringup/bin'
[1.041s] INFO:colcon.colcon_core.shell:Creating package script '/home/nour-mahgoub/Graduation_Rafeeq/install/rafeeq_bringup/share/rafeeq_bringup/package.ps1'
[1.042s] INFO:colcon.colcon_core.shell:Creating package descriptor '/home/nour-mahgoub/Graduation_Rafeeq/install/rafeeq_bringup/share/rafeeq_bringup/package.dsv'
[1.042s] INFO:colcon.colcon_core.shell:Creating package script '/home/nour-mahgoub/Graduation_Rafeeq/install/rafeeq_bringup/share/rafeeq_bringup/package.sh'
[1.042s] INFO:colcon.colcon_core.shell:Creating package script '/home/nour-mahgoub/Graduation_Rafeeq/install/rafeeq_bringup/share/rafeeq_bringup/package.bash'
[1.043s] INFO:colcon.colcon_core.shell:Creating package script '/home/nour-mahgoub/Graduation_Rafeeq/install/rafeeq_bringup/share/rafeeq_bringup/package.zsh'
[1.043s] Level 1:colcon.colcon_core.environment:create_file_with_runtime_dependencies(/home/nour-mahgoub/Graduation_Rafeeq/install/rafeeq_bringup/share/colcon-core/packages/rafeeq_bringup)
[1.043s] Level 1:colcon.colcon_core.environment:create_environment_scripts_only(kinect_ros2)
[1.043s] Level 1:colcon.colcon_core.environment:checking '/home/nour-mahgoub/Graduation_Rafeeq/install/kinect_ros2' for CMake module files
[1.044s] DEBUG:colcon.colcon_core.event_handler.log_command:Invoked command in '/home/nour-mahgoub/Graduation_Rafeeq/build/kinect_ros2' returned '0': CMAKE_PREFIX_PATH=${CMAKE_PREFIX_PATH}:/home/nour-mahgoub/Graduation_Rafeeq/install/view_robot_pkg:/home/nour-mahgoub/Graduation_Rafeeq/install/serial_node:/home/nour-mahgoub/Graduation_Rafeeq/install/rafeeq_description:/opt/ros/jazzy DEBUGINFOD_URLS=https://debuginfod.ubuntu.com /usr/bin/cmake --install /home/nour-mahgoub/Graduation_Rafeeq/build/kinect_ros2
[1.044s] Level 1:colcon.colcon_core.environment:checking '/home/nour-mahgoub/Graduation_Rafeeq/install/kinect_ros2' for CMake config files
[1.045s] Level 1:colcon.colcon_core.shell:create_environment_hook('kinect_ros2', 'cmake_prefix_path')
[1.045s] INFO:colcon.colcon_core.shell:Creating environment hook '/home/nour-mahgoub/Graduation_Rafeeq/install/kinect_ros2/share/kinect_ros2/hook/cmake_prefix_path.ps1'
[1.045s] INFO:colcon.colcon_core.shell:Creating environment descriptor '/home/nour-mahgoub/Graduation_Rafeeq/install/kinect_ros2/share/kinect_ros2/hook/cmake_prefix_path.dsv'
[1.046s] INFO:colcon.colcon_core.shell:Creating environment hook '/home/nour-mahgoub/Graduation_Rafeeq/install/kinect_ros2/share/kinect_ros2/hook/cmake_prefix_path.sh'
[1.046s] Level 1:colcon.colcon_core.environment:checking '/home/nour-mahgoub/Graduation_Rafeeq/install/kinect_ros2/lib'
[1.046s] Level 1:colcon.colcon_core.shell:create_environment_hook('kinect_ros2', 'ld_library_path_lib')
[1.046s] INFO:colcon.colcon_core.shell:Creating environment hook '/home/nour-mahgoub/Graduation_Rafeeq/install/kinect_ros2/share/kinect_ros2/hook/ld_library_path_lib.ps1'
[1.047s] INFO:colcon.colcon_core.shell:Creating environment descriptor '/home/nour-mahgoub/Graduation_Rafeeq/install/kinect_ros2/share/kinect_ros2/hook/ld_library_path_lib.dsv'
[1.047s] INFO:colcon.colcon_core.shell:Creating environment hook '/home/nour-mahgoub/Graduation_Rafeeq/install/kinect_ros2/share/kinect_ros2/hook/ld_library_path_lib.sh'
[1.048s] Level 1:colcon.colcon_core.environment:checking '/home/nour-mahgoub/Graduation_Rafeeq/install/kinect_ros2/bin'
[1.048s] Level 1:colcon.colcon_core.environment:checking '/home/nour-mahgoub/Graduation_Rafeeq/install/kinect_ros2/lib/pkgconfig/kinect_ros2.pc'
[1.048s] Level 1:colcon.colcon_core.environment:checking '/home/nour-mahgoub/Graduation_Rafeeq/install/kinect_ros2/lib/python3.12/site-packages'
[1.048s] Level 1:colcon.colcon_core.environment:checking '/home/nour-mahgoub/Graduation_Rafeeq/install/kinect_ros2/bin'
[1.048s] INFO:colcon.colcon_core.shell:Creating package script '/home/nour-mahgoub/Graduation_Rafeeq/install/kinect_ros2/share/kinect_ros2/package.ps1'
[1.049s] INFO:colcon.colcon_core.shell:Creating package descriptor '/home/nour-mahgoub/Graduation_Rafeeq/install/kinect_ros2/share/kinect_ros2/package.dsv'
[1.049s] INFO:colcon.colcon_core.shell:Creating package script '/home/nour-mahgoub/Graduation_Rafeeq/install/kinect_ros2/share/kinect_ros2/package.sh'
[1.050s] INFO:colcon.colcon_core.shell:Creating package script '/home/nour-mahgoub/Graduation_Rafeeq/install/kinect_ros2/share/kinect_ros2/package.bash'
[1.050s] INFO:colcon.colcon_core.shell:Creating package script '/home/nour-mahgoub/Graduation_Rafeeq/install/kinect_ros2/share/kinect_ros2/package.zsh'
[1.050s] Level 1:colcon.colcon_core.environment:create_file_with_runtime_dependencies(/home/nour-mahgoub/Graduation_Rafeeq/install/kinect_ros2/share/colcon-core/packages/kinect_ros2)
[1.052s] Level 1:colcon.colcon_core.environment:create_environment_scripts_only(kinect_ros2)
[1.052s] Level 1:colcon.colcon_core.environment:checking '/home/nour-mahgoub/Graduation_Rafeeq/install/kinect_ros2' for CMake module files
[1.052s] Level 1:colcon.colcon_core.environment:checking '/home/nour-mahgoub/Graduation_Rafeeq/install/kinect_ros2' for CMake config files
[1.053s] Level 1:colcon.colcon_core.shell:create_environment_hook('kinect_ros2', 'cmake_prefix_path')
[1.053s] INFO:colcon.colcon_core.shell:Creating environment hook '/home/nour-mahgoub/Graduation_Rafeeq/install/kinect_ros2/share/kinect_ros2/hook/cmake_prefix_path.ps1'
[1.053s] INFO:colcon.colcon_core.shell:Creating environment descriptor '/home/nour-mahgoub/Graduation_Rafeeq/install/kinect_ros2/share/kinect_ros2/hook/cmake_prefix_path.dsv'
[1.054s] INFO:colcon.colcon_core.shell:Creating environment hook '/home/nour-mahgoub/Graduation_Rafeeq/install/kinect_ros2/share/kinect_ros2/hook/cmake_prefix_path.sh'
[1.054s] Level 1:colcon.colcon_core.environment:checking '/home/nour-mahgoub/Graduation_Rafeeq/install/kinect_ros2/lib'
[1.054s] Level 1:colcon.colcon_core.shell:create_environment_hook('kinect_ros2', 'ld_library_path_lib')
[1.054s] INFO:colcon.colcon_core.shell:Creating environment hook '/home/nour-mahgoub/Graduation_Rafeeq/install/kinect_ros2/share/kinect_ros2/hook/ld_library_path_lib.ps1'
[1.055s] INFO:colcon.colcon_core.shell:Creating environment descriptor '/home/nour-mahgoub/Graduation_Rafeeq/install/kinect_ros2/share/kinect_ros2/hook/ld_library_path_lib.dsv'
[1.055s] INFO:colcon.colcon_core.shell:Creating environment hook '/home/nour-mahgoub/Graduation_Rafeeq/install/kinect_ros2/share/kinect_ros2/hook/ld_library_path_lib.sh'
[1.055s] Level 1:colcon.colcon_core.environment:checking '/home/nour-mahgoub/Graduation_Rafeeq/install/kinect_ros2/bin'
[1.055s] Level 1:colcon.colcon_core.environment:checking '/home/nour-mahgoub/Graduation_Rafeeq/install/kinect_ros2/lib/pkgconfig/kinect_ros2.pc'
[1.056s] Level 1:colcon.colcon_core.environment:checking '/home/nour-mahgoub/Graduation_Rafeeq/install/kinect_ros2/lib/python3.12/site-packages'
[1.056s] Level 1:colcon.colcon_core.environment:checking '/home/nour-mahgoub/Graduation_Rafeeq/install/kinect_ros2/bin'
[1.056s] INFO:colcon.colcon_core.shell:Creating package script '/home/nour-mahgoub/Graduation_Rafeeq/install/kinect_ros2/share/kinect_ros2/package.ps1'
[1.057s] INFO:colcon.colcon_core.shell:Creating package descriptor '/home/nour-mahgoub/Graduation_Rafeeq/install/kinect_ros2/share/kinect_ros2/package.dsv'
[1.057s] INFO:colcon.colcon_core.shell:Creating package script '/home/nour-mahgoub/Graduation_Rafeeq/install/kinect_ros2/share/kinect_ros2/package.sh'
[1.058s] INFO:colcon.colcon_core.shell:Creating package script '/home/nour-mahgoub/Graduation_Rafeeq/install/kinect_ros2/share/kinect_ros2/package.bash'
[1.058s] INFO:colcon.colcon_core.shell:Creating package script '/home/nour-mahgoub/Graduation_Rafeeq/install/kinect_ros2/share/kinect_ros2/package.zsh'
[1.059s] Level 1:colcon.colcon_core.environment:create_file_with_runtime_dependencies(/home/nour-mahgoub/Graduation_Rafeeq/install/kinect_ros2/share/colcon-core/packages/kinect_ros2)
[1.059s] Level 1:colcon.colcon_core.environment:create_environment_scripts_only(rafeeq_navigation)
[1.059s] Level 1:colcon.colcon_core.environment:checking '/home/nour-mahgoub/Graduation_Rafeeq/install/rafeeq_navigation' for CMake module files
[1.060s] DEBUG:colcon.colcon_core.event_handler.log_command:Invoked command in '/home/nour-mahgoub/Graduation_Rafeeq/build/rafeeq_navigation' returned '0': CMAKE_PREFIX_PATH=${CMAKE_PREFIX_PATH}:/home/nour-mahgoub/Graduation_Rafeeq/install/view_robot_pkg:/home/nour-mahgoub/Graduation_Rafeeq/install/serial_node:/home/nour-mahgoub/Graduation_Rafeeq/install/rafeeq_description:/opt/ros/jazzy DEBUGINFOD_URLS=https://debuginfod.ubuntu.com /usr/bin/cmake --install /home/nour-mahgoub/Graduation_Rafeeq/build/rafeeq_navigation
[1.060s] Level 1:colcon.colcon_core.environment:checking '/home/nour-mahgoub/Graduation_Rafeeq/install/rafeeq_navigation' for CMake config files
[1.060s] Level 1:colcon.colcon_core.shell:create_environment_hook('rafeeq_navigation', 'cmake_prefix_path')
[1.061s] INFO:colcon.colcon_core.shell:Creating environment hook '/home/nour-mahgoub/Graduation_Rafeeq/install/rafeeq_navigation/share/rafeeq_navigation/hook/cmake_prefix_path.ps1'
[1.061s] INFO:colcon.colcon_core.shell:Creating environment descriptor '/home/nour-mahgoub/Graduation_Rafeeq/install/rafeeq_navigation/share/rafeeq_navigation/hook/cmake_prefix_path.dsv'
[1.061s] INFO:colcon.colcon_core.shell:Creating environment hook '/home/nour-mahgoub/Graduation_Rafeeq/install/rafeeq_navigation/share/rafeeq_navigation/hook/cmake_prefix_path.sh'
[1.062s] Level 1:colcon.colcon_core.environment:checking '/home/nour-mahgoub/Graduation_Rafeeq/install/rafeeq_navigation/bin'
[1.062s] Level 1:colcon.colcon_core.environment:checking '/home/nour-mahgoub/Graduation_Rafeeq/install/rafeeq_navigation/lib/pkgconfig/rafeeq_navigation.pc'
[1.062s] Level 1:colcon.colcon_core.environment:checking '/home/nour-mahgoub/Graduation_Rafeeq/install/rafeeq_navigation/lib/python3.12/site-packages'
[1.063s] Level 1:colcon.colcon_core.environment:checking '/home/nour-mahgoub/Graduation_Rafeeq/install/rafeeq_navigation/bin'
[1.063s] INFO:colcon.colcon_core.shell:Creating package script '/home/nour-mahgoub/Graduation_Rafeeq/install/rafeeq_navigation/share/rafeeq_navigation/package.ps1'
[1.064s] INFO:colcon.colcon_core.shell:Creating package descriptor '/home/nour-mahgoub/Graduation_Rafeeq/install/rafeeq_navigation/share/rafeeq_navigation/package.dsv'
[1.064s] INFO:colcon.colcon_core.shell:Creating package script '/home/nour-mahgoub/Graduation_Rafeeq/install/rafeeq_navigation/share/rafeeq_navigation/package.sh'
[1.064s] INFO:colcon.colcon_core.shell:Creating package script '/home/nour-mahgoub/Graduation_Rafeeq/install/rafeeq_navigation/share/rafeeq_navigation/package.bash'
[1.065s] INFO:colcon.colcon_core.shell:Creating package script '/home/nour-mahgoub/Graduation_Rafeeq/install/rafeeq_navigation/share/rafeeq_navigation/package.zsh'
[1.065s] Level 1:colcon.colcon_core.environment:create_file_with_runtime_dependencies(/home/nour-mahgoub/Graduation_Rafeeq/install/rafeeq_navigation/share/colcon-core/packages/rafeeq_navigation)
[1.067s] Level 1:colcon.colcon_core.environment:create_environment_scripts_only(rafeeq_navigation)
[1.067s] Level 1:colcon.colcon_core.environment:checking '/home/nour-mahgoub/Graduation_Rafeeq/install/rafeeq_navigation' for CMake module files
[1.067s] Level 1:colcon.colcon_core.environment:checking '/home/nour-mahgoub/Graduation_Rafeeq/install/rafeeq_navigation' for CMake config files
[1.067s] Level 1:colcon.colcon_core.shell:create_environment_hook('rafeeq_navigation', 'cmake_prefix_path')
[1.068s] INFO:colcon.colcon_core.shell:Creating environment hook '/home/nour-mahgoub/Graduation_Rafeeq/install/rafeeq_navigation/share/rafeeq_navigation/hook/cmake_prefix_path.ps1'
[1.068s] INFO:colcon.colcon_core.shell:Creating environment descriptor '/home/nour-mahgoub/Graduation_Rafeeq/install/rafeeq_navigation/share/rafeeq_navigation/hook/cmake_prefix_path.dsv'
[1.069s] INFO:colcon.colcon_core.shell:Creating environment hook '/home/nour-mahgoub/Graduation_Rafeeq/install/rafeeq_navigation/share/rafeeq_navigation/hook/cmake_prefix_path.sh'
[1.069s] Level 1:colcon.colcon_core.environment:checking '/home/nour-mahgoub/Graduation_Rafeeq/install/rafeeq_navigation/bin'
[1.069s] Level 1:colcon.colcon_core.environment:checking '/home/nour-mahgoub/Graduation_Rafeeq/install/rafeeq_navigation/lib/pkgconfig/rafeeq_navigation.pc'
[1.069s] Level 1:colcon.colcon_core.environment:checking '/home/nour-mahgoub/Graduation_Rafeeq/install/rafeeq_navigation/lib/python3.12/site-packages'
[1.070s] Level 1:colcon.colcon_core.environment:checking '/home/nour-mahgoub/Graduation_Rafeeq/install/rafeeq_navigation/bin'
[1.070s] INFO:colcon.colcon_core.shell:Creating package script '/home/nour-mahgoub/Graduation_Rafeeq/install/rafeeq_navigation/share/rafeeq_navigation/package.ps1'
[1.071s] INFO:colcon.colcon_core.shell:Creating package descriptor '/home/nour-mahgoub/Graduation_Rafeeq/install/rafeeq_navigation/share/rafeeq_navigation/package.dsv'
[1.071s] INFO:colcon.colcon_core.shell:Creating package script '/home/nour-mahgoub/Graduation_Rafeeq/install/rafeeq_navigation/share/rafeeq_navigation/package.sh'
[1.072s] INFO:colcon.colcon_core.shell:Creating package script '/home/nour-mahgoub/Graduation_Rafeeq/install/rafeeq_navigation/share/rafeeq_navigation/package.bash'
[1.072s] INFO:colcon.colcon_core.shell:Creating package script '/home/nour-mahgoub/Graduation_Rafeeq/install/rafeeq_navigation/share/rafeeq_navigation/package.zsh'
[1.072s] Level 1:colcon.colcon_core.environment:create_file_with_runtime_dependencies(/home/nour-mahgoub/Graduation_Rafeeq/install/rafeeq_navigation/share/colcon-core/packages/rafeeq_navigation)
[1.073s] DEBUG:colcon.colcon_core.event_handler.log_command:Invoked command in '/home/nour-mahgoub/Graduation_Rafeeq/build/sllidar_ros2' returned '0': CMAKE_PREFIX_PATH=${CMAKE_PREFIX_PATH}:/home/nour-mahgoub/Graduation_Rafeeq/install/view_robot_pkg:/home/nour-mahgoub/Graduation_Rafeeq/install/serial_node:/home/nour-mahgoub/Graduation_Rafeeq/install/rafeeq_description:/opt/ros/jazzy DEBUGINFOD_URLS=https://debuginfod.ubuntu.com /usr/bin/cmake --build /home/nour-mahgoub/Graduation_Rafeeq/build/sllidar_ros2 -- -j20 -l20
[1.074s] DEBUG:colcon.colcon_core.event_handler.log_command:Invoking command in '/home/nour-mahgoub/Graduation_Rafeeq/build/sllidar_ros2': CMAKE_PREFIX_PATH=${CMAKE_PREFIX_PATH}:/home/nour-mahgoub/Graduation_Rafeeq/install/view_robot_pkg:/home/nour-mahgoub/Graduation_Rafeeq/install/serial_node:/home/nour-mahgoub/Graduation_Rafeeq/install/rafeeq_description:/opt/ros/jazzy DEBUGINFOD_URLS=https://debuginfod.ubuntu.com /usr/bin/cmake --install /home/nour-mahgoub/Graduation_Rafeeq/build/sllidar_ros2
[1.075s] Level 1:colcon.colcon_core.environment:create_environment_scripts_only(rafeeq_speech)
[1.075s] Level 1:colcon.colcon_core.environment:checking '/home/nour-mahgoub/Graduation_Rafeeq/install/rafeeq_speech' for CMake module files
[1.075s] DEBUG:colcon.colcon_core.event_handler.log_command:Invoked command in '/home/nour-mahgoub/Graduation_Rafeeq/build/rafeeq_speech' returned '0': CMAKE_PREFIX_PATH=${CMAKE_PREFIX_PATH}:/home/nour-mahgoub/Graduation_Rafeeq/install/view_robot_pkg:/home/nour-mahgoub/Graduation_Rafeeq/install/serial_node:/home/nour-mahgoub/Graduation_Rafeeq/install/rafeeq_description:/opt/ros/jazzy DEBUGINFOD_URLS=https://debuginfod.ubuntu.com /usr/bin/cmake --install /home/nour-mahgoub/Graduation_Rafeeq/build/rafeeq_speech
[1.076s] Level 1:colcon.colcon_core.environment:checking '/home/nour-mahgoub/Graduation_Rafeeq/install/rafeeq_speech' for CMake config files
[1.076s] Level 1:colcon.colcon_core.shell:create_environment_hook('rafeeq_speech', 'cmake_prefix_path')
[1.076s] INFO:colcon.colcon_core.shell:Creating environment hook '/home/nour-mahgoub/Graduation_Rafeeq/install/rafeeq_speech/share/rafeeq_speech/hook/cmake_prefix_path.ps1'
[1.077s] INFO:colcon.colcon_core.shell:Creating environment descriptor '/home/nour-mahgoub/Graduation_Rafeeq/install/rafeeq_speech/share/rafeeq_speech/hook/cmake_prefix_path.dsv'
[1.077s] INFO:colcon.colcon_core.shell:Creating environment hook '/home/nour-mahgoub/Graduation_Rafeeq/install/rafeeq_speech/share/rafeeq_speech/hook/cmake_prefix_path.sh'
[1.078s] Level 1:colcon.colcon_core.environment:checking '/home/nour-mahgoub/Graduation_Rafeeq/install/rafeeq_speech/lib'
[1.078s] Level 1:colcon.colcon_core.environment:checking '/home/nour-mahgoub/Graduation_Rafeeq/install/rafeeq_speech/bin'
[1.078s] Level 1:colcon.colcon_core.environment:checking '/home/nour-mahgoub/Graduation_Rafeeq/install/rafeeq_speech/lib/pkgconfig/rafeeq_speech.pc'
[1.078s] Level 1:colcon.colcon_core.environment:checking '/home/nour-mahgoub/Graduation_Rafeeq/install/rafeeq_speech/lib/python3.12/site-packages'
[1.078s] Level 1:colcon.colcon_core.environment:checking '/home/nour-mahgoub/Graduation_Rafeeq/install/rafeeq_speech/bin'
[1.079s] INFO:colcon.colcon_core.shell:Creating package script '/home/nour-mahgoub/Graduation_Rafeeq/install/rafeeq_speech/share/rafeeq_speech/package.ps1'
[1.079s] INFO:colcon.colcon_core.shell:Creating package descriptor '/home/nour-mahgoub/Graduation_Rafeeq/install/rafeeq_speech/share/rafeeq_speech/package.dsv'
[1.079s] INFO:colcon.colcon_core.shell:Creating package script '/home/nour-mahgoub/Graduation_Rafeeq/install/rafeeq_speech/share/rafeeq_speech/package.sh'
[1.080s] INFO:colcon.colcon_core.shell:Creating package script '/home/nour-mahgoub/Graduation_Rafeeq/install/rafeeq_speech/share/rafeeq_speech/package.bash'
[1.080s] INFO:colcon.colcon_core.shell:Creating package script '/home/nour-mahgoub/Graduation_Rafeeq/install/rafeeq_speech/share/rafeeq_speech/package.zsh'
[1.080s] Level 1:colcon.colcon_core.environment:create_file_with_runtime_dependencies(/home/nour-mahgoub/Graduation_Rafeeq/install/rafeeq_speech/share/colcon-core/packages/rafeeq_speech)
[1.081s] Level 1:colcon.colcon_core.environment:create_environment_scripts_only(rafeeq_speech)
[1.081s] Level 1:colcon.colcon_core.environment:checking '/home/nour-mahgoub/Graduation_Rafeeq/install/rafeeq_speech' for CMake module files
[1.082s] Level 1:colcon.colcon_core.environment:checking '/home/nour-mahgoub/Graduation_Rafeeq/install/rafeeq_speech' for CMake config files
[1.082s] Level 1:colcon.colcon_core.shell:create_environment_hook('rafeeq_speech', 'cmake_prefix_path')
[1.082s] INFO:colcon.colcon_core.shell:Creating environment hook '/home/nour-mahgoub/Graduation_Rafeeq/install/rafeeq_speech/share/rafeeq_speech/hook/cmake_prefix_path.ps1'
[1.082s] INFO:colcon.colcon_core.shell:Creating environment descriptor '/home/nour-mahgoub/Graduation_Rafeeq/install/rafeeq_speech/share/rafeeq_speech/hook/cmake_prefix_path.dsv'
[1.083s] INFO:colcon.colcon_core.shell:Creating environment hook '/home/nour-mahgoub/Graduation_Rafeeq/install/rafeeq_speech/share/rafeeq_speech/hook/cmake_prefix_path.sh'
[1.083s] Level 1:colcon.colcon_core.environment:checking '/home/nour-mahgoub/Graduation_Rafeeq/install/rafeeq_speech/lib'
[1.083s] Level 1:colcon.colcon_core.environment:checking '/home/nour-mahgoub/Graduation_Rafeeq/install/rafeeq_speech/bin'
[1.083s] Level 1:colcon.colcon_core.environment:checking '/home/nour-mahgoub/Graduation_Rafeeq/install/rafeeq_speech/lib/pkgconfig/rafeeq_speech.pc'
[1.084s] Level 1:colcon.colcon_core.environment:checking '/home/nour-mahgoub/Graduation_Rafeeq/install/rafeeq_speech/lib/python3.12/site-packages'
[1.084s] Level 1:colcon.colcon_core.environment:checking '/home/nour-mahgoub/Graduation_Rafeeq/install/rafeeq_speech/bin'
[1.084s] INFO:colcon.colcon_core.shell:Creating package script '/home/nour-mahgoub/Graduation_Rafeeq/install/rafeeq_speech/share/rafeeq_speech/package.ps1'
[1.085s] INFO:colcon.colcon_core.shell:Creating package descriptor '/home/nour-mahgoub/Graduation_Rafeeq/install/rafeeq_speech/share/rafeeq_speech/package.dsv'
[1.085s] INFO:colcon.colcon_core.shell:Creating package script '/home/nour-mahgoub/Graduation_Rafeeq/install/rafeeq_speech/share/rafeeq_speech/package.sh'
[1.086s] INFO:colcon.colcon_core.shell:Creating package script '/home/nour-mahgoub/Graduation_Rafeeq/install/rafeeq_speech/share/rafeeq_speech/package.bash'
[1.086s] INFO:colcon.colcon_core.shell:Creating package script '/home/nour-mahgoub/Graduation_Rafeeq/install/rafeeq_speech/share/rafeeq_speech/package.zsh'
[1.086s] Level 1:colcon.colcon_core.environment:create_file_with_runtime_dependencies(/home/nour-mahgoub/Graduation_Rafeeq/install/rafeeq_speech/share/colcon-core/packages/rafeeq_speech)
[1.092s] Level 1:colcon.colcon_core.environment:create_environment_scripts_only(sllidar_ros2)
[1.092s] Level 1:colcon.colcon_core.environment:checking '/home/nour-mahgoub/Graduation_Rafeeq/install/sllidar_ros2' for CMake module files
[1.094s] Level 1:colcon.colcon_core.environment:checking '/home/nour-mahgoub/Graduation_Rafeeq/install/sllidar_ros2' for CMake config files
[1.096s] DEBUG:colcon.colcon_core.event_handler.log_command:Invoked command in '/home/nour-mahgoub/Graduation_Rafeeq/build/usb_cam' returned '0': CMAKE_PREFIX_PATH=${CMAKE_PREFIX_PATH}:/home/nour-mahgoub/Graduation_Rafeeq/install/view_robot_pkg:/home/nour-mahgoub/Graduation_Rafeeq/install/serial_node:/home/nour-mahgoub/Graduation_Rafeeq/install/rafeeq_description:/opt/ros/jazzy DEBUGINFOD_URLS=https://debuginfod.ubuntu.com /usr/bin/cmake --build /home/nour-mahgoub/Graduation_Rafeeq/build/usb_cam -- -j20 -l20
[1.096s] Level 1:colcon.colcon_core.shell:create_environment_hook('sllidar_ros2', 'cmake_prefix_path')
[1.096s] INFO:colcon.colcon_core.shell:Creating environment hook '/home/nour-mahgoub/Graduation_Rafeeq/install/sllidar_ros2/share/sllidar_ros2/hook/cmake_prefix_path.ps1'
[1.096s] DEBUG:colcon.colcon_core.event_handler.log_command:Invoking command in '/home/nour-mahgoub/Graduation_Rafeeq/build/usb_cam': CMAKE_PREFIX_PATH=${CMAKE_PREFIX_PATH}:/home/nour-mahgoub/Graduation_Rafeeq/install/view_robot_pkg:/home/nour-mahgoub/Graduation_Rafeeq/install/serial_node:/home/nour-mahgoub/Graduation_Rafeeq/install/rafeeq_description:/opt/ros/jazzy DEBUGINFOD_URLS=https://debuginfod.ubuntu.com /usr/bin/cmake --install /home/nour-mahgoub/Graduation_Rafeeq/build/usb_cam
[1.097s] DEBUG:colcon.colcon_core.event_handler.log_command:Invoked command in '/home/nour-mahgoub/Graduation_Rafeeq/build/sllidar_ros2' returned '0': CMAKE_PREFIX_PATH=${CMAKE_PREFIX_PATH}:/home/nour-mahgoub/Graduation_Rafeeq/install/view_robot_pkg:/home/nour-mahgoub/Graduation_Rafeeq/install/serial_node:/home/nour-mahgoub/Graduation_Rafeeq/install/rafeeq_description:/opt/ros/jazzy DEBUGINFOD_URLS=https://debuginfod.ubuntu.com /usr/bin/cmake --install /home/nour-mahgoub/Graduation_Rafeeq/build/sllidar_ros2
[1.097s] INFO:colcon.colcon_core.shell:Creating environment descriptor '/home/nour-mahgoub/Graduation_Rafeeq/install/sllidar_ros2/share/sllidar_ros2/hook/cmake_prefix_path.dsv'
[1.098s] INFO:colcon.colcon_core.shell:Creating environment hook '/home/nour-mahgoub/Graduation_Rafeeq/install/sllidar_ros2/share/sllidar_ros2/hook/cmake_prefix_path.sh'
[1.099s] Level 1:colcon.colcon_core.environment:checking '/home/nour-mahgoub/Graduation_Rafeeq/install/sllidar_ros2/lib'
[1.099s] Level 1:colcon.colcon_core.environment:checking '/home/nour-mahgoub/Graduation_Rafeeq/install/sllidar_ros2/bin'
[1.099s] Level 1:colcon.colcon_core.environment:checking '/home/nour-mahgoub/Graduation_Rafeeq/install/sllidar_ros2/lib/pkgconfig/sllidar_ros2.pc'
[1.099s] Level 1:colcon.colcon_core.environment:checking '/home/nour-mahgoub/Graduation_Rafeeq/install/sllidar_ros2/lib/python3.12/site-packages'
[1.099s] Level 1:colcon.colcon_core.environment:checking '/home/nour-mahgoub/Graduation_Rafeeq/install/sllidar_ros2/bin'
[1.100s] INFO:colcon.colcon_core.shell:Creating package script '/home/nour-mahgoub/Graduation_Rafeeq/install/sllidar_ros2/share/sllidar_ros2/package.ps1'
[1.100s] INFO:colcon.colcon_core.shell:Creating package descriptor '/home/nour-mahgoub/Graduation_Rafeeq/install/sllidar_ros2/share/sllidar_ros2/package.dsv'
[1.101s] INFO:colcon.colcon_core.shell:Creating package script '/home/nour-mahgoub/Graduation_Rafeeq/install/sllidar_ros2/share/sllidar_ros2/package.sh'
[1.101s] INFO:colcon.colcon_core.shell:Creating package script '/home/nour-mahgoub/Graduation_Rafeeq/install/sllidar_ros2/share/sllidar_ros2/package.bash'
[1.101s] INFO:colcon.colcon_core.shell:Creating package script '/home/nour-mahgoub/Graduation_Rafeeq/install/sllidar_ros2/share/sllidar_ros2/package.zsh'
[1.102s] Level 1:colcon.colcon_core.environment:create_file_with_runtime_dependencies(/home/nour-mahgoub/Graduation_Rafeeq/install/sllidar_ros2/share/colcon-core/packages/sllidar_ros2)
[1.103s] Level 1:colcon.colcon_core.environment:create_environment_scripts_only(sllidar_ros2)
[1.103s] Level 1:colcon.colcon_core.environment:checking '/home/nour-mahgoub/Graduation_Rafeeq/install/sllidar_ros2' for CMake module files
[1.103s] Level 1:colcon.colcon_core.environment:checking '/home/nour-mahgoub/Graduation_Rafeeq/install/sllidar_ros2' for CMake config files
[1.104s] Level 1:colcon.colcon_core.shell:create_environment_hook('sllidar_ros2', 'cmake_prefix_path')
[1.104s] INFO:colcon.colcon_core.shell:Creating environment hook '/home/nour-mahgoub/Graduation_Rafeeq/install/sllidar_ros2/share/sllidar_ros2/hook/cmake_prefix_path.ps1'
[1.104s] INFO:colcon.colcon_core.shell:Creating environment descriptor '/home/nour-mahgoub/Graduation_Rafeeq/install/sllidar_ros2/share/sllidar_ros2/hook/cmake_prefix_path.dsv'
[1.104s] INFO:colcon.colcon_core.shell:Creating environment hook '/home/nour-mahgoub/Graduation_Rafeeq/install/sllidar_ros2/share/sllidar_ros2/hook/cmake_prefix_path.sh'
[1.105s] Level 1:colcon.colcon_core.environment:checking '/home/nour-mahgoub/Graduation_Rafeeq/install/sllidar_ros2/lib'
[1.105s] Level 1:colcon.colcon_core.environment:checking '/home/nour-mahgoub/Graduation_Rafeeq/install/sllidar_ros2/bin'
[1.105s] Level 1:colcon.colcon_core.environment:checking '/home/nour-mahgoub/Graduation_Rafeeq/install/sllidar_ros2/lib/pkgconfig/sllidar_ros2.pc'
[1.105s] Level 1:colcon.colcon_core.environment:checking '/home/nour-mahgoub/Graduation_Rafeeq/install/sllidar_ros2/lib/python3.12/site-packages'
[1.106s] Level 1:colcon.colcon_core.environment:checking '/home/nour-mahgoub/Graduation_Rafeeq/install/sllidar_ros2/bin'
[1.106s] INFO:colcon.colcon_core.shell:Creating package script '/home/nour-mahgoub/Graduation_Rafeeq/install/sllidar_ros2/share/sllidar_ros2/package.ps1'
[1.107s] INFO:colcon.colcon_core.shell:Creating package descriptor '/home/nour-mahgoub/Graduation_Rafeeq/install/sllidar_ros2/share/sllidar_ros2/package.dsv'
[1.107s] INFO:colcon.colcon_core.shell:Creating package script '/home/nour-mahgoub/Graduation_Rafeeq/install/sllidar_ros2/share/sllidar_ros2/package.sh'
[1.107s] INFO:colcon.colcon_core.shell:Creating package script '/home/nour-mahgoub/Graduation_Rafeeq/install/sllidar_ros2/share/sllidar_ros2/package.bash'
[1.108s] INFO:colcon.colcon_core.shell:Creating package script '/home/nour-mahgoub/Graduation_Rafeeq/install/sllidar_ros2/share/sllidar_ros2/package.zsh'
[1.108s] Level 1:colcon.colcon_core.environment:create_file_with_runtime_dependencies(/home/nour-mahgoub/Graduation_Rafeeq/install/sllidar_ros2/share/colcon-core/packages/sllidar_ros2)
[1.113s] Level 1:colcon.colcon_core.environment:create_environment_scripts_only(usb_cam)
[1.113s] Level 1:colcon.colcon_core.environment:checking '/home/nour-mahgoub/Graduation_Rafeeq/install/usb_cam' for CMake module files
[1.115s] DEBUG:colcon.colcon_core.event_handler.log_command:Invoked command in '/home/nour-mahgoub/Graduation_Rafeeq/build/usb_cam' returned '0': CMAKE_PREFIX_PATH=${CMAKE_PREFIX_PATH}:/home/nour-mahgoub/Graduation_Rafeeq/install/view_robot_pkg:/home/nour-mahgoub/Graduation_Rafeeq/install/serial_node:/home/nour-mahgoub/Graduation_Rafeeq/install/rafeeq_description:/opt/ros/jazzy DEBUGINFOD_URLS=https://debuginfod.ubuntu.com /usr/bin/cmake --install /home/nour-mahgoub/Graduation_Rafeeq/build/usb_cam
[1.115s] Level 1:colcon.colcon_core.environment:checking '/home/nour-mahgoub/Graduation_Rafeeq/install/usb_cam' for CMake config files
[1.116s] Level 1:colcon.colcon_core.shell:create_environment_hook('usb_cam', 'cmake_prefix_path')
[1.116s] INFO:colcon.colcon_core.shell:Creating environment hook '/home/nour-mahgoub/Graduation_Rafeeq/install/usb_cam/share/usb_cam/hook/cmake_prefix_path.ps1'
[1.116s] INFO:colcon.colcon_core.shell:Creating environment descriptor '/home/nour-mahgoub/Graduation_Rafeeq/install/usb_cam/share/usb_cam/hook/cmake_prefix_path.dsv'
[1.117s] INFO:colcon.colcon_core.shell:Creating environment hook '/home/nour-mahgoub/Graduation_Rafeeq/install/usb_cam/share/usb_cam/hook/cmake_prefix_path.sh'
[1.117s] Level 1:colcon.colcon_core.environment:checking '/home/nour-mahgoub/Graduation_Rafeeq/install/usb_cam/lib'
[1.117s] Level 1:colcon.colcon_core.shell:create_environment_hook('usb_cam', 'ld_library_path_lib')
[1.117s] INFO:colcon.colcon_core.shell:Creating environment hook '/home/nour-mahgoub/Graduation_Rafeeq/install/usb_cam/share/usb_cam/hook/ld_library_path_lib.ps1'
[1.118s] INFO:colcon.colcon_core.shell:Creating environment descriptor '/home/nour-mahgoub/Graduation_Rafeeq/install/usb_cam/share/usb_cam/hook/ld_library_path_lib.dsv'
[1.118s] INFO:colcon.colcon_core.shell:Creating environment hook '/home/nour-mahgoub/Graduation_Rafeeq/install/usb_cam/share/usb_cam/hook/ld_library_path_lib.sh'
[1.118s] Level 1:colcon.colcon_core.environment:checking '/home/nour-mahgoub/Graduation_Rafeeq/install/usb_cam/bin'
[1.119s] Level 1:colcon.colcon_core.environment:checking '/home/nour-mahgoub/Graduation_Rafeeq/install/usb_cam/lib/pkgconfig/usb_cam.pc'
[1.119s] Level 1:colcon.colcon_core.environment:checking '/home/nour-mahgoub/Graduation_Rafeeq/install/usb_cam/lib/python3.12/site-packages'
[1.119s] Level 1:colcon.colcon_core.environment:checking '/home/nour-mahgoub/Graduation_Rafeeq/install/usb_cam/bin'
[1.119s] INFO:colcon.colcon_core.shell:Creating package script '/home/nour-mahgoub/Graduation_Rafeeq/install/usb_cam/share/usb_cam/package.ps1'
[1.120s] INFO:colcon.colcon_core.shell:Creating package descriptor '/home/nour-mahgoub/Graduation_Rafeeq/install/usb_cam/share/usb_cam/package.dsv'
[1.120s] INFO:colcon.colcon_core.shell:Creating package script '/home/nour-mahgoub/Graduation_Rafeeq/install/usb_cam/share/usb_cam/package.sh'
[1.121s] INFO:colcon.colcon_core.shell:Creating package script '/home/nour-mahgoub/Graduation_Rafeeq/install/usb_cam/share/usb_cam/package.bash'
[1.121s] INFO:colcon.colcon_core.shell:Creating package script '/home/nour-mahgoub/Graduation_Rafeeq/install/usb_cam/share/usb_cam/package.zsh'
[1.122s] Level 1:colcon.colcon_core.environment:create_file_with_runtime_dependencies(/home/nour-mahgoub/Graduation_Rafeeq/install/usb_cam/share/colcon-core/packages/usb_cam)
[1.123s] Level 1:colcon.colcon_core.environment:create_environment_scripts_only(usb_cam)
[1.123s] Level 1:colcon.colcon_core.environment:checking '/home/nour-mahgoub/Graduation_Rafeeq/install/usb_cam' for CMake module files
[1.123s] Level 1:colcon.colcon_core.environment:checking '/home/nour-mahgoub/Graduation_Rafeeq/install/usb_cam' for CMake config files
[1.124s] Level 1:colcon.colcon_core.shell:create_environment_hook('usb_cam', 'cmake_prefix_path')
[1.124s] INFO:colcon.colcon_core.shell:Creating environment hook '/home/nour-mahgoub/Graduation_Rafeeq/install/usb_cam/share/usb_cam/hook/cmake_prefix_path.ps1'
[1.124s] INFO:colcon.colcon_core.shell:Creating environment descriptor '/home/nour-mahgoub/Graduation_Rafeeq/install/usb_cam/share/usb_cam/hook/cmake_prefix_path.dsv'
[1.124s] INFO:colcon.colcon_core.shell:Creating environment hook '/home/nour-mahgoub/Graduation_Rafeeq/install/usb_cam/share/usb_cam/hook/cmake_prefix_path.sh'
[1.125s] Level 1:colcon.colcon_core.environment:checking '/home/nour-mahgoub/Graduation_Rafeeq/install/usb_cam/lib'
[1.125s] Level 1:colcon.colcon_core.shell:create_environment_hook('usb_cam', 'ld_library_path_lib')
[1.125s] INFO:colcon.colcon_core.shell:Creating environment hook '/home/nour-mahgoub/Graduation_Rafeeq/install/usb_cam/share/usb_cam/hook/ld_library_path_lib.ps1'
[1.126s] INFO:colcon.colcon_core.shell:Creating environment descriptor '/home/nour-mahgoub/Graduation_Rafeeq/install/usb_cam/share/usb_cam/hook/ld_library_path_lib.dsv'
[1.126s] INFO:colcon.colcon_core.shell:Creating environment hook '/home/nour-mahgoub/Graduation_Rafeeq/install/usb_cam/share/usb_cam/hook/ld_library_path_lib.sh'
[1.126s] Level 1:colcon.colcon_core.environment:checking '/home/nour-mahgoub/Graduation_Rafeeq/install/usb_cam/bin'
[1.127s] Level 1:colcon.colcon_core.environment:checking '/home/nour-mahgoub/Graduation_Rafeeq/install/usb_cam/lib/pkgconfig/usb_cam.pc'
[1.127s] Level 1:colcon.colcon_core.environment:checking '/home/nour-mahgoub/Graduation_Rafeeq/install/usb_cam/lib/python3.12/site-packages'
[1.127s] Level 1:colcon.colcon_core.environment:checking '/home/nour-mahgoub/Graduation_Rafeeq/install/usb_cam/bin'
[1.128s] INFO:colcon.colcon_core.shell:Creating package script '/home/nour-mahgoub/Graduation_Rafeeq/install/usb_cam/share/usb_cam/package.ps1'
[1.129s] INFO:colcon.colcon_core.shell:Creating package descriptor '/home/nour-mahgoub/Graduation_Rafeeq/install/usb_cam/share/usb_cam/package.dsv'
[1.129s] INFO:colcon.colcon_core.shell:Creating package script '/home/nour-mahgoub/Graduation_Rafeeq/install/usb_cam/share/usb_cam/package.sh'
[1.130s] INFO:colcon.colcon_core.shell:Creating package script '/home/nour-mahgoub/Graduation_Rafeeq/install/usb_cam/share/usb_cam/package.bash'
[1.130s] INFO:colcon.colcon_core.shell:Creating package script '/home/nour-mahgoub/Graduation_Rafeeq/install/usb_cam/share/usb_cam/package.zsh'
[1.130s] Level 1:colcon.colcon_core.environment:create_file_with_runtime_dependencies(/home/nour-mahgoub/Graduation_Rafeeq/install/usb_cam/share/colcon-core/packages/usb_cam)
[1.532s] DEBUG:colcon.colcon_core.event_handler.log_command:Invoking command in '/home/nour-mahgoub/Graduation_Rafeeq/src/serial_node': DEBUGINFOD_URLS=https://debuginfod.ubuntu.com PYTHONPATH=/home/nour-mahgoub/Graduation_Rafeeq/build/serial_node/prefix_override:/usr/lib/python3/dist-packages/colcon_core/task/python/colcon_distutils_commands:/home/nour-mahgoub/Graduation_Rafeeq/install/serial_node/lib/python3.12/site-packages:${PYTHONPATH} /usr/bin/python3 -W ignore:setup.py install is deprecated -W ignore:easy_install command is deprecated setup.py egg_info --egg-base ../../build/serial_node build --build-base /home/nour-mahgoub/Graduation_Rafeeq/build/serial_node/build install --record /home/nour-mahgoub/Graduation_Rafeeq/build/serial_node/install.log --single-version-externally-managed install_data
[1.578s] DEBUG:colcon.colcon_core.event_handler.log_command:Invoking command in '/home/nour-mahgoub/Graduation_Rafeeq/src/rafeeq_description': DEBUGINFOD_URLS=https://debuginfod.ubuntu.com PYTHONPATH=/home/nour-mahgoub/Graduation_Rafeeq/build/rafeeq_description/prefix_override:/usr/lib/python3/dist-packages/colcon_core/task/python/colcon_distutils_commands:/home/nour-mahgoub/Graduation_Rafeeq/install/rafeeq_description/lib/python3.12/site-packages:${PYTHONPATH} /usr/bin/python3 -W ignore:setup.py install is deprecated -W ignore:easy_install command is deprecated setup.py egg_info --egg-base ../../build/rafeeq_description build --build-base /home/nour-mahgoub/Graduation_Rafeeq/build/rafeeq_description/build install --record /home/nour-mahgoub/Graduation_Rafeeq/build/rafeeq_description/install.log --single-version-externally-managed install_data
[1.971s] Level 1:colcon.colcon_core.environment:checking '/home/nour-mahgoub/Graduation_Rafeeq/install/rafeeq_description' for CMake module files
[1.972s] DEBUG:colcon.colcon_core.event_handler.log_command:Invoked command in '/home/nour-mahgoub/Graduation_Rafeeq/src/rafeeq_description' returned '0': DEBUGINFOD_URLS=https://debuginfod.ubuntu.com PYTHONPATH=/home/nour-mahgoub/Graduation_Rafeeq/build/rafeeq_description/prefix_override:/usr/lib/python3/dist-packages/colcon_core/task/python/colcon_distutils_commands:/home/nour-mahgoub/Graduation_Rafeeq/install/rafeeq_description/lib/python3.12/site-packages:${PYTHONPATH} /usr/bin/python3 -W ignore:setup.py install is deprecated -W ignore:easy_install command is deprecated setup.py egg_info --egg-base ../../build/rafeeq_description build --build-base /home/nour-mahgoub/Graduation_Rafeeq/build/rafeeq_description/build install --record /home/nour-mahgoub/Graduation_Rafeeq/build/rafeeq_description/install.log --single-version-externally-managed install_data
[1.972s] Level 1:colcon.colcon_core.environment:checking '/home/nour-mahgoub/Graduation_Rafeeq/install/rafeeq_description' for CMake config files
[1.973s] Level 1:colcon.colcon_core.environment:checking '/home/nour-mahgoub/Graduation_Rafeeq/install/rafeeq_description/lib'
[1.973s] Level 1:colcon.colcon_core.environment:checking '/home/nour-mahgoub/Graduation_Rafeeq/install/rafeeq_description/bin'
[1.973s] Level 1:colcon.colcon_core.environment:checking '/home/nour-mahgoub/Graduation_Rafeeq/install/rafeeq_description/lib/pkgconfig/rafeeq_description.pc'
[1.973s] Level 1:colcon.colcon_core.environment:checking '/home/nour-mahgoub/Graduation_Rafeeq/install/rafeeq_description/lib/python3.12/site-packages'
[1.973s] Level 1:colcon.colcon_core.shell:create_environment_hook('rafeeq_description', 'pythonpath')
[1.973s] INFO:colcon.colcon_core.shell:Creating environment hook '/home/nour-mahgoub/Graduation_Rafeeq/install/rafeeq_description/share/rafeeq_description/hook/pythonpath.ps1'
[1.974s] INFO:colcon.colcon_core.shell:Creating environment descriptor '/home/nour-mahgoub/Graduation_Rafeeq/install/rafeeq_description/share/rafeeq_description/hook/pythonpath.dsv'
[1.974s] INFO:colcon.colcon_core.shell:Creating environment hook '/home/nour-mahgoub/Graduation_Rafeeq/install/rafeeq_description/share/rafeeq_description/hook/pythonpath.sh'
[1.975s] Level 1:colcon.colcon_core.environment:checking '/home/nour-mahgoub/Graduation_Rafeeq/install/rafeeq_description/bin'
[1.975s] Level 1:colcon.colcon_core.environment:create_environment_scripts_only(rafeeq_description)
[1.975s] INFO:colcon.colcon_core.shell:Creating package script '/home/nour-mahgoub/Graduation_Rafeeq/install/rafeeq_description/share/rafeeq_description/package.ps1'
[1.976s] INFO:colcon.colcon_core.shell:Creating package descriptor '/home/nour-mahgoub/Graduation_Rafeeq/install/rafeeq_description/share/rafeeq_description/package.dsv'
[1.976s] INFO:colcon.colcon_core.shell:Creating package script '/home/nour-mahgoub/Graduation_Rafeeq/install/rafeeq_description/share/rafeeq_description/package.sh'
[1.976s] INFO:colcon.colcon_core.shell:Creating package script '/home/nour-mahgoub/Graduation_Rafeeq/install/rafeeq_description/share/rafeeq_description/package.bash'
[1.977s] INFO:colcon.colcon_core.shell:Creating package script '/home/nour-mahgoub/Graduation_Rafeeq/install/rafeeq_description/share/rafeeq_description/package.zsh'
[1.977s] Level 1:colcon.colcon_core.environment:create_file_with_runtime_dependencies(/home/nour-mahgoub/Graduation_Rafeeq/install/rafeeq_description/share/colcon-core/packages/rafeeq_description)
[2.144s] Level 1:colcon.colcon_core.environment:checking '/home/nour-mahgoub/Graduation_Rafeeq/install/serial_node' for CMake module files
[2.144s] DEBUG:colcon.colcon_core.event_handler.log_command:Invoked command in '/home/nour-mahgoub/Graduation_Rafeeq/src/serial_node' returned '0': DEBUGINFOD_URLS=https://debuginfod.ubuntu.com PYTHONPATH=/home/nour-mahgoub/Graduation_Rafeeq/build/serial_node/prefix_override:/usr/lib/python3/dist-packages/colcon_core/task/python/colcon_distutils_commands:/home/nour-mahgoub/Graduation_Rafeeq/install/serial_node/lib/python3.12/site-packages:${PYTHONPATH} /usr/bin/python3 -W ignore:setup.py install is deprecated -W ignore:easy_install command is deprecated setup.py egg_info --egg-base ../../build/serial_node build --build-base /home/nour-mahgoub/Graduation_Rafeeq/build/serial_node/build install --record /home/nour-mahgoub/Graduation_Rafeeq/build/serial_node/install.log --single-version-externally-managed install_data
[2.145s] Level 1:colcon.colcon_core.environment:checking '/home/nour-mahgoub/Graduation_Rafeeq/install/serial_node' for CMake config files
[2.145s] Level 1:colcon.colcon_core.environment:checking '/home/nour-mahgoub/Graduation_Rafeeq/install/serial_node/lib'
[2.145s] Level 1:colcon.colcon_core.environment:checking '/home/nour-mahgoub/Graduation_Rafeeq/install/serial_node/bin'
[2.145s] Level 1:colcon.colcon_core.environment:checking '/home/nour-mahgoub/Graduation_Rafeeq/install/serial_node/lib/pkgconfig/serial_node.pc'
[2.145s] Level 1:colcon.colcon_core.environment:checking '/home/nour-mahgoub/Graduation_Rafeeq/install/serial_node/lib/python3.12/site-packages'
[2.145s] Level 1:colcon.colcon_core.shell:create_environment_hook('serial_node', 'pythonpath')
[2.145s] INFO:colcon.colcon_core.shell:Creating environment hook '/home/nour-mahgoub/Graduation_Rafeeq/install/serial_node/share/serial_node/hook/pythonpath.ps1'
[2.146s] INFO:colcon.colcon_core.shell:Creating environment descriptor '/home/nour-mahgoub/Graduation_Rafeeq/install/serial_node/share/serial_node/hook/pythonpath.dsv'
[2.146s] INFO:colcon.colcon_core.shell:Creating environment hook '/home/nour-mahgoub/Graduation_Rafeeq/install/serial_node/share/serial_node/hook/pythonpath.sh'
[2.146s] Level 1:colcon.colcon_core.environment:checking '/home/nour-mahgoub/Graduation_Rafeeq/install/serial_node/bin'
[2.146s] Level 1:colcon.colcon_core.environment:create_environment_scripts_only(serial_node)
[2.146s] INFO:colcon.colcon_core.shell:Creating package script '/home/nour-mahgoub/Graduation_Rafeeq/install/serial_node/share/serial_node/package.ps1'
[2.147s] INFO:colcon.colcon_core.shell:Creating package descriptor '/home/nour-mahgoub/Graduation_Rafeeq/install/serial_node/share/serial_node/package.dsv'
[2.147s] INFO:colcon.colcon_core.shell:Creating package script '/home/nour-mahgoub/Graduation_Rafeeq/install/serial_node/share/serial_node/package.sh'
[2.147s] INFO:colcon.colcon_core.shell:Creating package script '/home/nour-mahgoub/Graduation_Rafeeq/install/serial_node/share/serial_node/package.bash'
[2.147s] INFO:colcon.colcon_core.shell:Creating package script '/home/nour-mahgoub/Graduation_Rafeeq/install/serial_node/share/serial_node/package.zsh'
[2.148s] Level 1:colcon.colcon_core.environment:create_file_with_runtime_dependencies(/home/nour-mahgoub/Graduation_Rafeeq/install/serial_node/share/colcon-core/packages/serial_node)
[2.148s] DEBUG:colcon.colcon_parallel_executor.executor.parallel:closing loop
[2.148s] DEBUG:colcon.colcon_parallel_executor.executor.parallel:loop closed
[2.148s] DEBUG:colcon.colcon_parallel_executor.executor.parallel:run_until_complete finished with '0'
[2.148s] DEBUG:colcon.colcon_core.event_reactor:joining thread
[2.157s] INFO:colcon.colcon_core.plugin_system:Skipping extension 'colcon_notification.desktop_notification.terminal_notifier': Not used on non-Darwin systems
[2.157s] INFO:colcon.colcon_core.plugin_system:Skipping extension 'colcon_notification.desktop_notification.win32': Not used on non-Windows systems
[2.157s] INFO:colcon.colcon_notification.desktop_notification:Sending desktop notification using 'notify2'
[2.171s] DEBUG:colcon.colcon_core.event_reactor:joined thread
[2.171s] INFO:colcon.colcon_core.shell:Creating prefix script '/home/nour-mahgoub/Graduation_Rafeeq/install/local_setup.ps1'
[2.171s] INFO:colcon.colcon_core.shell:Creating prefix util module '/home/nour-mahgoub/Graduation_Rafeeq/install/_local_setup_util_ps1.py'
[2.172s] INFO:colcon.colcon_core.shell:Creating prefix chain script '/home/nour-mahgoub/Graduation_Rafeeq/install/setup.ps1'
[2.173s] INFO:colcon.colcon_core.shell:Creating prefix script '/home/nour-mahgoub/Graduation_Rafeeq/install/local_setup.sh'
[2.173s] INFO:colcon.colcon_core.shell:Creating prefix util module '/home/nour-mahgoub/Graduation_Rafeeq/install/_local_setup_util_sh.py'
[2.173s] INFO:colcon.colcon_core.shell:Creating prefix chain script '/home/nour-mahgoub/Graduation_Rafeeq/install/setup.sh'
[2.174s] INFO:colcon.colcon_core.shell:Creating prefix script '/home/nour-mahgoub/Graduation_Rafeeq/install/local_setup.bash'
[2.174s] INFO:colcon.colcon_core.shell:Creating prefix chain script '/home/nour-mahgoub/Graduation_Rafeeq/install/setup.bash'
[2.175s] INFO:colcon.colcon_core.shell:Creating prefix script '/home/nour-mahgoub/Graduation_Rafeeq/install/local_setup.zsh'
[2.175s] INFO:colcon.colcon_core.shell:Creating prefix chain script '/home/nour-mahgoub/Graduation_Rafeeq/install/setup.zsh'
