[0.190s] DEBUG:colcon:Command line arguments: ['/usr/bin/colcon', 'build']
[0.190s] DEBUG:colcon:Parsed command line arguments: Namespace(log_base=None, log_level=None, verb_name='build', build_base='build', install_base='install', merge_install=False, symlink_install=False, test_result_base=None, continue_on_error=False, executor='parallel', parallel_workers=20, event_handlers=None, ignore_user_meta=False, metas=['./colcon.meta'], base_paths=['.'], packages_ignore=None, packages_ignore_regex=None, paths=None, packages_up_to=None, packages_up_to_regex=None, packages_above=None, packages_above_and_dependencies=None, packages_above_depth=None, packages_select_by_dep=None, packages_skip_by_dep=None, packages_skip_up_to=None, packages_select_build_failed=False, packages_skip_build_finished=False, packages_select_test_failures=False, packages_skip_test_passed=False, packages_select=None, packages_skip=None, packages_select_regex=None, packages_skip_regex=None, packages_start=None, packages_end=None, allow_overriding=[], cmake_args=None, cmake_target=None, cmake_target_skip_unavailable=False, cmake_clean_cache=False, cmake_clean_first=False, cmake_force_configure=False, ament_cmake_args=None, catkin_cmake_args=None, catkin_skip_building_tests=False, mixin_files=None, mixin=None, verb_parser=<colcon_mixin.mixin.mixin_argument.MixinArgumentDecorator object at 0x71378dc96030>, verb_extension=<colcon_core.verb.build.BuildVerb object at 0x71378dc94710>, main=<bound method BuildVerb.main of <colcon_core.verb.build.BuildVerb object at 0x71378dc94710>>, mixin_verb=('build',))
[0.230s] Level 1:colcon.colcon_core.package_discovery:discover_packages(colcon_meta) check parameters
[0.230s] Level 1:colcon.colcon_core.package_discovery:discover_packages(recursive) check parameters
[0.230s] Level 1:colcon.colcon_core.package_discovery:discover_packages(ignore) check parameters
[0.230s] Level 1:colcon.colcon_core.package_discovery:discover_packages(path) check parameters
[0.231s] Level 1:colcon.colcon_core.package_discovery:discover_packages(colcon_meta) discover
[0.231s] Level 1:colcon.colcon_core.package_discovery:discover_packages(recursive) discover
[0.231s] INFO:colcon.colcon_core.package_discovery:Crawling recursively for packages in '/home/nour-mahgoub/Graduation_Rafeeq'
[0.231s] Level 1:colcon.colcon_core.package_identification:_identify(.) by extensions ['ignore', 'ignore_ament_install']
[0.231s] Level 1:colcon.colcon_core.package_identification:_identify(.) by extension 'ignore'
[0.231s] Level 1:colcon.colcon_core.package_identification:_identify(.) by extension 'ignore_ament_install'
[0.231s] Level 1:colcon.colcon_core.package_identification:_identify(.) by extensions ['colcon_pkg']
[0.231s] Level 1:colcon.colcon_core.package_identification:_identify(.) by extension 'colcon_pkg'
[0.231s] Level 1:colcon.colcon_core.package_identification:_identify(.) by extensions ['colcon_meta']
[0.231s] Level 1:colcon.colcon_core.package_identification:_identify(.) by extension 'colcon_meta'
[0.231s] Level 1:colcon.colcon_core.package_identification:_identify(.) by extensions ['ros']
[0.231s] Level 1:colcon.colcon_core.package_identification:_identify(.) by extension 'ros'
[0.254s] Level 1:colcon.colcon_core.package_identification:_identify(.) by extensions ['cmake', 'python']
[0.254s] Level 1:colcon.colcon_core.package_identification:_identify(.) by extension 'cmake'
[0.255s] Level 1:colcon.colcon_core.package_identification:_identify(.) by extension 'python'
[0.255s] Level 1:colcon.colcon_core.package_identification:_identify(.) by extensions ['python_setup_py']
[0.255s] Level 1:colcon.colcon_core.package_identification:_identify(.) by extension 'python_setup_py'
[0.255s] Level 1:colcon.colcon_core.package_identification:_identify(build) by extensions ['ignore', 'ignore_ament_install']
[0.255s] Level 1:colcon.colcon_core.package_identification:_identify(build) by extension 'ignore'
[0.255s] Level 1:colcon.colcon_core.package_identification:_identify(build) ignored
[0.255s] Level 1:colcon.colcon_core.package_identification:_identify(install) by extensions ['ignore', 'ignore_ament_install']
[0.255s] Level 1:colcon.colcon_core.package_identification:_identify(install) by extension 'ignore'
[0.255s] Level 1:colcon.colcon_core.package_identification:_identify(install) ignored
[0.255s] Level 1:colcon.colcon_core.package_identification:_identify(launch) by extensions ['ignore', 'ignore_ament_install']
[0.255s] Level 1:colcon.colcon_core.package_identification:_identify(launch) by extension 'ignore'
[0.255s] Level 1:colcon.colcon_core.package_identification:_identify(launch) by extension 'ignore_ament_install'
[0.255s] Level 1:colcon.colcon_core.package_identification:_identify(launch) by extensions ['colcon_pkg']
[0.255s] Level 1:colcon.colcon_core.package_identification:_identify(launch) by extension 'colcon_pkg'
[0.255s] Level 1:colcon.colcon_core.package_identification:_identify(launch) by extensions ['colcon_meta']
[0.256s] Level 1:colcon.colcon_core.package_identification:_identify(launch) by extension 'colcon_meta'
[0.256s] Level 1:colcon.colcon_core.package_identification:_identify(launch) by extensions ['ros']
[0.256s] Level 1:colcon.colcon_core.package_identification:_identify(launch) by extension 'ros'
[0.256s] Level 1:colcon.colcon_core.package_identification:_identify(launch) by extensions ['cmake', 'python']
[0.256s] Level 1:colcon.colcon_core.package_identification:_identify(launch) by extension 'cmake'
[0.256s] Level 1:colcon.colcon_core.package_identification:_identify(launch) by extension 'python'
[0.256s] Level 1:colcon.colcon_core.package_identification:_identify(launch) by extensions ['python_setup_py']
[0.256s] Level 1:colcon.colcon_core.package_identification:_identify(launch) by extension 'python_setup_py'
[0.256s] Level 1:colcon.colcon_core.package_identification:_identify(log) by extensions ['ignore', 'ignore_ament_install']
[0.256s] Level 1:colcon.colcon_core.package_identification:_identify(log) by extension 'ignore'
[0.256s] Level 1:colcon.colcon_core.package_identification:_identify(log) ignored
[0.256s] Level 1:colcon.colcon_core.package_identification:_identify(src) by extensions ['ignore', 'ignore_ament_install']
[0.256s] Level 1:colcon.colcon_core.package_identification:_identify(src) by extension 'ignore'
[0.256s] Level 1:colcon.colcon_core.package_identification:_identify(src) by extension 'ignore_ament_install'
[0.256s] Level 1:colcon.colcon_core.package_identification:_identify(src) by extensions ['colcon_pkg']
[0.256s] Level 1:colcon.colcon_core.package_identification:_identify(src) by extension 'colcon_pkg'
[0.256s] Level 1:colcon.colcon_core.package_identification:_identify(src) by extensions ['colcon_meta']
[0.256s] Level 1:colcon.colcon_core.package_identification:_identify(src) by extension 'colcon_meta'
[0.257s] Level 1:colcon.colcon_core.package_identification:_identify(src) by extensions ['ros']
[0.257s] Level 1:colcon.colcon_core.package_identification:_identify(src) by extension 'ros'
[0.257s] Level 1:colcon.colcon_core.package_identification:_identify(src) by extensions ['cmake', 'python']
[0.257s] Level 1:colcon.colcon_core.package_identification:_identify(src) by extension 'cmake'
[0.257s] Level 1:colcon.colcon_core.package_identification:_identify(src) by extension 'python'
[0.257s] Level 1:colcon.colcon_core.package_identification:_identify(src) by extensions ['python_setup_py']
[0.257s] Level 1:colcon.colcon_core.package_identification:_identify(src) by extension 'python_setup_py'
[0.257s] Level 1:colcon.colcon_core.package_identification:_identify(src/kinect_ros2) by extensions ['ignore', 'ignore_ament_install']
[0.257s] Level 1:colcon.colcon_core.package_identification:_identify(src/kinect_ros2) by extension 'ignore'
[0.257s] Level 1:colcon.colcon_core.package_identification:_identify(src/kinect_ros2) by extension 'ignore_ament_install'
[0.257s] Level 1:colcon.colcon_core.package_identification:_identify(src/kinect_ros2) by extensions ['colcon_pkg']
[0.257s] Level 1:colcon.colcon_core.package_identification:_identify(src/kinect_ros2) by extension 'colcon_pkg'
[0.257s] Level 1:colcon.colcon_core.package_identification:_identify(src/kinect_ros2) by extensions ['colcon_meta']
[0.257s] Level 1:colcon.colcon_core.package_identification:_identify(src/kinect_ros2) by extension 'colcon_meta'
[0.257s] Level 1:colcon.colcon_core.package_identification:_identify(src/kinect_ros2) by extensions ['ros']
[0.257s] Level 1:colcon.colcon_core.package_identification:_identify(src/kinect_ros2) by extension 'ros'
[0.260s] DEBUG:colcon.colcon_core.package_identification:Package 'src/kinect_ros2' with type 'ros.ament_cmake' and name 'kinect_ros2'
[0.260s] Level 1:colcon.colcon_core.package_identification:_identify(src/rafeeq_bringup) by extensions ['ignore', 'ignore_ament_install']
[0.260s] Level 1:colcon.colcon_core.package_identification:_identify(src/rafeeq_bringup) by extension 'ignore'
[0.261s] Level 1:colcon.colcon_core.package_identification:_identify(src/rafeeq_bringup) by extension 'ignore_ament_install'
[0.261s] Level 1:colcon.colcon_core.package_identification:_identify(src/rafeeq_bringup) by extensions ['colcon_pkg']
[0.261s] Level 1:colcon.colcon_core.package_identification:_identify(src/rafeeq_bringup) by extension 'colcon_pkg'
[0.261s] Level 1:colcon.colcon_core.package_identification:_identify(src/rafeeq_bringup) by extensions ['colcon_meta']
[0.261s] Level 1:colcon.colcon_core.package_identification:_identify(src/rafeeq_bringup) by extension 'colcon_meta'
[0.261s] Level 1:colcon.colcon_core.package_identification:_identify(src/rafeeq_bringup) by extensions ['ros']
[0.261s] Level 1:colcon.colcon_core.package_identification:_identify(src/rafeeq_bringup) by extension 'ros'
[0.261s] DEBUG:colcon.colcon_core.package_identification:Package 'src/rafeeq_bringup' with type 'ros.ament_cmake' and name 'rafeeq_bringup'
[0.261s] Level 1:colcon.colcon_core.package_identification:_identify(src/rafeeq_description) by extensions ['ignore', 'ignore_ament_install']
[0.261s] Level 1:colcon.colcon_core.package_identification:_identify(src/rafeeq_description) by extension 'ignore'
[0.261s] Level 1:colcon.colcon_core.package_identification:_identify(src/rafeeq_description) by extension 'ignore_ament_install'
[0.261s] Level 1:colcon.colcon_core.package_identification:_identify(src/rafeeq_description) by extensions ['colcon_pkg']
[0.262s] Level 1:colcon.colcon_core.package_identification:_identify(src/rafeeq_description) by extension 'colcon_pkg'
[0.262s] Level 1:colcon.colcon_core.package_identification:_identify(src/rafeeq_description) by extensions ['colcon_meta']
[0.262s] Level 1:colcon.colcon_core.package_identification:_identify(src/rafeeq_description) by extension 'colcon_meta'
[0.262s] Level 1:colcon.colcon_core.package_identification:_identify(src/rafeeq_description) by extensions ['ros']
[0.262s] Level 1:colcon.colcon_core.package_identification:_identify(src/rafeeq_description) by extension 'ros'
[0.262s] DEBUG:colcon.colcon_core.package_identification:Package 'src/rafeeq_description' with type 'ros.ament_python' and name 'rafeeq_description'
[0.262s] Level 1:colcon.colcon_core.package_identification:_identify(src/rafeeq_localization) by extensions ['ignore', 'ignore_ament_install']
[0.262s] Level 1:colcon.colcon_core.package_identification:_identify(src/rafeeq_localization) by extension 'ignore'
[0.262s] Level 1:colcon.colcon_core.package_identification:_identify(src/rafeeq_localization) by extension 'ignore_ament_install'
[0.262s] Level 1:colcon.colcon_core.package_identification:_identify(src/rafeeq_localization) by extensions ['colcon_pkg']
[0.262s] Level 1:colcon.colcon_core.package_identification:_identify(src/rafeeq_localization) by extension 'colcon_pkg'
[0.262s] Level 1:colcon.colcon_core.package_identification:_identify(src/rafeeq_localization) by extensions ['colcon_meta']
[0.262s] Level 1:colcon.colcon_core.package_identification:_identify(src/rafeeq_localization) by extension 'colcon_meta'
[0.262s] Level 1:colcon.colcon_core.package_identification:_identify(src/rafeeq_localization) by extensions ['ros']
[0.263s] Level 1:colcon.colcon_core.package_identification:_identify(src/rafeeq_localization) by extension 'ros'
[0.264s] DEBUG:colcon.colcon_core.package_identification:Package 'src/rafeeq_localization' with type 'ros.ament_cmake' and name 'rafeeq_localization'
[0.264s] Level 1:colcon.colcon_core.package_identification:_identify(src/rafeeq_navigation) by extensions ['ignore', 'ignore_ament_install']
[0.264s] Level 1:colcon.colcon_core.package_identification:_identify(src/rafeeq_navigation) by extension 'ignore'
[0.264s] Level 1:colcon.colcon_core.package_identification:_identify(src/rafeeq_navigation) by extension 'ignore_ament_install'
[0.264s] Level 1:colcon.colcon_core.package_identification:_identify(src/rafeeq_navigation) by extensions ['colcon_pkg']
[0.264s] Level 1:colcon.colcon_core.package_identification:_identify(src/rafeeq_navigation) by extension 'colcon_pkg'
[0.264s] Level 1:colcon.colcon_core.package_identification:_identify(src/rafeeq_navigation) by extensions ['colcon_meta']
[0.264s] Level 1:colcon.colcon_core.package_identification:_identify(src/rafeeq_navigation) by extension 'colcon_meta'
[0.264s] Level 1:colcon.colcon_core.package_identification:_identify(src/rafeeq_navigation) by extensions ['ros']
[0.264s] Level 1:colcon.colcon_core.package_identification:_identify(src/rafeeq_navigation) by extension 'ros'
[0.265s] DEBUG:colcon.colcon_core.package_identification:Package 'src/rafeeq_navigation' with type 'ros.ament_cmake' and name 'rafeeq_navigation'
[0.265s] Level 1:colcon.colcon_core.package_identification:_identify(src/rafeeq_slam) by extensions ['ignore', 'ignore_ament_install']
[0.265s] Level 1:colcon.colcon_core.package_identification:_identify(src/rafeeq_slam) by extension 'ignore'
[0.265s] Level 1:colcon.colcon_core.package_identification:_identify(src/rafeeq_slam) by extension 'ignore_ament_install'
[0.265s] Level 1:colcon.colcon_core.package_identification:_identify(src/rafeeq_slam) by extensions ['colcon_pkg']
[0.265s] Level 1:colcon.colcon_core.package_identification:_identify(src/rafeeq_slam) by extension 'colcon_pkg'
[0.265s] Level 1:colcon.colcon_core.package_identification:_identify(src/rafeeq_slam) by extensions ['colcon_meta']
[0.265s] Level 1:colcon.colcon_core.package_identification:_identify(src/rafeeq_slam) by extension 'colcon_meta'
[0.265s] Level 1:colcon.colcon_core.package_identification:_identify(src/rafeeq_slam) by extensions ['ros']
[0.265s] Level 1:colcon.colcon_core.package_identification:_identify(src/rafeeq_slam) by extension 'ros'
[0.266s] DEBUG:colcon.colcon_core.package_identification:Package 'src/rafeeq_slam' with type 'ros.ament_cmake' and name 'rafeeq_slam'
[0.266s] Level 1:colcon.colcon_core.package_identification:_identify(src/rafeeq_speech) by extensions ['ignore', 'ignore_ament_install']
[0.266s] Level 1:colcon.colcon_core.package_identification:_identify(src/rafeeq_speech) by extension 'ignore'
[0.266s] Level 1:colcon.colcon_core.package_identification:_identify(src/rafeeq_speech) by extension 'ignore_ament_install'
[0.266s] Level 1:colcon.colcon_core.package_identification:_identify(src/rafeeq_speech) by extensions ['colcon_pkg']
[0.266s] Level 1:colcon.colcon_core.package_identification:_identify(src/rafeeq_speech) by extension 'colcon_pkg'
[0.266s] Level 1:colcon.colcon_core.package_identification:_identify(src/rafeeq_speech) by extensions ['colcon_meta']
[0.266s] Level 1:colcon.colcon_core.package_identification:_identify(src/rafeeq_speech) by extension 'colcon_meta'
[0.266s] Level 1:colcon.colcon_core.package_identification:_identify(src/rafeeq_speech) by extensions ['ros']
[0.266s] Level 1:colcon.colcon_core.package_identification:_identify(src/rafeeq_speech) by extension 'ros'
[0.266s] DEBUG:colcon.colcon_core.package_identification:Package 'src/rafeeq_speech' with type 'ros.ament_cmake' and name 'rafeeq_speech'
[0.267s] Level 1:colcon.colcon_core.package_identification:_identify(src/serial_node) by extensions ['ignore', 'ignore_ament_install']
[0.267s] Level 1:colcon.colcon_core.package_identification:_identify(src/serial_node) by extension 'ignore'
[0.267s] Level 1:colcon.colcon_core.package_identification:_identify(src/serial_node) by extension 'ignore_ament_install'
[0.267s] Level 1:colcon.colcon_core.package_identification:_identify(src/serial_node) by extensions ['colcon_pkg']
[0.267s] Level 1:colcon.colcon_core.package_identification:_identify(src/serial_node) by extension 'colcon_pkg'
[0.267s] Level 1:colcon.colcon_core.package_identification:_identify(src/serial_node) by extensions ['colcon_meta']
[0.267s] Level 1:colcon.colcon_core.package_identification:_identify(src/serial_node) by extension 'colcon_meta'
[0.267s] Level 1:colcon.colcon_core.package_identification:_identify(src/serial_node) by extensions ['ros']
[0.267s] Level 1:colcon.colcon_core.package_identification:_identify(src/serial_node) by extension 'ros'
[0.267s] DEBUG:colcon.colcon_core.package_identification:Package 'src/serial_node' with type 'ros.ament_python' and name 'serial_node'
[0.267s] Level 1:colcon.colcon_core.package_identification:_identify(src/sllidar_ros2) by extensions ['ignore', 'ignore_ament_install']
[0.268s] Level 1:colcon.colcon_core.package_identification:_identify(src/sllidar_ros2) by extension 'ignore'
[0.268s] Level 1:colcon.colcon_core.package_identification:_identify(src/sllidar_ros2) by extension 'ignore_ament_install'
[0.268s] Level 1:colcon.colcon_core.package_identification:_identify(src/sllidar_ros2) by extensions ['colcon_pkg']
[0.268s] Level 1:colcon.colcon_core.package_identification:_identify(src/sllidar_ros2) by extension 'colcon_pkg'
[0.268s] Level 1:colcon.colcon_core.package_identification:_identify(src/sllidar_ros2) by extensions ['colcon_meta']
[0.268s] Level 1:colcon.colcon_core.package_identification:_identify(src/sllidar_ros2) by extension 'colcon_meta'
[0.268s] Level 1:colcon.colcon_core.package_identification:_identify(src/sllidar_ros2) by extensions ['ros']
[0.268s] Level 1:colcon.colcon_core.package_identification:_identify(src/sllidar_ros2) by extension 'ros'
[0.268s] DEBUG:colcon.colcon_core.package_identification:Package 'src/sllidar_ros2' with type 'ros.ament_cmake' and name 'sllidar_ros2'
[0.268s] Level 1:colcon.colcon_core.package_identification:_identify(src/usb_cam) by extensions ['ignore', 'ignore_ament_install']
[0.268s] Level 1:colcon.colcon_core.package_identification:_identify(src/usb_cam) by extension 'ignore'
[0.269s] Level 1:colcon.colcon_core.package_identification:_identify(src/usb_cam) by extension 'ignore_ament_install'
[0.269s] Level 1:colcon.colcon_core.package_identification:_identify(src/usb_cam) by extensions ['colcon_pkg']
[0.269s] Level 1:colcon.colcon_core.package_identification:_identify(src/usb_cam) by extension 'colcon_pkg'
[0.269s] Level 1:colcon.colcon_core.package_identification:_identify(src/usb_cam) by extensions ['colcon_meta']
[0.269s] Level 1:colcon.colcon_core.package_identification:_identify(src/usb_cam) by extension 'colcon_meta'
[0.269s] Level 1:colcon.colcon_core.package_identification:_identify(src/usb_cam) by extensions ['ros']
[0.269s] Level 1:colcon.colcon_core.package_identification:_identify(src/usb_cam) by extension 'ros'
[0.270s] DEBUG:colcon.colcon_core.package_identification:Package 'src/usb_cam' with type 'ros.ament_cmake' and name 'usb_cam'
[0.270s] Level 1:colcon.colcon_core.package_discovery:discover_packages(recursive) using defaults
[0.270s] Level 1:colcon.colcon_core.package_discovery:discover_packages(ignore) discover
[0.270s] Level 1:colcon.colcon_core.package_discovery:discover_packages(ignore) using defaults
[0.270s] Level 1:colcon.colcon_core.package_discovery:discover_packages(path) discover
[0.270s] Level 1:colcon.colcon_core.package_discovery:discover_packages(path) using defaults
[0.290s] Level 1:colcon.colcon_core.package_discovery:discover_packages(prefix_path) check parameters
[0.290s] Level 1:colcon.colcon_core.package_discovery:discover_packages(prefix_path) discover
[0.294s] DEBUG:colcon.colcon_installed_package_information.package_discovery:Found 13 installed packages in /home/nour-mahgoub/Graduation_Rafeeq/install
[0.297s] DEBUG:colcon.colcon_installed_package_information.package_discovery:Found 460 installed packages in /opt/ros/jazzy
[0.298s] Level 1:colcon.colcon_core.package_discovery:discover_packages(prefix_path) using defaults
[0.367s] Level 5:colcon.colcon_core.verb:set package 'kinect_ros2' build argument 'cmake_args' from command line to 'None'
[0.367s] Level 5:colcon.colcon_core.verb:set package 'kinect_ros2' build argument 'cmake_target' from command line to 'None'
[0.367s] Level 5:colcon.colcon_core.verb:set package 'kinect_ros2' build argument 'cmake_target_skip_unavailable' from command line to 'False'
[0.368s] Level 5:colcon.colcon_core.verb:set package 'kinect_ros2' build argument 'cmake_clean_cache' from command line to 'False'
[0.368s] Level 5:colcon.colcon_core.verb:set package 'kinect_ros2' build argument 'cmake_clean_first' from command line to 'False'
[0.368s] Level 5:colcon.colcon_core.verb:set package 'kinect_ros2' build argument 'cmake_force_configure' from command line to 'False'
[0.368s] Level 5:colcon.colcon_core.verb:set package 'kinect_ros2' build argument 'ament_cmake_args' from command line to 'None'
[0.368s] Level 5:colcon.colcon_core.verb:set package 'kinect_ros2' build argument 'catkin_cmake_args' from command line to 'None'
[0.368s] Level 5:colcon.colcon_core.verb:set package 'kinect_ros2' build argument 'catkin_skip_building_tests' from command line to 'False'
[0.368s] DEBUG:colcon.colcon_core.verb:Building package 'kinect_ros2' with the following arguments: {'ament_cmake_args': None, 'build_base': '/home/nour-mahgoub/Graduation_Rafeeq/build/kinect_ros2', 'catkin_cmake_args': None, 'catkin_skip_building_tests': False, 'cmake_args': None, 'cmake_clean_cache': False, 'cmake_clean_first': False, 'cmake_force_configure': False, 'cmake_target': None, 'cmake_target_skip_unavailable': False, 'install_base': '/home/nour-mahgoub/Graduation_Rafeeq/install/kinect_ros2', 'merge_install': False, 'path': '/home/nour-mahgoub/Graduation_Rafeeq/src/kinect_ros2', 'symlink_install': False, 'test_result_base': None}
[0.368s] Level 5:colcon.colcon_core.verb:set package 'rafeeq_bringup' build argument 'cmake_args' from command line to 'None'
[0.368s] Level 5:colcon.colcon_core.verb:set package 'rafeeq_bringup' build argument 'cmake_target' from command line to 'None'
[0.368s] Level 5:colcon.colcon_core.verb:set package 'rafeeq_bringup' build argument 'cmake_target_skip_unavailable' from command line to 'False'
[0.368s] Level 5:colcon.colcon_core.verb:set package 'rafeeq_bringup' build argument 'cmake_clean_cache' from command line to 'False'
[0.368s] Level 5:colcon.colcon_core.verb:set package 'rafeeq_bringup' build argument 'cmake_clean_first' from command line to 'False'
[0.368s] Level 5:colcon.colcon_core.verb:set package 'rafeeq_bringup' build argument 'cmake_force_configure' from command line to 'False'
[0.368s] Level 5:colcon.colcon_core.verb:set package 'rafeeq_bringup' build argument 'ament_cmake_args' from command line to 'None'
[0.368s] Level 5:colcon.colcon_core.verb:set package 'rafeeq_bringup' build argument 'catkin_cmake_args' from command line to 'None'
[0.368s] Level 5:colcon.colcon_core.verb:set package 'rafeeq_bringup' build argument 'catkin_skip_building_tests' from command line to 'False'
[0.368s] DEBUG:colcon.colcon_core.verb:Building package 'rafeeq_bringup' with the following arguments: {'ament_cmake_args': None, 'build_base': '/home/nour-mahgoub/Graduation_Rafeeq/build/rafeeq_bringup', 'catkin_cmake_args': None, 'catkin_skip_building_tests': False, 'cmake_args': None, 'cmake_clean_cache': False, 'cmake_clean_first': False, 'cmake_force_configure': False, 'cmake_target': None, 'cmake_target_skip_unavailable': False, 'install_base': '/home/nour-mahgoub/Graduation_Rafeeq/install/rafeeq_bringup', 'merge_install': False, 'path': '/home/nour-mahgoub/Graduation_Rafeeq/src/rafeeq_bringup', 'symlink_install': False, 'test_result_base': None}
[0.368s] Level 5:colcon.colcon_core.verb:set package 'rafeeq_description' build argument 'cmake_args' from command line to 'None'
[0.368s] Level 5:colcon.colcon_core.verb:set package 'rafeeq_description' build argument 'cmake_target' from command line to 'None'
[0.369s] Level 5:colcon.colcon_core.verb:set package 'rafeeq_description' build argument 'cmake_target_skip_unavailable' from command line to 'False'
[0.369s] Level 5:colcon.colcon_core.verb:set package 'rafeeq_description' build argument 'cmake_clean_cache' from command line to 'False'
[0.369s] Level 5:colcon.colcon_core.verb:set package 'rafeeq_description' build argument 'cmake_clean_first' from command line to 'False'
[0.369s] Level 5:colcon.colcon_core.verb:set package 'rafeeq_description' build argument 'cmake_force_configure' from command line to 'False'
[0.369s] Level 5:colcon.colcon_core.verb:set package 'rafeeq_description' build argument 'ament_cmake_args' from command line to 'None'
[0.369s] Level 5:colcon.colcon_core.verb:set package 'rafeeq_description' build argument 'catkin_cmake_args' from command line to 'None'
[0.369s] Level 5:colcon.colcon_core.verb:set package 'rafeeq_description' build argument 'catkin_skip_building_tests' from command line to 'False'
[0.369s] DEBUG:colcon.colcon_core.verb:Building package 'rafeeq_description' with the following arguments: {'ament_cmake_args': None, 'build_base': '/home/nour-mahgoub/Graduation_Rafeeq/build/rafeeq_description', 'catkin_cmake_args': None, 'catkin_skip_building_tests': False, 'cmake_args': None, 'cmake_clean_cache': False, 'cmake_clean_first': False, 'cmake_force_configure': False, 'cmake_target': None, 'cmake_target_skip_unavailable': False, 'install_base': '/home/nour-mahgoub/Graduation_Rafeeq/install/rafeeq_description', 'merge_install': False, 'path': '/home/nour-mahgoub/Graduation_Rafeeq/src/rafeeq_description', 'symlink_install': False, 'test_result_base': None}
[0.369s] Level 5:colcon.colcon_core.verb:set package 'rafeeq_localization' build argument 'cmake_args' from command line to 'None'
[0.369s] Level 5:colcon.colcon_core.verb:set package 'rafeeq_localization' build argument 'cmake_target' from command line to 'None'
[0.369s] Level 5:colcon.colcon_core.verb:set package 'rafeeq_localization' build argument 'cmake_target_skip_unavailable' from command line to 'False'
[0.369s] Level 5:colcon.colcon_core.verb:set package 'rafeeq_localization' build argument 'cmake_clean_cache' from command line to 'False'
[0.369s] Level 5:colcon.colcon_core.verb:set package 'rafeeq_localization' build argument 'cmake_clean_first' from command line to 'False'
[0.369s] Level 5:colcon.colcon_core.verb:set package 'rafeeq_localization' build argument 'cmake_force_configure' from command line to 'False'
[0.369s] Level 5:colcon.colcon_core.verb:set package 'rafeeq_localization' build argument 'ament_cmake_args' from command line to 'None'
[0.369s] Level 5:colcon.colcon_core.verb:set package 'rafeeq_localization' build argument 'catkin_cmake_args' from command line to 'None'
[0.369s] Level 5:colcon.colcon_core.verb:set package 'rafeeq_localization' build argument 'catkin_skip_building_tests' from command line to 'False'
[0.369s] DEBUG:colcon.colcon_core.verb:Building package 'rafeeq_localization' with the following arguments: {'ament_cmake_args': None, 'build_base': '/home/nour-mahgoub/Graduation_Rafeeq/build/rafeeq_localization', 'catkin_cmake_args': None, 'catkin_skip_building_tests': False, 'cmake_args': None, 'cmake_clean_cache': False, 'cmake_clean_first': False, 'cmake_force_configure': False, 'cmake_target': None, 'cmake_target_skip_unavailable': False, 'install_base': '/home/nour-mahgoub/Graduation_Rafeeq/install/rafeeq_localization', 'merge_install': False, 'path': '/home/nour-mahgoub/Graduation_Rafeeq/src/rafeeq_localization', 'symlink_install': False, 'test_result_base': None}
[0.369s] Level 5:colcon.colcon_core.verb:set package 'rafeeq_navigation' build argument 'cmake_args' from command line to 'None'
[0.369s] Level 5:colcon.colcon_core.verb:set package 'rafeeq_navigation' build argument 'cmake_target' from command line to 'None'
[0.369s] Level 5:colcon.colcon_core.verb:set package 'rafeeq_navigation' build argument 'cmake_target_skip_unavailable' from command line to 'False'
[0.369s] Level 5:colcon.colcon_core.verb:set package 'rafeeq_navigation' build argument 'cmake_clean_cache' from command line to 'False'
[0.370s] Level 5:colcon.colcon_core.verb:set package 'rafeeq_navigation' build argument 'cmake_clean_first' from command line to 'False'
[0.370s] Level 5:colcon.colcon_core.verb:set package 'rafeeq_navigation' build argument 'cmake_force_configure' from command line to 'False'
[0.370s] Level 5:colcon.colcon_core.verb:set package 'rafeeq_navigation' build argument 'ament_cmake_args' from command line to 'None'
[0.370s] Level 5:colcon.colcon_core.verb:set package 'rafeeq_navigation' build argument 'catkin_cmake_args' from command line to 'None'
[0.370s] Level 5:colcon.colcon_core.verb:set package 'rafeeq_navigation' build argument 'catkin_skip_building_tests' from command line to 'False'
[0.370s] DEBUG:colcon.colcon_core.verb:Building package 'rafeeq_navigation' with the following arguments: {'ament_cmake_args': None, 'build_base': '/home/nour-mahgoub/Graduation_Rafeeq/build/rafeeq_navigation', 'catkin_cmake_args': None, 'catkin_skip_building_tests': False, 'cmake_args': None, 'cmake_clean_cache': False, 'cmake_clean_first': False, 'cmake_force_configure': False, 'cmake_target': None, 'cmake_target_skip_unavailable': False, 'install_base': '/home/nour-mahgoub/Graduation_Rafeeq/install/rafeeq_navigation', 'merge_install': False, 'path': '/home/nour-mahgoub/Graduation_Rafeeq/src/rafeeq_navigation', 'symlink_install': False, 'test_result_base': None}
[0.370s] Level 5:colcon.colcon_core.verb:set package 'rafeeq_slam' build argument 'cmake_args' from command line to 'None'
[0.370s] Level 5:colcon.colcon_core.verb:set package 'rafeeq_slam' build argument 'cmake_target' from command line to 'None'
[0.370s] Level 5:colcon.colcon_core.verb:set package 'rafeeq_slam' build argument 'cmake_target_skip_unavailable' from command line to 'False'
[0.370s] Level 5:colcon.colcon_core.verb:set package 'rafeeq_slam' build argument 'cmake_clean_cache' from command line to 'False'
[0.370s] Level 5:colcon.colcon_core.verb:set package 'rafeeq_slam' build argument 'cmake_clean_first' from command line to 'False'
[0.370s] Level 5:colcon.colcon_core.verb:set package 'rafeeq_slam' build argument 'cmake_force_configure' from command line to 'False'
[0.370s] Level 5:colcon.colcon_core.verb:set package 'rafeeq_slam' build argument 'ament_cmake_args' from command line to 'None'
[0.370s] Level 5:colcon.colcon_core.verb:set package 'rafeeq_slam' build argument 'catkin_cmake_args' from command line to 'None'
[0.370s] Level 5:colcon.colcon_core.verb:set package 'rafeeq_slam' build argument 'catkin_skip_building_tests' from command line to 'False'
[0.370s] DEBUG:colcon.colcon_core.verb:Building package 'rafeeq_slam' with the following arguments: {'ament_cmake_args': None, 'build_base': '/home/nour-mahgoub/Graduation_Rafeeq/build/rafeeq_slam', 'catkin_cmake_args': None, 'catkin_skip_building_tests': False, 'cmake_args': None, 'cmake_clean_cache': False, 'cmake_clean_first': False, 'cmake_force_configure': False, 'cmake_target': None, 'cmake_target_skip_unavailable': False, 'install_base': '/home/nour-mahgoub/Graduation_Rafeeq/install/rafeeq_slam', 'merge_install': False, 'path': '/home/nour-mahgoub/Graduation_Rafeeq/src/rafeeq_slam', 'symlink_install': False, 'test_result_base': None}
[0.370s] Level 5:colcon.colcon_core.verb:set package 'rafeeq_speech' build argument 'cmake_args' from command line to 'None'
[0.370s] Level 5:colcon.colcon_core.verb:set package 'rafeeq_speech' build argument 'cmake_target' from command line to 'None'
[0.370s] Level 5:colcon.colcon_core.verb:set package 'rafeeq_speech' build argument 'cmake_target_skip_unavailable' from command line to 'False'
[0.370s] Level 5:colcon.colcon_core.verb:set package 'rafeeq_speech' build argument 'cmake_clean_cache' from command line to 'False'
[0.370s] Level 5:colcon.colcon_core.verb:set package 'rafeeq_speech' build argument 'cmake_clean_first' from command line to 'False'
[0.370s] Level 5:colcon.colcon_core.verb:set package 'rafeeq_speech' build argument 'cmake_force_configure' from command line to 'False'
[0.370s] Level 5:colcon.colcon_core.verb:set package 'rafeeq_speech' build argument 'ament_cmake_args' from command line to 'None'
[0.370s] Level 5:colcon.colcon_core.verb:set package 'rafeeq_speech' build argument 'catkin_cmake_args' from command line to 'None'
[0.371s] Level 5:colcon.colcon_core.verb:set package 'rafeeq_speech' build argument 'catkin_skip_building_tests' from command line to 'False'
[0.371s] DEBUG:colcon.colcon_core.verb:Building package 'rafeeq_speech' with the following arguments: {'ament_cmake_args': None, 'build_base': '/home/nour-mahgoub/Graduation_Rafeeq/build/rafeeq_speech', 'catkin_cmake_args': None, 'catkin_skip_building_tests': False, 'cmake_args': None, 'cmake_clean_cache': False, 'cmake_clean_first': False, 'cmake_force_configure': False, 'cmake_target': None, 'cmake_target_skip_unavailable': False, 'install_base': '/home/nour-mahgoub/Graduation_Rafeeq/install/rafeeq_speech', 'merge_install': False, 'path': '/home/nour-mahgoub/Graduation_Rafeeq/src/rafeeq_speech', 'symlink_install': False, 'test_result_base': None}
[0.371s] Level 5:colcon.colcon_core.verb:set package 'serial_node' build argument 'cmake_args' from command line to 'None'
[0.371s] Level 5:colcon.colcon_core.verb:set package 'serial_node' build argument 'cmake_target' from command line to 'None'
[0.371s] Level 5:colcon.colcon_core.verb:set package 'serial_node' build argument 'cmake_target_skip_unavailable' from command line to 'False'
[0.371s] Level 5:colcon.colcon_core.verb:set package 'serial_node' build argument 'cmake_clean_cache' from command line to 'False'
[0.371s] Level 5:colcon.colcon_core.verb:set package 'serial_node' build argument 'cmake_clean_first' from command line to 'False'
[0.371s] Level 5:colcon.colcon_core.verb:set package 'serial_node' build argument 'cmake_force_configure' from command line to 'False'
[0.371s] Level 5:colcon.colcon_core.verb:set package 'serial_node' build argument 'ament_cmake_args' from command line to 'None'
[0.371s] Level 5:colcon.colcon_core.verb:set package 'serial_node' build argument 'catkin_cmake_args' from command line to 'None'
[0.371s] Level 5:colcon.colcon_core.verb:set package 'serial_node' build argument 'catkin_skip_building_tests' from command line to 'False'
[0.371s] DEBUG:colcon.colcon_core.verb:Building package 'serial_node' with the following arguments: {'ament_cmake_args': None, 'build_base': '/home/nour-mahgoub/Graduation_Rafeeq/build/serial_node', 'catkin_cmake_args': None, 'catkin_skip_building_tests': False, 'cmake_args': None, 'cmake_clean_cache': False, 'cmake_clean_first': False, 'cmake_force_configure': False, 'cmake_target': None, 'cmake_target_skip_unavailable': False, 'install_base': '/home/nour-mahgoub/Graduation_Rafeeq/install/serial_node', 'merge_install': False, 'path': '/home/nour-mahgoub/Graduation_Rafeeq/src/serial_node', 'symlink_install': False, 'test_result_base': None}
[0.371s] Level 5:colcon.colcon_core.verb:set package 'sllidar_ros2' build argument 'cmake_args' from command line to 'None'
[0.371s] Level 5:colcon.colcon_core.verb:set package 'sllidar_ros2' build argument 'cmake_target' from command line to 'None'
[0.371s] Level 5:colcon.colcon_core.verb:set package 'sllidar_ros2' build argument 'cmake_target_skip_unavailable' from command line to 'False'
[0.371s] Level 5:colcon.colcon_core.verb:set package 'sllidar_ros2' build argument 'cmake_clean_cache' from command line to 'False'
[0.371s] Level 5:colcon.colcon_core.verb:set package 'sllidar_ros2' build argument 'cmake_clean_first' from command line to 'False'
[0.371s] Level 5:colcon.colcon_core.verb:set package 'sllidar_ros2' build argument 'cmake_force_configure' from command line to 'False'
[0.371s] Level 5:colcon.colcon_core.verb:set package 'sllidar_ros2' build argument 'ament_cmake_args' from command line to 'None'
[0.371s] Level 5:colcon.colcon_core.verb:set package 'sllidar_ros2' build argument 'catkin_cmake_args' from command line to 'None'
[0.371s] Level 5:colcon.colcon_core.verb:set package 'sllidar_ros2' build argument 'catkin_skip_building_tests' from command line to 'False'
[0.371s] DEBUG:colcon.colcon_core.verb:Building package 'sllidar_ros2' with the following arguments: {'ament_cmake_args': None, 'build_base': '/home/nour-mahgoub/Graduation_Rafeeq/build/sllidar_ros2', 'catkin_cmake_args': None, 'catkin_skip_building_tests': False, 'cmake_args': None, 'cmake_clean_cache': False, 'cmake_clean_first': False, 'cmake_force_configure': False, 'cmake_target': None, 'cmake_target_skip_unavailable': False, 'install_base': '/home/nour-mahgoub/Graduation_Rafeeq/install/sllidar_ros2', 'merge_install': False, 'path': '/home/nour-mahgoub/Graduation_Rafeeq/src/sllidar_ros2', 'symlink_install': False, 'test_result_base': None}
[0.372s] Level 5:colcon.colcon_core.verb:set package 'usb_cam' build argument 'cmake_args' from command line to 'None'
[0.372s] Level 5:colcon.colcon_core.verb:set package 'usb_cam' build argument 'cmake_target' from command line to 'None'
[0.372s] Level 5:colcon.colcon_core.verb:set package 'usb_cam' build argument 'cmake_target_skip_unavailable' from command line to 'False'
[0.372s] Level 5:colcon.colcon_core.verb:set package 'usb_cam' build argument 'cmake_clean_cache' from command line to 'False'
[0.372s] Level 5:colcon.colcon_core.verb:set package 'usb_cam' build argument 'cmake_clean_first' from command line to 'False'
[0.372s] Level 5:colcon.colcon_core.verb:set package 'usb_cam' build argument 'cmake_force_configure' from command line to 'False'
[0.372s] Level 5:colcon.colcon_core.verb:set package 'usb_cam' build argument 'ament_cmake_args' from command line to 'None'
[0.372s] Level 5:colcon.colcon_core.verb:set package 'usb_cam' build argument 'catkin_cmake_args' from command line to 'None'
[0.372s] Level 5:colcon.colcon_core.verb:set package 'usb_cam' build argument 'catkin_skip_building_tests' from command line to 'False'
[0.372s] DEBUG:colcon.colcon_core.verb:Building package 'usb_cam' with the following arguments: {'ament_cmake_args': None, 'build_base': '/home/nour-mahgoub/Graduation_Rafeeq/build/usb_cam', 'catkin_cmake_args': None, 'catkin_skip_building_tests': False, 'cmake_args': None, 'cmake_clean_cache': False, 'cmake_clean_first': False, 'cmake_force_configure': False, 'cmake_target': None, 'cmake_target_skip_unavailable': False, 'install_base': '/home/nour-mahgoub/Graduation_Rafeeq/install/usb_cam', 'merge_install': False, 'path': '/home/nour-mahgoub/Graduation_Rafeeq/src/usb_cam', 'symlink_install': False, 'test_result_base': None}
[0.372s] INFO:colcon.colcon_core.executor:Executing jobs using 'parallel' executor
[0.373s] DEBUG:colcon.colcon_parallel_executor.executor.parallel:run_until_complete
[0.373s] INFO:colcon.colcon_ros.task.ament_cmake.build:Building ROS package in '/home/nour-mahgoub/Graduation_Rafeeq/src/kinect_ros2' with build type 'ament_cmake'
[0.373s] INFO:colcon.colcon_cmake.task.cmake.build:Building CMake package in '/home/nour-mahgoub/Graduation_Rafeeq/src/kinect_ros2'
[0.378s] INFO:colcon.colcon_core.plugin_system:Skipping extension 'colcon_core.shell.bat': Not used on non-Windows systems
[0.379s] INFO:colcon.colcon_core.shell:Skip shell extension 'powershell' for command environment: Not usable outside of PowerShell
[0.379s] DEBUG:colcon.colcon_core.shell:Skip shell extension 'dsv' for command environment
[0.383s] INFO:colcon.colcon_ros.task.ament_cmake.build:Building ROS package in '/home/nour-mahgoub/Graduation_Rafeeq/src/rafeeq_bringup' with build type 'ament_cmake'
[0.383s] INFO:colcon.colcon_cmake.task.cmake.build:Building CMake package in '/home/nour-mahgoub/Graduation_Rafeeq/src/rafeeq_bringup'
[0.384s] INFO:colcon.colcon_core.shell:Skip shell extension 'powershell' for command environment: Not usable outside of PowerShell
[0.384s] DEBUG:colcon.colcon_core.shell:Skip shell extension 'dsv' for command environment
[0.388s] INFO:colcon.colcon_ros.task.ament_python.build:Building ROS package in '/home/nour-mahgoub/Graduation_Rafeeq/src/rafeeq_description' with build type 'ament_python'
[0.388s] Level 1:colcon.colcon_core.shell:create_environment_hook('rafeeq_description', 'ament_prefix_path')
[0.388s] INFO:colcon.colcon_core.shell:Creating environment hook '/home/nour-mahgoub/Graduation_Rafeeq/install/rafeeq_description/share/rafeeq_description/hook/ament_prefix_path.ps1'
[0.389s] INFO:colcon.colcon_core.shell:Creating environment descriptor '/home/nour-mahgoub/Graduation_Rafeeq/install/rafeeq_description/share/rafeeq_description/hook/ament_prefix_path.dsv'
[0.389s] INFO:colcon.colcon_core.shell:Creating environment hook '/home/nour-mahgoub/Graduation_Rafeeq/install/rafeeq_description/share/rafeeq_description/hook/ament_prefix_path.sh'
[0.390s] INFO:colcon.colcon_core.shell:Skip shell extension 'powershell' for command environment: Not usable outside of PowerShell
[0.390s] DEBUG:colcon.colcon_core.shell:Skip shell extension 'dsv' for command environment
[0.394s] INFO:colcon.colcon_ros.task.ament_cmake.build:Building ROS package in '/home/nour-mahgoub/Graduation_Rafeeq/src/rafeeq_localization' with build type 'ament_cmake'
[0.394s] INFO:colcon.colcon_cmake.task.cmake.build:Building CMake package in '/home/nour-mahgoub/Graduation_Rafeeq/src/rafeeq_localization'
[0.395s] INFO:colcon.colcon_core.shell:Skip shell extension 'powershell' for command environment: Not usable outside of PowerShell
[0.395s] DEBUG:colcon.colcon_core.shell:Skip shell extension 'dsv' for command environment
[0.399s] INFO:colcon.colcon_ros.task.ament_cmake.build:Building ROS package in '/home/nour-mahgoub/Graduation_Rafeeq/src/rafeeq_navigation' with build type 'ament_cmake'
[0.399s] INFO:colcon.colcon_cmake.task.cmake.build:Building CMake package in '/home/nour-mahgoub/Graduation_Rafeeq/src/rafeeq_navigation'
[0.399s] INFO:colcon.colcon_core.shell:Skip shell extension 'powershell' for command environment: Not usable outside of PowerShell
[0.399s] DEBUG:colcon.colcon_core.shell:Skip shell extension 'dsv' for command environment
[0.404s] INFO:colcon.colcon_ros.task.ament_cmake.build:Building ROS package in '/home/nour-mahgoub/Graduation_Rafeeq/src/rafeeq_slam' with build type 'ament_cmake'
[0.404s] INFO:colcon.colcon_cmake.task.cmake.build:Building CMake package in '/home/nour-mahgoub/Graduation_Rafeeq/src/rafeeq_slam'
[0.404s] INFO:colcon.colcon_core.shell:Skip shell extension 'powershell' for command environment: Not usable outside of PowerShell
[0.404s] DEBUG:colcon.colcon_core.shell:Skip shell extension 'dsv' for command environment
[0.408s] INFO:colcon.colcon_ros.task.ament_cmake.build:Building ROS package in '/home/nour-mahgoub/Graduation_Rafeeq/src/rafeeq_speech' with build type 'ament_cmake'
[0.408s] INFO:colcon.colcon_cmake.task.cmake.build:Building CMake package in '/home/nour-mahgoub/Graduation_Rafeeq/src/rafeeq_speech'
[0.408s] INFO:colcon.colcon_core.shell:Skip shell extension 'powershell' for command environment: Not usable outside of PowerShell
[0.408s] DEBUG:colcon.colcon_core.shell:Skip shell extension 'dsv' for command environment
[0.413s] INFO:colcon.colcon_ros.task.ament_python.build:Building ROS package in '/home/nour-mahgoub/Graduation_Rafeeq/src/serial_node' with build type 'ament_python'
[0.413s] Level 1:colcon.colcon_core.shell:create_environment_hook('serial_node', 'ament_prefix_path')
[0.413s] INFO:colcon.colcon_core.shell:Creating environment hook '/home/nour-mahgoub/Graduation_Rafeeq/install/serial_node/share/serial_node/hook/ament_prefix_path.ps1'
[0.414s] INFO:colcon.colcon_core.shell:Creating environment descriptor '/home/nour-mahgoub/Graduation_Rafeeq/install/serial_node/share/serial_node/hook/ament_prefix_path.dsv'
[0.414s] INFO:colcon.colcon_core.shell:Creating environment hook '/home/nour-mahgoub/Graduation_Rafeeq/install/serial_node/share/serial_node/hook/ament_prefix_path.sh'
[0.415s] INFO:colcon.colcon_core.shell:Skip shell extension 'powershell' for command environment: Not usable outside of PowerShell
[0.415s] DEBUG:colcon.colcon_core.shell:Skip shell extension 'dsv' for command environment
[0.419s] INFO:colcon.colcon_ros.task.ament_cmake.build:Building ROS package in '/home/nour-mahgoub/Graduation_Rafeeq/src/sllidar_ros2' with build type 'ament_cmake'
[0.419s] INFO:colcon.colcon_cmake.task.cmake.build:Building CMake package in '/home/nour-mahgoub/Graduation_Rafeeq/src/sllidar_ros2'
[0.419s] INFO:colcon.colcon_core.shell:Skip shell extension 'powershell' for command environment: Not usable outside of PowerShell
[0.419s] DEBUG:colcon.colcon_core.shell:Skip shell extension 'dsv' for command environment
[0.424s] INFO:colcon.colcon_ros.task.ament_cmake.build:Building ROS package in '/home/nour-mahgoub/Graduation_Rafeeq/src/usb_cam' with build type 'ament_cmake'
[0.424s] INFO:colcon.colcon_cmake.task.cmake.build:Building CMake package in '/home/nour-mahgoub/Graduation_Rafeeq/src/usb_cam'
[0.424s] INFO:colcon.colcon_core.shell:Skip shell extension 'powershell' for command environment: Not usable outside of PowerShell
[0.424s] DEBUG:colcon.colcon_core.shell:Skip shell extension 'dsv' for command environment
[0.434s] DEBUG:colcon.colcon_core.event_handler.log_command:Invoking command in '/home/nour-mahgoub/Graduation_Rafeeq/build/kinect_ros2': CMAKE_PREFIX_PATH=${CMAKE_PREFIX_PATH}:/home/nour-mahgoub/Graduation_Rafeeq/install/view_robot_pkg:/home/nour-mahgoub/Graduation_Rafeeq/install/serial_node:/home/nour-mahgoub/Graduation_Rafeeq/install/rafeeq_description:/opt/ros/jazzy DEBUGINFOD_URLS=https://debuginfod.ubuntu.com /usr/bin/cmake --build /home/nour-mahgoub/Graduation_Rafeeq/build/kinect_ros2 -- -j20 -l20
[0.436s] DEBUG:colcon.colcon_core.event_handler.log_command:Invoking command in '/home/nour-mahgoub/Graduation_Rafeeq/build/rafeeq_bringup': CMAKE_PREFIX_PATH=${CMAKE_PREFIX_PATH}:/home/nour-mahgoub/Graduation_Rafeeq/install/view_robot_pkg:/home/nour-mahgoub/Graduation_Rafeeq/install/serial_node:/home/nour-mahgoub/Graduation_Rafeeq/install/rafeeq_description:/opt/ros/jazzy DEBUGINFOD_URLS=https://debuginfod.ubuntu.com /usr/bin/cmake --build /home/nour-mahgoub/Graduation_Rafeeq/build/rafeeq_bringup -- -j20 -l20
[0.659s] INFO:colcon.colcon_core.task.python.build:Building Python package in '/home/nour-mahgoub/Graduation_Rafeeq/src/rafeeq_description'
[0.659s] INFO:colcon.colcon_core.shell:Skip shell extension 'powershell' for command environment: Not usable outside of PowerShell
[0.659s] DEBUG:colcon.colcon_core.shell:Skip shell extension 'dsv' for command environment
[0.667s] DEBUG:colcon.colcon_core.event_handler.log_command:Invoking command in '/home/nour-mahgoub/Graduation_Rafeeq/build/rafeeq_localization': CMAKE_PREFIX_PATH=${CMAKE_PREFIX_PATH}:/home/nour-mahgoub/Graduation_Rafeeq/install/view_robot_pkg:/home/nour-mahgoub/Graduation_Rafeeq/install/serial_node:/home/nour-mahgoub/Graduation_Rafeeq/install/rafeeq_description:/opt/ros/jazzy DEBUGINFOD_URLS=https://debuginfod.ubuntu.com /usr/bin/cmake --build /home/nour-mahgoub/Graduation_Rafeeq/build/rafeeq_localization -- -j20 -l20
[0.668s] DEBUG:colcon.colcon_core.event_handler.log_command:Invoking command in '/home/nour-mahgoub/Graduation_Rafeeq/build/rafeeq_navigation': CMAKE_PREFIX_PATH=${CMAKE_PREFIX_PATH}:/home/nour-mahgoub/Graduation_Rafeeq/install/view_robot_pkg:/home/nour-mahgoub/Graduation_Rafeeq/install/serial_node:/home/nour-mahgoub/Graduation_Rafeeq/install/rafeeq_description:/opt/ros/jazzy DEBUGINFOD_URLS=https://debuginfod.ubuntu.com /usr/bin/cmake --build /home/nour-mahgoub/Graduation_Rafeeq/build/rafeeq_navigation -- -j20 -l20
[0.670s] DEBUG:colcon.colcon_core.event_handler.log_command:Invoking command in '/home/nour-mahgoub/Graduation_Rafeeq/build/rafeeq_slam': CMAKE_PREFIX_PATH=${CMAKE_PREFIX_PATH}:/home/nour-mahgoub/Graduation_Rafeeq/install/view_robot_pkg:/home/nour-mahgoub/Graduation_Rafeeq/install/serial_node:/home/nour-mahgoub/Graduation_Rafeeq/install/rafeeq_description:/opt/ros/jazzy DEBUGINFOD_URLS=https://debuginfod.ubuntu.com /usr/bin/cmake --build /home/nour-mahgoub/Graduation_Rafeeq/build/rafeeq_slam -- -j20 -l20
[0.672s] DEBUG:colcon.colcon_core.event_handler.log_command:Invoking command in '/home/nour-mahgoub/Graduation_Rafeeq/build/rafeeq_speech': CMAKE_PREFIX_PATH=${CMAKE_PREFIX_PATH}:/home/nour-mahgoub/Graduation_Rafeeq/install/view_robot_pkg:/home/nour-mahgoub/Graduation_Rafeeq/install/serial_node:/home/nour-mahgoub/Graduation_Rafeeq/install/rafeeq_description:/opt/ros/jazzy DEBUGINFOD_URLS=https://debuginfod.ubuntu.com /usr/bin/cmake --build /home/nour-mahgoub/Graduation_Rafeeq/build/rafeeq_speech -- -j20 -l20
[0.895s] INFO:colcon.colcon_core.task.python.build:Building Python package in '/home/nour-mahgoub/Graduation_Rafeeq/src/serial_node'
[0.896s] INFO:colcon.colcon_core.shell:Skip shell extension 'powershell' for command environment: Not usable outside of PowerShell
[0.896s] DEBUG:colcon.colcon_core.shell:Skip shell extension 'dsv' for command environment
[0.903s] DEBUG:colcon.colcon_core.event_handler.log_command:Invoking command in '/home/nour-mahgoub/Graduation_Rafeeq/build/sllidar_ros2': CMAKE_PREFIX_PATH=${CMAKE_PREFIX_PATH}:/home/nour-mahgoub/Graduation_Rafeeq/install/view_robot_pkg:/home/nour-mahgoub/Graduation_Rafeeq/install/serial_node:/home/nour-mahgoub/Graduation_Rafeeq/install/rafeeq_description:/opt/ros/jazzy DEBUGINFOD_URLS=https://debuginfod.ubuntu.com /usr/bin/cmake --build /home/nour-mahgoub/Graduation_Rafeeq/build/sllidar_ros2 -- -j20 -l20
[0.908s] DEBUG:colcon.colcon_core.event_handler.log_command:Invoking command in '/home/nour-mahgoub/Graduation_Rafeeq/build/usb_cam': CMAKE_PREFIX_PATH=${CMAKE_PREFIX_PATH}:/home/nour-mahgoub/Graduation_Rafeeq/install/view_robot_pkg:/home/nour-mahgoub/Graduation_Rafeeq/install/serial_node:/home/nour-mahgoub/Graduation_Rafeeq/install/rafeeq_description:/opt/ros/jazzy DEBUGINFOD_URLS=https://debuginfod.ubuntu.com /usr/bin/cmake --build /home/nour-mahgoub/Graduation_Rafeeq/build/usb_cam -- -j20 -l20
[0.909s] DEBUG:colcon.colcon_core.event_handler.log_command:Invoked command in '/home/nour-mahgoub/Graduation_Rafeeq/build/kinect_ros2' returned '0': CMAKE_PREFIX_PATH=${CMAKE_PREFIX_PATH}:/home/nour-mahgoub/Graduation_Rafeeq/install/view_robot_pkg:/home/nour-mahgoub/Graduation_Rafeeq/install/serial_node:/home/nour-mahgoub/Graduation_Rafeeq/install/rafeeq_description:/opt/ros/jazzy DEBUGINFOD_URLS=https://debuginfod.ubuntu.com /usr/bin/cmake --build /home/nour-mahgoub/Graduation_Rafeeq/build/kinect_ros2 -- -j20 -l20
[0.914s] DEBUG:colcon.colcon_core.event_handler.log_command:Invoking command in '/home/nour-mahgoub/Graduation_Rafeeq/build/kinect_ros2': CMAKE_PREFIX_PATH=${CMAKE_PREFIX_PATH}:/home/nour-mahgoub/Graduation_Rafeeq/install/view_robot_pkg:/home/nour-mahgoub/Graduation_Rafeeq/install/serial_node:/home/nour-mahgoub/Graduation_Rafeeq/install/rafeeq_description:/opt/ros/jazzy DEBUGINFOD_URLS=https://debuginfod.ubuntu.com /usr/bin/cmake --install /home/nour-mahgoub/Graduation_Rafeeq/build/kinect_ros2
[0.914s] DEBUG:colcon.colcon_core.event_handler.log_command:Invoked command in '/home/nour-mahgoub/Graduation_Rafeeq/build/rafeeq_bringup' returned '0': CMAKE_PREFIX_PATH=${CMAKE_PREFIX_PATH}:/home/nour-mahgoub/Graduation_Rafeeq/install/view_robot_pkg:/home/nour-mahgoub/Graduation_Rafeeq/install/serial_node:/home/nour-mahgoub/Graduation_Rafeeq/install/rafeeq_description:/opt/ros/jazzy DEBUGINFOD_URLS=https://debuginfod.ubuntu.com /usr/bin/cmake --build /home/nour-mahgoub/Graduation_Rafeeq/build/rafeeq_bringup -- -j20 -l20
[0.915s] DEBUG:colcon.colcon_core.event_handler.log_command:Invoking command in '/home/nour-mahgoub/Graduation_Rafeeq/build/rafeeq_bringup': CMAKE_PREFIX_PATH=${CMAKE_PREFIX_PATH}:/home/nour-mahgoub/Graduation_Rafeeq/install/view_robot_pkg:/home/nour-mahgoub/Graduation_Rafeeq/install/serial_node:/home/nour-mahgoub/Graduation_Rafeeq/install/rafeeq_description:/opt/ros/jazzy DEBUGINFOD_URLS=https://debuginfod.ubuntu.com /usr/bin/cmake --install /home/nour-mahgoub/Graduation_Rafeeq/build/rafeeq_bringup
[0.915s] DEBUG:colcon.colcon_core.event_handler.log_command:Invoked command in '/home/nour-mahgoub/Graduation_Rafeeq/build/rafeeq_navigation' returned '0': CMAKE_PREFIX_PATH=${CMAKE_PREFIX_PATH}:/home/nour-mahgoub/Graduation_Rafeeq/install/view_robot_pkg:/home/nour-mahgoub/Graduation_Rafeeq/install/serial_node:/home/nour-mahgoub/Graduation_Rafeeq/install/rafeeq_description:/opt/ros/jazzy DEBUGINFOD_URLS=https://debuginfod.ubuntu.com /usr/bin/cmake --build /home/nour-mahgoub/Graduation_Rafeeq/build/rafeeq_navigation -- -j20 -l20
[0.917s] DEBUG:colcon.colcon_core.event_handler.log_command:Invoking command in '/home/nour-mahgoub/Graduation_Rafeeq/build/rafeeq_navigation': CMAKE_PREFIX_PATH=${CMAKE_PREFIX_PATH}:/home/nour-mahgoub/Graduation_Rafeeq/install/view_robot_pkg:/home/nour-mahgoub/Graduation_Rafeeq/install/serial_node:/home/nour-mahgoub/Graduation_Rafeeq/install/rafeeq_description:/opt/ros/jazzy DEBUGINFOD_URLS=https://debuginfod.ubuntu.com /usr/bin/cmake --install /home/nour-mahgoub/Graduation_Rafeeq/build/rafeeq_navigation
[0.917s] DEBUG:colcon.colcon_core.event_handler.log_command:Invoked command in '/home/nour-mahgoub/Graduation_Rafeeq/build/rafeeq_localization' returned '0': CMAKE_PREFIX_PATH=${CMAKE_PREFIX_PATH}:/home/nour-mahgoub/Graduation_Rafeeq/install/view_robot_pkg:/home/nour-mahgoub/Graduation_Rafeeq/install/serial_node:/home/nour-mahgoub/Graduation_Rafeeq/install/rafeeq_description:/opt/ros/jazzy DEBUGINFOD_URLS=https://debuginfod.ubuntu.com /usr/bin/cmake --build /home/nour-mahgoub/Graduation_Rafeeq/build/rafeeq_localization -- -j20 -l20
[0.919s] DEBUG:colcon.colcon_core.event_handler.log_command:Invoking command in '/home/nour-mahgoub/Graduation_Rafeeq/build/rafeeq_localization': CMAKE_PREFIX_PATH=${CMAKE_PREFIX_PATH}:/home/nour-mahgoub/Graduation_Rafeeq/install/view_robot_pkg:/home/nour-mahgoub/Graduation_Rafeeq/install/serial_node:/home/nour-mahgoub/Graduation_Rafeeq/install/rafeeq_description:/opt/ros/jazzy DEBUGINFOD_URLS=https://debuginfod.ubuntu.com /usr/bin/cmake --install /home/nour-mahgoub/Graduation_Rafeeq/build/rafeeq_localization
[0.919s] DEBUG:colcon.colcon_core.event_handler.log_command:Invoked command in '/home/nour-mahgoub/Graduation_Rafeeq/build/rafeeq_slam' returned '0': CMAKE_PREFIX_PATH=${CMAKE_PREFIX_PATH}:/home/nour-mahgoub/Graduation_Rafeeq/install/view_robot_pkg:/home/nour-mahgoub/Graduation_Rafeeq/install/serial_node:/home/nour-mahgoub/Graduation_Rafeeq/install/rafeeq_description:/opt/ros/jazzy DEBUGINFOD_URLS=https://debuginfod.ubuntu.com /usr/bin/cmake --build /home/nour-mahgoub/Graduation_Rafeeq/build/rafeeq_slam -- -j20 -l20
[0.921s] DEBUG:colcon.colcon_core.event_handler.log_command:Invoking command in '/home/nour-mahgoub/Graduation_Rafeeq/build/rafeeq_slam': CMAKE_PREFIX_PATH=${CMAKE_PREFIX_PATH}:/home/nour-mahgoub/Graduation_Rafeeq/install/view_robot_pkg:/home/nour-mahgoub/Graduation_Rafeeq/install/serial_node:/home/nour-mahgoub/Graduation_Rafeeq/install/rafeeq_description:/opt/ros/jazzy DEBUGINFOD_URLS=https://debuginfod.ubuntu.com /usr/bin/cmake --install /home/nour-mahgoub/Graduation_Rafeeq/build/rafeeq_slam
[0.921s] DEBUG:colcon.colcon_core.event_handler.log_command:Invoked command in '/home/nour-mahgoub/Graduation_Rafeeq/build/rafeeq_speech' returned '0': CMAKE_PREFIX_PATH=${CMAKE_PREFIX_PATH}:/home/nour-mahgoub/Graduation_Rafeeq/install/view_robot_pkg:/home/nour-mahgoub/Graduation_Rafeeq/install/serial_node:/home/nour-mahgoub/Graduation_Rafeeq/install/rafeeq_description:/opt/ros/jazzy DEBUGINFOD_URLS=https://debuginfod.ubuntu.com /usr/bin/cmake --build /home/nour-mahgoub/Graduation_Rafeeq/build/rafeeq_speech -- -j20 -l20
[0.923s] DEBUG:colcon.colcon_core.event_handler.log_command:Invoking command in '/home/nour-mahgoub/Graduation_Rafeeq/build/rafeeq_speech': CMAKE_PREFIX_PATH=${CMAKE_PREFIX_PATH}:/home/nour-mahgoub/Graduation_Rafeeq/install/view_robot_pkg:/home/nour-mahgoub/Graduation_Rafeeq/install/serial_node:/home/nour-mahgoub/Graduation_Rafeeq/install/rafeeq_description:/opt/ros/jazzy DEBUGINFOD_URLS=https://debuginfod.ubuntu.com /usr/bin/cmake --install /home/nour-mahgoub/Graduation_Rafeeq/build/rafeeq_speech
[0.945s] Level 1:colcon.colcon_core.environment:create_environment_scripts_only(rafeeq_bringup)
[0.945s] DEBUG:colcon.colcon_core.event_handler.log_command:Invoked command in '/home/nour-mahgoub/Graduation_Rafeeq/build/rafeeq_bringup' returned '0': CMAKE_PREFIX_PATH=${CMAKE_PREFIX_PATH}:/home/nour-mahgoub/Graduation_Rafeeq/install/view_robot_pkg:/home/nour-mahgoub/Graduation_Rafeeq/install/serial_node:/home/nour-mahgoub/Graduation_Rafeeq/install/rafeeq_description:/opt/ros/jazzy DEBUGINFOD_URLS=https://debuginfod.ubuntu.com /usr/bin/cmake --install /home/nour-mahgoub/Graduation_Rafeeq/build/rafeeq_bringup
[0.948s] Level 1:colcon.colcon_core.environment:checking '/home/nour-mahgoub/Graduation_Rafeeq/install/rafeeq_bringup' for CMake module files
[0.949s] Level 1:colcon.colcon_core.environment:checking '/home/nour-mahgoub/Graduation_Rafeeq/install/rafeeq_bringup' for CMake config files
[0.949s] Level 1:colcon.colcon_core.shell:create_environment_hook('rafeeq_bringup', 'cmake_prefix_path')
[0.949s] INFO:colcon.colcon_core.shell:Creating environment hook '/home/nour-mahgoub/Graduation_Rafeeq/install/rafeeq_bringup/share/rafeeq_bringup/hook/cmake_prefix_path.ps1'
[0.949s] INFO:colcon.colcon_core.shell:Creating environment descriptor '/home/nour-mahgoub/Graduation_Rafeeq/install/rafeeq_bringup/share/rafeeq_bringup/hook/cmake_prefix_path.dsv'
[0.949s] INFO:colcon.colcon_core.shell:Creating environment hook '/home/nour-mahgoub/Graduation_Rafeeq/install/rafeeq_bringup/share/rafeeq_bringup/hook/cmake_prefix_path.sh'
[0.950s] Level 1:colcon.colcon_core.environment:checking '/home/nour-mahgoub/Graduation_Rafeeq/install/rafeeq_bringup/bin'
[0.950s] Level 1:colcon.colcon_core.environment:checking '/home/nour-mahgoub/Graduation_Rafeeq/install/rafeeq_bringup/lib/pkgconfig/rafeeq_bringup.pc'
[0.950s] Level 1:colcon.colcon_core.environment:checking '/home/nour-mahgoub/Graduation_Rafeeq/install/rafeeq_bringup/lib/python3.12/site-packages'
[0.950s] Level 1:colcon.colcon_core.environment:checking '/home/nour-mahgoub/Graduation_Rafeeq/install/rafeeq_bringup/bin'
[0.950s] INFO:colcon.colcon_core.shell:Creating package script '/home/nour-mahgoub/Graduation_Rafeeq/install/rafeeq_bringup/share/rafeeq_bringup/package.ps1'
[0.951s] INFO:colcon.colcon_core.shell:Creating package descriptor '/home/nour-mahgoub/Graduation_Rafeeq/install/rafeeq_bringup/share/rafeeq_bringup/package.dsv'
[0.951s] INFO:colcon.colcon_core.shell:Creating package script '/home/nour-mahgoub/Graduation_Rafeeq/install/rafeeq_bringup/share/rafeeq_bringup/package.sh'
[0.952s] INFO:colcon.colcon_core.shell:Creating package script '/home/nour-mahgoub/Graduation_Rafeeq/install/rafeeq_bringup/share/rafeeq_bringup/package.bash'
[0.952s] INFO:colcon.colcon_core.shell:Creating package script '/home/nour-mahgoub/Graduation_Rafeeq/install/rafeeq_bringup/share/rafeeq_bringup/package.zsh'
[0.952s] Level 1:colcon.colcon_core.environment:create_file_with_runtime_dependencies(/home/nour-mahgoub/Graduation_Rafeeq/install/rafeeq_bringup/share/colcon-core/packages/rafeeq_bringup)
[0.953s] Level 1:colcon.colcon_core.environment:create_environment_scripts_only(rafeeq_bringup)
[0.953s] Level 1:colcon.colcon_core.environment:checking '/home/nour-mahgoub/Graduation_Rafeeq/install/rafeeq_bringup' for CMake module files
[0.954s] Level 1:colcon.colcon_core.environment:checking '/home/nour-mahgoub/Graduation_Rafeeq/install/rafeeq_bringup' for CMake config files
[0.954s] Level 1:colcon.colcon_core.shell:create_environment_hook('rafeeq_bringup', 'cmake_prefix_path')
[0.954s] INFO:colcon.colcon_core.shell:Creating environment hook '/home/nour-mahgoub/Graduation_Rafeeq/install/rafeeq_bringup/share/rafeeq_bringup/hook/cmake_prefix_path.ps1'
[0.954s] INFO:colcon.colcon_core.shell:Creating environment descriptor '/home/nour-mahgoub/Graduation_Rafeeq/install/rafeeq_bringup/share/rafeeq_bringup/hook/cmake_prefix_path.dsv'
[0.955s] INFO:colcon.colcon_core.shell:Creating environment hook '/home/nour-mahgoub/Graduation_Rafeeq/install/rafeeq_bringup/share/rafeeq_bringup/hook/cmake_prefix_path.sh'
[0.955s] Level 1:colcon.colcon_core.environment:checking '/home/nour-mahgoub/Graduation_Rafeeq/install/rafeeq_bringup/bin'
[0.955s] Level 1:colcon.colcon_core.environment:checking '/home/nour-mahgoub/Graduation_Rafeeq/install/rafeeq_bringup/lib/pkgconfig/rafeeq_bringup.pc'
[0.955s] Level 1:colcon.colcon_core.environment:checking '/home/nour-mahgoub/Graduation_Rafeeq/install/rafeeq_bringup/lib/python3.12/site-packages'
[0.955s] Level 1:colcon.colcon_core.environment:checking '/home/nour-mahgoub/Graduation_Rafeeq/install/rafeeq_bringup/bin'
[0.955s] INFO:colcon.colcon_core.shell:Creating package script '/home/nour-mahgoub/Graduation_Rafeeq/install/rafeeq_bringup/share/rafeeq_bringup/package.ps1'
[0.956s] INFO:colcon.colcon_core.shell:Creating package descriptor '/home/nour-mahgoub/Graduation_Rafeeq/install/rafeeq_bringup/share/rafeeq_bringup/package.dsv'
[0.956s] INFO:colcon.colcon_core.shell:Creating package script '/home/nour-mahgoub/Graduation_Rafeeq/install/rafeeq_bringup/share/rafeeq_bringup/package.sh'
[0.956s] INFO:colcon.colcon_core.shell:Creating package script '/home/nour-mahgoub/Graduation_Rafeeq/install/rafeeq_bringup/share/rafeeq_bringup/package.bash'
[0.957s] INFO:colcon.colcon_core.shell:Creating package script '/home/nour-mahgoub/Graduation_Rafeeq/install/rafeeq_bringup/share/rafeeq_bringup/package.zsh'
[0.957s] Level 1:colcon.colcon_core.environment:create_file_with_runtime_dependencies(/home/nour-mahgoub/Graduation_Rafeeq/install/rafeeq_bringup/share/colcon-core/packages/rafeeq_bringup)
[0.958s] Level 1:colcon.colcon_core.environment:create_environment_scripts_only(rafeeq_navigation)
[0.958s] Level 1:colcon.colcon_core.environment:checking '/home/nour-mahgoub/Graduation_Rafeeq/install/rafeeq_navigation' for CMake module files
[0.958s] DEBUG:colcon.colcon_core.event_handler.log_command:Invoked command in '/home/nour-mahgoub/Graduation_Rafeeq/build/rafeeq_navigation' returned '0': CMAKE_PREFIX_PATH=${CMAKE_PREFIX_PATH}:/home/nour-mahgoub/Graduation_Rafeeq/install/view_robot_pkg:/home/nour-mahgoub/Graduation_Rafeeq/install/serial_node:/home/nour-mahgoub/Graduation_Rafeeq/install/rafeeq_description:/opt/ros/jazzy DEBUGINFOD_URLS=https://debuginfod.ubuntu.com /usr/bin/cmake --install /home/nour-mahgoub/Graduation_Rafeeq/build/rafeeq_navigation
[0.959s] Level 1:colcon.colcon_core.environment:checking '/home/nour-mahgoub/Graduation_Rafeeq/install/rafeeq_navigation' for CMake config files
[0.959s] Level 1:colcon.colcon_core.shell:create_environment_hook('rafeeq_navigation', 'cmake_prefix_path')
[0.959s] INFO:colcon.colcon_core.shell:Creating environment hook '/home/nour-mahgoub/Graduation_Rafeeq/install/rafeeq_navigation/share/rafeeq_navigation/hook/cmake_prefix_path.ps1'
[0.959s] INFO:colcon.colcon_core.shell:Creating environment descriptor '/home/nour-mahgoub/Graduation_Rafeeq/install/rafeeq_navigation/share/rafeeq_navigation/hook/cmake_prefix_path.dsv'
[0.959s] INFO:colcon.colcon_core.shell:Creating environment hook '/home/nour-mahgoub/Graduation_Rafeeq/install/rafeeq_navigation/share/rafeeq_navigation/hook/cmake_prefix_path.sh'
[0.959s] Level 1:colcon.colcon_core.environment:checking '/home/nour-mahgoub/Graduation_Rafeeq/install/rafeeq_navigation/bin'
[0.960s] Level 1:colcon.colcon_core.environment:checking '/home/nour-mahgoub/Graduation_Rafeeq/install/rafeeq_navigation/lib/pkgconfig/rafeeq_navigation.pc'
[0.960s] Level 1:colcon.colcon_core.environment:checking '/home/nour-mahgoub/Graduation_Rafeeq/install/rafeeq_navigation/lib/python3.12/site-packages'
[0.960s] Level 1:colcon.colcon_core.environment:checking '/home/nour-mahgoub/Graduation_Rafeeq/install/rafeeq_navigation/bin'
[0.960s] INFO:colcon.colcon_core.shell:Creating package script '/home/nour-mahgoub/Graduation_Rafeeq/install/rafeeq_navigation/share/rafeeq_navigation/package.ps1'
[0.960s] INFO:colcon.colcon_core.shell:Creating package descriptor '/home/nour-mahgoub/Graduation_Rafeeq/install/rafeeq_navigation/share/rafeeq_navigation/package.dsv'
[0.961s] INFO:colcon.colcon_core.shell:Creating package script '/home/nour-mahgoub/Graduation_Rafeeq/install/rafeeq_navigation/share/rafeeq_navigation/package.sh'
[0.961s] INFO:colcon.colcon_core.shell:Creating package script '/home/nour-mahgoub/Graduation_Rafeeq/install/rafeeq_navigation/share/rafeeq_navigation/package.bash'
[0.961s] INFO:colcon.colcon_core.shell:Creating package script '/home/nour-mahgoub/Graduation_Rafeeq/install/rafeeq_navigation/share/rafeeq_navigation/package.zsh'
[0.961s] Level 1:colcon.colcon_core.environment:create_file_with_runtime_dependencies(/home/nour-mahgoub/Graduation_Rafeeq/install/rafeeq_navigation/share/colcon-core/packages/rafeeq_navigation)
[0.962s] Level 1:colcon.colcon_core.environment:create_environment_scripts_only(rafeeq_navigation)
[0.962s] Level 1:colcon.colcon_core.environment:checking '/home/nour-mahgoub/Graduation_Rafeeq/install/rafeeq_navigation' for CMake module files
[0.962s] Level 1:colcon.colcon_core.environment:checking '/home/nour-mahgoub/Graduation_Rafeeq/install/rafeeq_navigation' for CMake config files
[0.962s] Level 1:colcon.colcon_core.shell:create_environment_hook('rafeeq_navigation', 'cmake_prefix_path')
[0.962s] INFO:colcon.colcon_core.shell:Creating environment hook '/home/nour-mahgoub/Graduation_Rafeeq/install/rafeeq_navigation/share/rafeeq_navigation/hook/cmake_prefix_path.ps1'
[0.963s] INFO:colcon.colcon_core.shell:Creating environment descriptor '/home/nour-mahgoub/Graduation_Rafeeq/install/rafeeq_navigation/share/rafeeq_navigation/hook/cmake_prefix_path.dsv'
[0.963s] INFO:colcon.colcon_core.shell:Creating environment hook '/home/nour-mahgoub/Graduation_Rafeeq/install/rafeeq_navigation/share/rafeeq_navigation/hook/cmake_prefix_path.sh'
[0.963s] Level 1:colcon.colcon_core.environment:checking '/home/nour-mahgoub/Graduation_Rafeeq/install/rafeeq_navigation/bin'
[0.963s] Level 1:colcon.colcon_core.environment:checking '/home/nour-mahgoub/Graduation_Rafeeq/install/rafeeq_navigation/lib/pkgconfig/rafeeq_navigation.pc'
[0.963s] Level 1:colcon.colcon_core.environment:checking '/home/nour-mahgoub/Graduation_Rafeeq/install/rafeeq_navigation/lib/python3.12/site-packages'
[0.963s] Level 1:colcon.colcon_core.environment:checking '/home/nour-mahgoub/Graduation_Rafeeq/install/rafeeq_navigation/bin'
[0.964s] INFO:colcon.colcon_core.shell:Creating package script '/home/nour-mahgoub/Graduation_Rafeeq/install/rafeeq_navigation/share/rafeeq_navigation/package.ps1'
[0.964s] INFO:colcon.colcon_core.shell:Creating package descriptor '/home/nour-mahgoub/Graduation_Rafeeq/install/rafeeq_navigation/share/rafeeq_navigation/package.dsv'
[0.964s] INFO:colcon.colcon_core.shell:Creating package script '/home/nour-mahgoub/Graduation_Rafeeq/install/rafeeq_navigation/share/rafeeq_navigation/package.sh'
[0.964s] INFO:colcon.colcon_core.shell:Creating package script '/home/nour-mahgoub/Graduation_Rafeeq/install/rafeeq_navigation/share/rafeeq_navigation/package.bash'
[0.965s] INFO:colcon.colcon_core.shell:Creating package script '/home/nour-mahgoub/Graduation_Rafeeq/install/rafeeq_navigation/share/rafeeq_navigation/package.zsh'
[0.965s] Level 1:colcon.colcon_core.environment:create_file_with_runtime_dependencies(/home/nour-mahgoub/Graduation_Rafeeq/install/rafeeq_navigation/share/colcon-core/packages/rafeeq_navigation)
[0.965s] Level 1:colcon.colcon_core.environment:create_environment_scripts_only(rafeeq_slam)
[0.965s] Level 1:colcon.colcon_core.environment:checking '/home/nour-mahgoub/Graduation_Rafeeq/install/rafeeq_slam' for CMake module files
[0.966s] Level 1:colcon.colcon_core.environment:checking '/home/nour-mahgoub/Graduation_Rafeeq/install/rafeeq_slam' for CMake config files
[0.966s] DEBUG:colcon.colcon_core.event_handler.log_command:Invoked command in '/home/nour-mahgoub/Graduation_Rafeeq/build/rafeeq_slam' returned '0': CMAKE_PREFIX_PATH=${CMAKE_PREFIX_PATH}:/home/nour-mahgoub/Graduation_Rafeeq/install/view_robot_pkg:/home/nour-mahgoub/Graduation_Rafeeq/install/serial_node:/home/nour-mahgoub/Graduation_Rafeeq/install/rafeeq_description:/opt/ros/jazzy DEBUGINFOD_URLS=https://debuginfod.ubuntu.com /usr/bin/cmake --install /home/nour-mahgoub/Graduation_Rafeeq/build/rafeeq_slam
[0.966s] Level 1:colcon.colcon_core.shell:create_environment_hook('rafeeq_slam', 'cmake_prefix_path')
[0.966s] INFO:colcon.colcon_core.shell:Creating environment hook '/home/nour-mahgoub/Graduation_Rafeeq/install/rafeeq_slam/share/rafeeq_slam/hook/cmake_prefix_path.ps1'
[0.966s] INFO:colcon.colcon_core.shell:Creating environment descriptor '/home/nour-mahgoub/Graduation_Rafeeq/install/rafeeq_slam/share/rafeeq_slam/hook/cmake_prefix_path.dsv'
[0.967s] INFO:colcon.colcon_core.shell:Creating environment hook '/home/nour-mahgoub/Graduation_Rafeeq/install/rafeeq_slam/share/rafeeq_slam/hook/cmake_prefix_path.sh'
[0.967s] Level 1:colcon.colcon_core.environment:checking '/home/nour-mahgoub/Graduation_Rafeeq/install/rafeeq_slam/bin'
[0.967s] Level 1:colcon.colcon_core.environment:checking '/home/nour-mahgoub/Graduation_Rafeeq/install/rafeeq_slam/lib/pkgconfig/rafeeq_slam.pc'
[0.967s] Level 1:colcon.colcon_core.environment:checking '/home/nour-mahgoub/Graduation_Rafeeq/install/rafeeq_slam/lib/python3.12/site-packages'
[0.967s] Level 1:colcon.colcon_core.environment:checking '/home/nour-mahgoub/Graduation_Rafeeq/install/rafeeq_slam/bin'
[0.967s] INFO:colcon.colcon_core.shell:Creating package script '/home/nour-mahgoub/Graduation_Rafeeq/install/rafeeq_slam/share/rafeeq_slam/package.ps1'
[0.968s] INFO:colcon.colcon_core.shell:Creating package descriptor '/home/nour-mahgoub/Graduation_Rafeeq/install/rafeeq_slam/share/rafeeq_slam/package.dsv'
[0.968s] INFO:colcon.colcon_core.shell:Creating package script '/home/nour-mahgoub/Graduation_Rafeeq/install/rafeeq_slam/share/rafeeq_slam/package.sh'
[0.968s] INFO:colcon.colcon_core.shell:Creating package script '/home/nour-mahgoub/Graduation_Rafeeq/install/rafeeq_slam/share/rafeeq_slam/package.bash'
[0.968s] INFO:colcon.colcon_core.shell:Creating package script '/home/nour-mahgoub/Graduation_Rafeeq/install/rafeeq_slam/share/rafeeq_slam/package.zsh'
[0.968s] Level 1:colcon.colcon_core.environment:create_file_with_runtime_dependencies(/home/nour-mahgoub/Graduation_Rafeeq/install/rafeeq_slam/share/colcon-core/packages/rafeeq_slam)
[0.969s] Level 1:colcon.colcon_core.environment:create_environment_scripts_only(rafeeq_slam)
[0.969s] Level 1:colcon.colcon_core.environment:checking '/home/nour-mahgoub/Graduation_Rafeeq/install/rafeeq_slam' for CMake module files
[0.969s] Level 1:colcon.colcon_core.environment:checking '/home/nour-mahgoub/Graduation_Rafeeq/install/rafeeq_slam' for CMake config files
[0.969s] Level 1:colcon.colcon_core.shell:create_environment_hook('rafeeq_slam', 'cmake_prefix_path')
[0.969s] INFO:colcon.colcon_core.shell:Creating environment hook '/home/nour-mahgoub/Graduation_Rafeeq/install/rafeeq_slam/share/rafeeq_slam/hook/cmake_prefix_path.ps1'
[0.969s] INFO:colcon.colcon_core.shell:Creating environment descriptor '/home/nour-mahgoub/Graduation_Rafeeq/install/rafeeq_slam/share/rafeeq_slam/hook/cmake_prefix_path.dsv'
[0.969s] INFO:colcon.colcon_core.shell:Creating environment hook '/home/nour-mahgoub/Graduation_Rafeeq/install/rafeeq_slam/share/rafeeq_slam/hook/cmake_prefix_path.sh'
[0.970s] Level 1:colcon.colcon_core.environment:checking '/home/nour-mahgoub/Graduation_Rafeeq/install/rafeeq_slam/bin'
[0.970s] Level 1:colcon.colcon_core.environment:checking '/home/nour-mahgoub/Graduation_Rafeeq/install/rafeeq_slam/lib/pkgconfig/rafeeq_slam.pc'
[0.970s] Level 1:colcon.colcon_core.environment:checking '/home/nour-mahgoub/Graduation_Rafeeq/install/rafeeq_slam/lib/python3.12/site-packages'
[0.970s] Level 1:colcon.colcon_core.environment:checking '/home/nour-mahgoub/Graduation_Rafeeq/install/rafeeq_slam/bin'
[0.970s] INFO:colcon.colcon_core.shell:Creating package script '/home/nour-mahgoub/Graduation_Rafeeq/install/rafeeq_slam/share/rafeeq_slam/package.ps1'
[0.971s] INFO:colcon.colcon_core.shell:Creating package descriptor '/home/nour-mahgoub/Graduation_Rafeeq/install/rafeeq_slam/share/rafeeq_slam/package.dsv'
[0.971s] INFO:colcon.colcon_core.shell:Creating package script '/home/nour-mahgoub/Graduation_Rafeeq/install/rafeeq_slam/share/rafeeq_slam/package.sh'
[0.971s] INFO:colcon.colcon_core.shell:Creating package script '/home/nour-mahgoub/Graduation_Rafeeq/install/rafeeq_slam/share/rafeeq_slam/package.bash'
[0.971s] INFO:colcon.colcon_core.shell:Creating package script '/home/nour-mahgoub/Graduation_Rafeeq/install/rafeeq_slam/share/rafeeq_slam/package.zsh'
[0.971s] Level 1:colcon.colcon_core.environment:create_file_with_runtime_dependencies(/home/nour-mahgoub/Graduation_Rafeeq/install/rafeeq_slam/share/colcon-core/packages/rafeeq_slam)
[0.971s] Level 1:colcon.colcon_core.environment:create_environment_scripts_only(rafeeq_localization)
[0.972s] Level 1:colcon.colcon_core.environment:checking '/home/nour-mahgoub/Graduation_Rafeeq/install/rafeeq_localization' for CMake module files
[0.972s] DEBUG:colcon.colcon_core.event_handler.log_command:Invoked command in '/home/nour-mahgoub/Graduation_Rafeeq/build/rafeeq_localization' returned '0': CMAKE_PREFIX_PATH=${CMAKE_PREFIX_PATH}:/home/nour-mahgoub/Graduation_Rafeeq/install/view_robot_pkg:/home/nour-mahgoub/Graduation_Rafeeq/install/serial_node:/home/nour-mahgoub/Graduation_Rafeeq/install/rafeeq_description:/opt/ros/jazzy DEBUGINFOD_URLS=https://debuginfod.ubuntu.com /usr/bin/cmake --install /home/nour-mahgoub/Graduation_Rafeeq/build/rafeeq_localization
[0.972s] Level 1:colcon.colcon_core.environment:checking '/home/nour-mahgoub/Graduation_Rafeeq/install/rafeeq_localization' for CMake config files
[0.972s] Level 1:colcon.colcon_core.shell:create_environment_hook('rafeeq_localization', 'cmake_prefix_path')
[0.972s] INFO:colcon.colcon_core.shell:Creating environment hook '/home/nour-mahgoub/Graduation_Rafeeq/install/rafeeq_localization/share/rafeeq_localization/hook/cmake_prefix_path.ps1'
[0.973s] INFO:colcon.colcon_core.shell:Creating environment descriptor '/home/nour-mahgoub/Graduation_Rafeeq/install/rafeeq_localization/share/rafeeq_localization/hook/cmake_prefix_path.dsv'
[0.973s] INFO:colcon.colcon_core.shell:Creating environment hook '/home/nour-mahgoub/Graduation_Rafeeq/install/rafeeq_localization/share/rafeeq_localization/hook/cmake_prefix_path.sh'
[0.973s] Level 1:colcon.colcon_core.environment:checking '/home/nour-mahgoub/Graduation_Rafeeq/install/rafeeq_localization/bin'
[0.973s] Level 1:colcon.colcon_core.environment:checking '/home/nour-mahgoub/Graduation_Rafeeq/install/rafeeq_localization/lib/pkgconfig/rafeeq_localization.pc'
[0.973s] Level 1:colcon.colcon_core.environment:checking '/home/nour-mahgoub/Graduation_Rafeeq/install/rafeeq_localization/lib/python3.12/site-packages'
[0.973s] Level 1:colcon.colcon_core.environment:checking '/home/nour-mahgoub/Graduation_Rafeeq/install/rafeeq_localization/bin'
[0.974s] INFO:colcon.colcon_core.shell:Creating package script '/home/nour-mahgoub/Graduation_Rafeeq/install/rafeeq_localization/share/rafeeq_localization/package.ps1'
[0.974s] INFO:colcon.colcon_core.shell:Creating package descriptor '/home/nour-mahgoub/Graduation_Rafeeq/install/rafeeq_localization/share/rafeeq_localization/package.dsv'
[0.975s] INFO:colcon.colcon_core.shell:Creating package script '/home/nour-mahgoub/Graduation_Rafeeq/install/rafeeq_localization/share/rafeeq_localization/package.sh'
[0.975s] INFO:colcon.colcon_core.shell:Creating package script '/home/nour-mahgoub/Graduation_Rafeeq/install/rafeeq_localization/share/rafeeq_localization/package.bash'
[0.975s] INFO:colcon.colcon_core.shell:Creating package script '/home/nour-mahgoub/Graduation_Rafeeq/install/rafeeq_localization/share/rafeeq_localization/package.zsh'
[0.976s] Level 1:colcon.colcon_core.environment:create_file_with_runtime_dependencies(/home/nour-mahgoub/Graduation_Rafeeq/install/rafeeq_localization/share/colcon-core/packages/rafeeq_localization)
[0.976s] Level 1:colcon.colcon_core.environment:create_environment_scripts_only(rafeeq_localization)
[0.977s] Level 1:colcon.colcon_core.environment:checking '/home/nour-mahgoub/Graduation_Rafeeq/install/rafeeq_localization' for CMake module files
[0.977s] Level 1:colcon.colcon_core.environment:checking '/home/nour-mahgoub/Graduation_Rafeeq/install/rafeeq_localization' for CMake config files
[0.977s] Level 1:colcon.colcon_core.shell:create_environment_hook('rafeeq_localization', 'cmake_prefix_path')
[0.978s] INFO:colcon.colcon_core.shell:Creating environment hook '/home/nour-mahgoub/Graduation_Rafeeq/install/rafeeq_localization/share/rafeeq_localization/hook/cmake_prefix_path.ps1'
[0.978s] INFO:colcon.colcon_core.shell:Creating environment descriptor '/home/nour-mahgoub/Graduation_Rafeeq/install/rafeeq_localization/share/rafeeq_localization/hook/cmake_prefix_path.dsv'
[0.978s] INFO:colcon.colcon_core.shell:Creating environment hook '/home/nour-mahgoub/Graduation_Rafeeq/install/rafeeq_localization/share/rafeeq_localization/hook/cmake_prefix_path.sh'
[0.979s] Level 1:colcon.colcon_core.environment:checking '/home/nour-mahgoub/Graduation_Rafeeq/install/rafeeq_localization/bin'
[0.979s] Level 1:colcon.colcon_core.environment:checking '/home/nour-mahgoub/Graduation_Rafeeq/install/rafeeq_localization/lib/pkgconfig/rafeeq_localization.pc'
[0.979s] Level 1:colcon.colcon_core.environment:checking '/home/nour-mahgoub/Graduation_Rafeeq/install/rafeeq_localization/lib/python3.12/site-packages'
[0.979s] Level 1:colcon.colcon_core.environment:checking '/home/nour-mahgoub/Graduation_Rafeeq/install/rafeeq_localization/bin'
[0.980s] INFO:colcon.colcon_core.shell:Creating package script '/home/nour-mahgoub/Graduation_Rafeeq/install/rafeeq_localization/share/rafeeq_localization/package.ps1'
[0.980s] INFO:colcon.colcon_core.shell:Creating package descriptor '/home/nour-mahgoub/Graduation_Rafeeq/install/rafeeq_localization/share/rafeeq_localization/package.dsv'
[0.981s] INFO:colcon.colcon_core.shell:Creating package script '/home/nour-mahgoub/Graduation_Rafeeq/install/rafeeq_localization/share/rafeeq_localization/package.sh'
[0.981s] INFO:colcon.colcon_core.shell:Creating package script '/home/nour-mahgoub/Graduation_Rafeeq/install/rafeeq_localization/share/rafeeq_localization/package.bash'
[0.981s] INFO:colcon.colcon_core.shell:Creating package script '/home/nour-mahgoub/Graduation_Rafeeq/install/rafeeq_localization/share/rafeeq_localization/package.zsh'
[0.982s] Level 1:colcon.colcon_core.environment:create_file_with_runtime_dependencies(/home/nour-mahgoub/Graduation_Rafeeq/install/rafeeq_localization/share/colcon-core/packages/rafeeq_localization)
[0.982s] Level 1:colcon.colcon_core.environment:create_environment_scripts_only(kinect_ros2)
[0.982s] Level 1:colcon.colcon_core.environment:checking '/home/nour-mahgoub/Graduation_Rafeeq/install/kinect_ros2' for CMake module files
[0.983s] DEBUG:colcon.colcon_core.event_handler.log_command:Invoked command in '/home/nour-mahgoub/Graduation_Rafeeq/build/kinect_ros2' returned '0': CMAKE_PREFIX_PATH=${CMAKE_PREFIX_PATH}:/home/nour-mahgoub/Graduation_Rafeeq/install/view_robot_pkg:/home/nour-mahgoub/Graduation_Rafeeq/install/serial_node:/home/nour-mahgoub/Graduation_Rafeeq/install/rafeeq_description:/opt/ros/jazzy DEBUGINFOD_URLS=https://debuginfod.ubuntu.com /usr/bin/cmake --install /home/nour-mahgoub/Graduation_Rafeeq/build/kinect_ros2
[0.983s] Level 1:colcon.colcon_core.environment:checking '/home/nour-mahgoub/Graduation_Rafeeq/install/kinect_ros2' for CMake config files
[0.983s] Level 1:colcon.colcon_core.shell:create_environment_hook('kinect_ros2', 'cmake_prefix_path')
[0.984s] INFO:colcon.colcon_core.shell:Creating environment hook '/home/nour-mahgoub/Graduation_Rafeeq/install/kinect_ros2/share/kinect_ros2/hook/cmake_prefix_path.ps1'
[0.984s] INFO:colcon.colcon_core.shell:Creating environment descriptor '/home/nour-mahgoub/Graduation_Rafeeq/install/kinect_ros2/share/kinect_ros2/hook/cmake_prefix_path.dsv'
[0.984s] INFO:colcon.colcon_core.shell:Creating environment hook '/home/nour-mahgoub/Graduation_Rafeeq/install/kinect_ros2/share/kinect_ros2/hook/cmake_prefix_path.sh'
[0.985s] Level 1:colcon.colcon_core.environment:checking '/home/nour-mahgoub/Graduation_Rafeeq/install/kinect_ros2/lib'
[0.985s] Level 1:colcon.colcon_core.shell:create_environment_hook('kinect_ros2', 'ld_library_path_lib')
[0.985s] INFO:colcon.colcon_core.shell:Creating environment hook '/home/nour-mahgoub/Graduation_Rafeeq/install/kinect_ros2/share/kinect_ros2/hook/ld_library_path_lib.ps1'
[0.985s] INFO:colcon.colcon_core.shell:Creating environment descriptor '/home/nour-mahgoub/Graduation_Rafeeq/install/kinect_ros2/share/kinect_ros2/hook/ld_library_path_lib.dsv'
[0.986s] INFO:colcon.colcon_core.shell:Creating environment hook '/home/nour-mahgoub/Graduation_Rafeeq/install/kinect_ros2/share/kinect_ros2/hook/ld_library_path_lib.sh'
[0.986s] Level 1:colcon.colcon_core.environment:checking '/home/nour-mahgoub/Graduation_Rafeeq/install/kinect_ros2/bin'
[0.986s] Level 1:colcon.colcon_core.environment:checking '/home/nour-mahgoub/Graduation_Rafeeq/install/kinect_ros2/lib/pkgconfig/kinect_ros2.pc'
[0.986s] Level 1:colcon.colcon_core.environment:checking '/home/nour-mahgoub/Graduation_Rafeeq/install/kinect_ros2/lib/python3.12/site-packages'
[0.987s] Level 1:colcon.colcon_core.environment:checking '/home/nour-mahgoub/Graduation_Rafeeq/install/kinect_ros2/bin'
[0.987s] INFO:colcon.colcon_core.shell:Creating package script '/home/nour-mahgoub/Graduation_Rafeeq/install/kinect_ros2/share/kinect_ros2/package.ps1'
[0.988s] INFO:colcon.colcon_core.shell:Creating package descriptor '/home/nour-mahgoub/Graduation_Rafeeq/install/kinect_ros2/share/kinect_ros2/package.dsv'
[0.988s] INFO:colcon.colcon_core.shell:Creating package script '/home/nour-mahgoub/Graduation_Rafeeq/install/kinect_ros2/share/kinect_ros2/package.sh'
[0.989s] INFO:colcon.colcon_core.shell:Creating package script '/home/nour-mahgoub/Graduation_Rafeeq/install/kinect_ros2/share/kinect_ros2/package.bash'
[0.989s] INFO:colcon.colcon_core.shell:Creating package script '/home/nour-mahgoub/Graduation_Rafeeq/install/kinect_ros2/share/kinect_ros2/package.zsh'
[0.989s] Level 1:colcon.colcon_core.environment:create_file_with_runtime_dependencies(/home/nour-mahgoub/Graduation_Rafeeq/install/kinect_ros2/share/colcon-core/packages/kinect_ros2)
[0.990s] Level 1:colcon.colcon_core.environment:create_environment_scripts_only(kinect_ros2)
[0.991s] Level 1:colcon.colcon_core.environment:checking '/home/nour-mahgoub/Graduation_Rafeeq/install/kinect_ros2' for CMake module files
[0.991s] Level 1:colcon.colcon_core.environment:checking '/home/nour-mahgoub/Graduation_Rafeeq/install/kinect_ros2' for CMake config files
[0.991s] Level 1:colcon.colcon_core.shell:create_environment_hook('kinect_ros2', 'cmake_prefix_path')
[0.992s] INFO:colcon.colcon_core.shell:Creating environment hook '/home/nour-mahgoub/Graduation_Rafeeq/install/kinect_ros2/share/kinect_ros2/hook/cmake_prefix_path.ps1'
[0.992s] INFO:colcon.colcon_core.shell:Creating environment descriptor '/home/nour-mahgoub/Graduation_Rafeeq/install/kinect_ros2/share/kinect_ros2/hook/cmake_prefix_path.dsv'
[0.992s] INFO:colcon.colcon_core.shell:Creating environment hook '/home/nour-mahgoub/Graduation_Rafeeq/install/kinect_ros2/share/kinect_ros2/hook/cmake_prefix_path.sh'
[0.993s] Level 1:colcon.colcon_core.environment:checking '/home/nour-mahgoub/Graduation_Rafeeq/install/kinect_ros2/lib'
[0.993s] Level 1:colcon.colcon_core.shell:create_environment_hook('kinect_ros2', 'ld_library_path_lib')
[0.993s] INFO:colcon.colcon_core.shell:Creating environment hook '/home/nour-mahgoub/Graduation_Rafeeq/install/kinect_ros2/share/kinect_ros2/hook/ld_library_path_lib.ps1'
[0.993s] INFO:colcon.colcon_core.shell:Creating environment descriptor '/home/nour-mahgoub/Graduation_Rafeeq/install/kinect_ros2/share/kinect_ros2/hook/ld_library_path_lib.dsv'
[0.994s] INFO:colcon.colcon_core.shell:Creating environment hook '/home/nour-mahgoub/Graduation_Rafeeq/install/kinect_ros2/share/kinect_ros2/hook/ld_library_path_lib.sh'
[0.994s] Level 1:colcon.colcon_core.environment:checking '/home/nour-mahgoub/Graduation_Rafeeq/install/kinect_ros2/bin'
[0.994s] Level 1:colcon.colcon_core.environment:checking '/home/nour-mahgoub/Graduation_Rafeeq/install/kinect_ros2/lib/pkgconfig/kinect_ros2.pc'
[0.994s] Level 1:colcon.colcon_core.environment:checking '/home/nour-mahgoub/Graduation_Rafeeq/install/kinect_ros2/lib/python3.12/site-packages'
[0.994s] Level 1:colcon.colcon_core.environment:checking '/home/nour-mahgoub/Graduation_Rafeeq/install/kinect_ros2/bin'
[0.995s] INFO:colcon.colcon_core.shell:Creating package script '/home/nour-mahgoub/Graduation_Rafeeq/install/kinect_ros2/share/kinect_ros2/package.ps1'
[0.995s] INFO:colcon.colcon_core.shell:Creating package descriptor '/home/nour-mahgoub/Graduation_Rafeeq/install/kinect_ros2/share/kinect_ros2/package.dsv'
[0.996s] INFO:colcon.colcon_core.shell:Creating package script '/home/nour-mahgoub/Graduation_Rafeeq/install/kinect_ros2/share/kinect_ros2/package.sh'
[0.996s] INFO:colcon.colcon_core.shell:Creating package script '/home/nour-mahgoub/Graduation_Rafeeq/install/kinect_ros2/share/kinect_ros2/package.bash'
[0.997s] INFO:colcon.colcon_core.shell:Creating package script '/home/nour-mahgoub/Graduation_Rafeeq/install/kinect_ros2/share/kinect_ros2/package.zsh'
[0.997s] Level 1:colcon.colcon_core.environment:create_file_with_runtime_dependencies(/home/nour-mahgoub/Graduation_Rafeeq/install/kinect_ros2/share/colcon-core/packages/kinect_ros2)
[0.997s] Level 1:colcon.colcon_core.environment:create_environment_scripts_only(rafeeq_speech)
[0.998s] Level 1:colcon.colcon_core.environment:checking '/home/nour-mahgoub/Graduation_Rafeeq/install/rafeeq_speech' for CMake module files
[0.998s] DEBUG:colcon.colcon_core.event_handler.log_command:Invoked command in '/home/nour-mahgoub/Graduation_Rafeeq/build/rafeeq_speech' returned '0': CMAKE_PREFIX_PATH=${CMAKE_PREFIX_PATH}:/home/nour-mahgoub/Graduation_Rafeeq/install/view_robot_pkg:/home/nour-mahgoub/Graduation_Rafeeq/install/serial_node:/home/nour-mahgoub/Graduation_Rafeeq/install/rafeeq_description:/opt/ros/jazzy DEBUGINFOD_URLS=https://debuginfod.ubuntu.com /usr/bin/cmake --install /home/nour-mahgoub/Graduation_Rafeeq/build/rafeeq_speech
[0.998s] Level 1:colcon.colcon_core.environment:checking '/home/nour-mahgoub/Graduation_Rafeeq/install/rafeeq_speech' for CMake config files
[0.999s] Level 1:colcon.colcon_core.shell:create_environment_hook('rafeeq_speech', 'cmake_prefix_path')
[0.999s] INFO:colcon.colcon_core.shell:Creating environment hook '/home/nour-mahgoub/Graduation_Rafeeq/install/rafeeq_speech/share/rafeeq_speech/hook/cmake_prefix_path.ps1'
[0.999s] INFO:colcon.colcon_core.shell:Creating environment descriptor '/home/nour-mahgoub/Graduation_Rafeeq/install/rafeeq_speech/share/rafeeq_speech/hook/cmake_prefix_path.dsv'
[0.999s] INFO:colcon.colcon_core.shell:Creating environment hook '/home/nour-mahgoub/Graduation_Rafeeq/install/rafeeq_speech/share/rafeeq_speech/hook/cmake_prefix_path.sh'
[1.000s] Level 1:colcon.colcon_core.environment:checking '/home/nour-mahgoub/Graduation_Rafeeq/install/rafeeq_speech/lib'
[1.000s] Level 1:colcon.colcon_core.environment:checking '/home/nour-mahgoub/Graduation_Rafeeq/install/rafeeq_speech/bin'
[1.000s] Level 1:colcon.colcon_core.environment:checking '/home/nour-mahgoub/Graduation_Rafeeq/install/rafeeq_speech/lib/pkgconfig/rafeeq_speech.pc'
[1.000s] Level 1:colcon.colcon_core.environment:checking '/home/nour-mahgoub/Graduation_Rafeeq/install/rafeeq_speech/lib/python3.12/site-packages'
[1.001s] Level 1:colcon.colcon_core.environment:checking '/home/nour-mahgoub/Graduation_Rafeeq/install/rafeeq_speech/bin'
[1.001s] INFO:colcon.colcon_core.shell:Creating package script '/home/nour-mahgoub/Graduation_Rafeeq/install/rafeeq_speech/share/rafeeq_speech/package.ps1'
[1.001s] INFO:colcon.colcon_core.shell:Creating package descriptor '/home/nour-mahgoub/Graduation_Rafeeq/install/rafeeq_speech/share/rafeeq_speech/package.dsv'
[1.002s] INFO:colcon.colcon_core.shell:Creating package script '/home/nour-mahgoub/Graduation_Rafeeq/install/rafeeq_speech/share/rafeeq_speech/package.sh'
[1.002s] INFO:colcon.colcon_core.shell:Creating package script '/home/nour-mahgoub/Graduation_Rafeeq/install/rafeeq_speech/share/rafeeq_speech/package.bash'
[1.002s] INFO:colcon.colcon_core.shell:Creating package script '/home/nour-mahgoub/Graduation_Rafeeq/install/rafeeq_speech/share/rafeeq_speech/package.zsh'
[1.002s] Level 1:colcon.colcon_core.environment:create_file_with_runtime_dependencies(/home/nour-mahgoub/Graduation_Rafeeq/install/rafeeq_speech/share/colcon-core/packages/rafeeq_speech)
[1.003s] Level 1:colcon.colcon_core.environment:create_environment_scripts_only(rafeeq_speech)
[1.003s] Level 1:colcon.colcon_core.environment:checking '/home/nour-mahgoub/Graduation_Rafeeq/install/rafeeq_speech' for CMake module files
[1.004s] Level 1:colcon.colcon_core.environment:checking '/home/nour-mahgoub/Graduation_Rafeeq/install/rafeeq_speech' for CMake config files
[1.004s] Level 1:colcon.colcon_core.shell:create_environment_hook('rafeeq_speech', 'cmake_prefix_path')
[1.004s] INFO:colcon.colcon_core.shell:Creating environment hook '/home/nour-mahgoub/Graduation_Rafeeq/install/rafeeq_speech/share/rafeeq_speech/hook/cmake_prefix_path.ps1'
[1.004s] INFO:colcon.colcon_core.shell:Creating environment descriptor '/home/nour-mahgoub/Graduation_Rafeeq/install/rafeeq_speech/share/rafeeq_speech/hook/cmake_prefix_path.dsv'
[1.004s] INFO:colcon.colcon_core.shell:Creating environment hook '/home/nour-mahgoub/Graduation_Rafeeq/install/rafeeq_speech/share/rafeeq_speech/hook/cmake_prefix_path.sh'
[1.005s] Level 1:colcon.colcon_core.environment:checking '/home/nour-mahgoub/Graduation_Rafeeq/install/rafeeq_speech/lib'
[1.005s] Level 1:colcon.colcon_core.environment:checking '/home/nour-mahgoub/Graduation_Rafeeq/install/rafeeq_speech/bin'
[1.005s] Level 1:colcon.colcon_core.environment:checking '/home/nour-mahgoub/Graduation_Rafeeq/install/rafeeq_speech/lib/pkgconfig/rafeeq_speech.pc'
[1.005s] Level 1:colcon.colcon_core.environment:checking '/home/nour-mahgoub/Graduation_Rafeeq/install/rafeeq_speech/lib/python3.12/site-packages'
[1.006s] Level 1:colcon.colcon_core.environment:checking '/home/nour-mahgoub/Graduation_Rafeeq/install/rafeeq_speech/bin'
[1.006s] INFO:colcon.colcon_core.shell:Creating package script '/home/nour-mahgoub/Graduation_Rafeeq/install/rafeeq_speech/share/rafeeq_speech/package.ps1'
[1.006s] INFO:colcon.colcon_core.shell:Creating package descriptor '/home/nour-mahgoub/Graduation_Rafeeq/install/rafeeq_speech/share/rafeeq_speech/package.dsv'
[1.007s] INFO:colcon.colcon_core.shell:Creating package script '/home/nour-mahgoub/Graduation_Rafeeq/install/rafeeq_speech/share/rafeeq_speech/package.sh'
[1.007s] INFO:colcon.colcon_core.shell:Creating package script '/home/nour-mahgoub/Graduation_Rafeeq/install/rafeeq_speech/share/rafeeq_speech/package.bash'
[1.007s] INFO:colcon.colcon_core.shell:Creating package script '/home/nour-mahgoub/Graduation_Rafeeq/install/rafeeq_speech/share/rafeeq_speech/package.zsh'
[1.007s] Level 1:colcon.colcon_core.environment:create_file_with_runtime_dependencies(/home/nour-mahgoub/Graduation_Rafeeq/install/rafeeq_speech/share/colcon-core/packages/rafeeq_speech)
[1.008s] DEBUG:colcon.colcon_core.event_handler.log_command:Invoked command in '/home/nour-mahgoub/Graduation_Rafeeq/build/sllidar_ros2' returned '0': CMAKE_PREFIX_PATH=${CMAKE_PREFIX_PATH}:/home/nour-mahgoub/Graduation_Rafeeq/install/view_robot_pkg:/home/nour-mahgoub/Graduation_Rafeeq/install/serial_node:/home/nour-mahgoub/Graduation_Rafeeq/install/rafeeq_description:/opt/ros/jazzy DEBUGINFOD_URLS=https://debuginfod.ubuntu.com /usr/bin/cmake --build /home/nour-mahgoub/Graduation_Rafeeq/build/sllidar_ros2 -- -j20 -l20
[1.009s] DEBUG:colcon.colcon_core.event_handler.log_command:Invoking command in '/home/nour-mahgoub/Graduation_Rafeeq/build/sllidar_ros2': CMAKE_PREFIX_PATH=${CMAKE_PREFIX_PATH}:/home/nour-mahgoub/Graduation_Rafeeq/install/view_robot_pkg:/home/nour-mahgoub/Graduation_Rafeeq/install/serial_node:/home/nour-mahgoub/Graduation_Rafeeq/install/rafeeq_description:/opt/ros/jazzy DEBUGINFOD_URLS=https://debuginfod.ubuntu.com /usr/bin/cmake --install /home/nour-mahgoub/Graduation_Rafeeq/build/sllidar_ros2
[1.010s] DEBUG:colcon.colcon_core.event_handler.log_command:Invoked command in '/home/nour-mahgoub/Graduation_Rafeeq/build/usb_cam' returned '0': CMAKE_PREFIX_PATH=${CMAKE_PREFIX_PATH}:/home/nour-mahgoub/Graduation_Rafeeq/install/view_robot_pkg:/home/nour-mahgoub/Graduation_Rafeeq/install/serial_node:/home/nour-mahgoub/Graduation_Rafeeq/install/rafeeq_description:/opt/ros/jazzy DEBUGINFOD_URLS=https://debuginfod.ubuntu.com /usr/bin/cmake --build /home/nour-mahgoub/Graduation_Rafeeq/build/usb_cam -- -j20 -l20
[1.011s] DEBUG:colcon.colcon_core.event_handler.log_command:Invoking command in '/home/nour-mahgoub/Graduation_Rafeeq/build/usb_cam': CMAKE_PREFIX_PATH=${CMAKE_PREFIX_PATH}:/home/nour-mahgoub/Graduation_Rafeeq/install/view_robot_pkg:/home/nour-mahgoub/Graduation_Rafeeq/install/serial_node:/home/nour-mahgoub/Graduation_Rafeeq/install/rafeeq_description:/opt/ros/jazzy DEBUGINFOD_URLS=https://debuginfod.ubuntu.com /usr/bin/cmake --install /home/nour-mahgoub/Graduation_Rafeeq/build/usb_cam
[1.015s] Level 1:colcon.colcon_core.environment:create_environment_scripts_only(sllidar_ros2)
[1.015s] DEBUG:colcon.colcon_core.event_handler.log_command:Invoked command in '/home/nour-mahgoub/Graduation_Rafeeq/build/sllidar_ros2' returned '0': CMAKE_PREFIX_PATH=${CMAKE_PREFIX_PATH}:/home/nour-mahgoub/Graduation_Rafeeq/install/view_robot_pkg:/home/nour-mahgoub/Graduation_Rafeeq/install/serial_node:/home/nour-mahgoub/Graduation_Rafeeq/install/rafeeq_description:/opt/ros/jazzy DEBUGINFOD_URLS=https://debuginfod.ubuntu.com /usr/bin/cmake --install /home/nour-mahgoub/Graduation_Rafeeq/build/sllidar_ros2
[1.016s] Level 1:colcon.colcon_core.environment:checking '/home/nour-mahgoub/Graduation_Rafeeq/install/sllidar_ros2' for CMake module files
[1.017s] Level 1:colcon.colcon_core.environment:checking '/home/nour-mahgoub/Graduation_Rafeeq/install/sllidar_ros2' for CMake config files
[1.018s] Level 1:colcon.colcon_core.shell:create_environment_hook('sllidar_ros2', 'cmake_prefix_path')
[1.018s] INFO:colcon.colcon_core.shell:Creating environment hook '/home/nour-mahgoub/Graduation_Rafeeq/install/sllidar_ros2/share/sllidar_ros2/hook/cmake_prefix_path.ps1'
[1.019s] INFO:colcon.colcon_core.shell:Creating environment descriptor '/home/nour-mahgoub/Graduation_Rafeeq/install/sllidar_ros2/share/sllidar_ros2/hook/cmake_prefix_path.dsv'
[1.019s] INFO:colcon.colcon_core.shell:Creating environment hook '/home/nour-mahgoub/Graduation_Rafeeq/install/sllidar_ros2/share/sllidar_ros2/hook/cmake_prefix_path.sh'
[1.020s] Level 1:colcon.colcon_core.environment:checking '/home/nour-mahgoub/Graduation_Rafeeq/install/sllidar_ros2/lib'
[1.020s] Level 1:colcon.colcon_core.environment:checking '/home/nour-mahgoub/Graduation_Rafeeq/install/sllidar_ros2/bin'
[1.020s] Level 1:colcon.colcon_core.environment:checking '/home/nour-mahgoub/Graduation_Rafeeq/install/sllidar_ros2/lib/pkgconfig/sllidar_ros2.pc'
[1.020s] Level 1:colcon.colcon_core.environment:checking '/home/nour-mahgoub/Graduation_Rafeeq/install/sllidar_ros2/lib/python3.12/site-packages'
[1.020s] Level 1:colcon.colcon_core.environment:checking '/home/nour-mahgoub/Graduation_Rafeeq/install/sllidar_ros2/bin'
[1.021s] INFO:colcon.colcon_core.shell:Creating package script '/home/nour-mahgoub/Graduation_Rafeeq/install/sllidar_ros2/share/sllidar_ros2/package.ps1'
[1.021s] INFO:colcon.colcon_core.shell:Creating package descriptor '/home/nour-mahgoub/Graduation_Rafeeq/install/sllidar_ros2/share/sllidar_ros2/package.dsv'
[1.021s] INFO:colcon.colcon_core.shell:Creating package script '/home/nour-mahgoub/Graduation_Rafeeq/install/sllidar_ros2/share/sllidar_ros2/package.sh'
[1.022s] INFO:colcon.colcon_core.shell:Creating package script '/home/nour-mahgoub/Graduation_Rafeeq/install/sllidar_ros2/share/sllidar_ros2/package.bash'
[1.022s] INFO:colcon.colcon_core.shell:Creating package script '/home/nour-mahgoub/Graduation_Rafeeq/install/sllidar_ros2/share/sllidar_ros2/package.zsh'
[1.023s] Level 1:colcon.colcon_core.environment:create_file_with_runtime_dependencies(/home/nour-mahgoub/Graduation_Rafeeq/install/sllidar_ros2/share/colcon-core/packages/sllidar_ros2)
[1.024s] Level 1:colcon.colcon_core.environment:create_environment_scripts_only(sllidar_ros2)
[1.024s] Level 1:colcon.colcon_core.environment:checking '/home/nour-mahgoub/Graduation_Rafeeq/install/sllidar_ros2' for CMake module files
[1.025s] Level 1:colcon.colcon_core.environment:checking '/home/nour-mahgoub/Graduation_Rafeeq/install/sllidar_ros2' for CMake config files
[1.025s] Level 1:colcon.colcon_core.shell:create_environment_hook('sllidar_ros2', 'cmake_prefix_path')
[1.025s] INFO:colcon.colcon_core.shell:Creating environment hook '/home/nour-mahgoub/Graduation_Rafeeq/install/sllidar_ros2/share/sllidar_ros2/hook/cmake_prefix_path.ps1'
[1.025s] INFO:colcon.colcon_core.shell:Creating environment descriptor '/home/nour-mahgoub/Graduation_Rafeeq/install/sllidar_ros2/share/sllidar_ros2/hook/cmake_prefix_path.dsv'
[1.026s] INFO:colcon.colcon_core.shell:Creating environment hook '/home/nour-mahgoub/Graduation_Rafeeq/install/sllidar_ros2/share/sllidar_ros2/hook/cmake_prefix_path.sh'
[1.026s] Level 1:colcon.colcon_core.environment:checking '/home/nour-mahgoub/Graduation_Rafeeq/install/sllidar_ros2/lib'
[1.026s] Level 1:colcon.colcon_core.environment:checking '/home/nour-mahgoub/Graduation_Rafeeq/install/sllidar_ros2/bin'
[1.026s] Level 1:colcon.colcon_core.environment:checking '/home/nour-mahgoub/Graduation_Rafeeq/install/sllidar_ros2/lib/pkgconfig/sllidar_ros2.pc'
[1.027s] Level 1:colcon.colcon_core.environment:checking '/home/nour-mahgoub/Graduation_Rafeeq/install/sllidar_ros2/lib/python3.12/site-packages'
[1.027s] Level 1:colcon.colcon_core.environment:checking '/home/nour-mahgoub/Graduation_Rafeeq/install/sllidar_ros2/bin'
[1.027s] INFO:colcon.colcon_core.shell:Creating package script '/home/nour-mahgoub/Graduation_Rafeeq/install/sllidar_ros2/share/sllidar_ros2/package.ps1'
[1.028s] INFO:colcon.colcon_core.shell:Creating package descriptor '/home/nour-mahgoub/Graduation_Rafeeq/install/sllidar_ros2/share/sllidar_ros2/package.dsv'
[1.028s] INFO:colcon.colcon_core.shell:Creating package script '/home/nour-mahgoub/Graduation_Rafeeq/install/sllidar_ros2/share/sllidar_ros2/package.sh'
[1.029s] INFO:colcon.colcon_core.shell:Creating package script '/home/nour-mahgoub/Graduation_Rafeeq/install/sllidar_ros2/share/sllidar_ros2/package.bash'
[1.029s] INFO:colcon.colcon_core.shell:Creating package script '/home/nour-mahgoub/Graduation_Rafeeq/install/sllidar_ros2/share/sllidar_ros2/package.zsh'
[1.029s] Level 1:colcon.colcon_core.environment:create_file_with_runtime_dependencies(/home/nour-mahgoub/Graduation_Rafeeq/install/sllidar_ros2/share/colcon-core/packages/sllidar_ros2)
[1.030s] Level 1:colcon.colcon_core.environment:create_environment_scripts_only(usb_cam)
[1.030s] Level 1:colcon.colcon_core.environment:checking '/home/nour-mahgoub/Graduation_Rafeeq/install/usb_cam' for CMake module files
[1.031s] DEBUG:colcon.colcon_core.event_handler.log_command:Invoked command in '/home/nour-mahgoub/Graduation_Rafeeq/build/usb_cam' returned '0': CMAKE_PREFIX_PATH=${CMAKE_PREFIX_PATH}:/home/nour-mahgoub/Graduation_Rafeeq/install/view_robot_pkg:/home/nour-mahgoub/Graduation_Rafeeq/install/serial_node:/home/nour-mahgoub/Graduation_Rafeeq/install/rafeeq_description:/opt/ros/jazzy DEBUGINFOD_URLS=https://debuginfod.ubuntu.com /usr/bin/cmake --install /home/nour-mahgoub/Graduation_Rafeeq/build/usb_cam
[1.031s] Level 1:colcon.colcon_core.environment:checking '/home/nour-mahgoub/Graduation_Rafeeq/install/usb_cam' for CMake config files
[1.032s] Level 1:colcon.colcon_core.shell:create_environment_hook('usb_cam', 'cmake_prefix_path')
[1.032s] INFO:colcon.colcon_core.shell:Creating environment hook '/home/nour-mahgoub/Graduation_Rafeeq/install/usb_cam/share/usb_cam/hook/cmake_prefix_path.ps1'
[1.032s] INFO:colcon.colcon_core.shell:Creating environment descriptor '/home/nour-mahgoub/Graduation_Rafeeq/install/usb_cam/share/usb_cam/hook/cmake_prefix_path.dsv'
[1.032s] INFO:colcon.colcon_core.shell:Creating environment hook '/home/nour-mahgoub/Graduation_Rafeeq/install/usb_cam/share/usb_cam/hook/cmake_prefix_path.sh'
[1.033s] Level 1:colcon.colcon_core.environment:checking '/home/nour-mahgoub/Graduation_Rafeeq/install/usb_cam/lib'
[1.033s] Level 1:colcon.colcon_core.shell:create_environment_hook('usb_cam', 'ld_library_path_lib')
[1.033s] INFO:colcon.colcon_core.shell:Creating environment hook '/home/nour-mahgoub/Graduation_Rafeeq/install/usb_cam/share/usb_cam/hook/ld_library_path_lib.ps1'
[1.034s] INFO:colcon.colcon_core.shell:Creating environment descriptor '/home/nour-mahgoub/Graduation_Rafeeq/install/usb_cam/share/usb_cam/hook/ld_library_path_lib.dsv'
[1.034s] INFO:colcon.colcon_core.shell:Creating environment hook '/home/nour-mahgoub/Graduation_Rafeeq/install/usb_cam/share/usb_cam/hook/ld_library_path_lib.sh'
[1.034s] Level 1:colcon.colcon_core.environment:checking '/home/nour-mahgoub/Graduation_Rafeeq/install/usb_cam/bin'
[1.034s] Level 1:colcon.colcon_core.environment:checking '/home/nour-mahgoub/Graduation_Rafeeq/install/usb_cam/lib/pkgconfig/usb_cam.pc'
[1.035s] Level 1:colcon.colcon_core.environment:checking '/home/nour-mahgoub/Graduation_Rafeeq/install/usb_cam/lib/python3.12/site-packages'
[1.035s] Level 1:colcon.colcon_core.environment:checking '/home/nour-mahgoub/Graduation_Rafeeq/install/usb_cam/bin'
[1.035s] INFO:colcon.colcon_core.shell:Creating package script '/home/nour-mahgoub/Graduation_Rafeeq/install/usb_cam/share/usb_cam/package.ps1'
[1.036s] INFO:colcon.colcon_core.shell:Creating package descriptor '/home/nour-mahgoub/Graduation_Rafeeq/install/usb_cam/share/usb_cam/package.dsv'
[1.036s] INFO:colcon.colcon_core.shell:Creating package script '/home/nour-mahgoub/Graduation_Rafeeq/install/usb_cam/share/usb_cam/package.sh'
[1.037s] INFO:colcon.colcon_core.shell:Creating package script '/home/nour-mahgoub/Graduation_Rafeeq/install/usb_cam/share/usb_cam/package.bash'
[1.037s] INFO:colcon.colcon_core.shell:Creating package script '/home/nour-mahgoub/Graduation_Rafeeq/install/usb_cam/share/usb_cam/package.zsh'
[1.037s] Level 1:colcon.colcon_core.environment:create_file_with_runtime_dependencies(/home/nour-mahgoub/Graduation_Rafeeq/install/usb_cam/share/colcon-core/packages/usb_cam)
[1.038s] Level 1:colcon.colcon_core.environment:create_environment_scripts_only(usb_cam)
[1.039s] Level 1:colcon.colcon_core.environment:checking '/home/nour-mahgoub/Graduation_Rafeeq/install/usb_cam' for CMake module files
[1.039s] Level 1:colcon.colcon_core.environment:checking '/home/nour-mahgoub/Graduation_Rafeeq/install/usb_cam' for CMake config files
[1.039s] Level 1:colcon.colcon_core.shell:create_environment_hook('usb_cam', 'cmake_prefix_path')
[1.039s] INFO:colcon.colcon_core.shell:Creating environment hook '/home/nour-mahgoub/Graduation_Rafeeq/install/usb_cam/share/usb_cam/hook/cmake_prefix_path.ps1'
[1.040s] INFO:colcon.colcon_core.shell:Creating environment descriptor '/home/nour-mahgoub/Graduation_Rafeeq/install/usb_cam/share/usb_cam/hook/cmake_prefix_path.dsv'
[1.040s] INFO:colcon.colcon_core.shell:Creating environment hook '/home/nour-mahgoub/Graduation_Rafeeq/install/usb_cam/share/usb_cam/hook/cmake_prefix_path.sh'
[1.041s] Level 1:colcon.colcon_core.environment:checking '/home/nour-mahgoub/Graduation_Rafeeq/install/usb_cam/lib'
[1.041s] Level 1:colcon.colcon_core.shell:create_environment_hook('usb_cam', 'ld_library_path_lib')
[1.041s] INFO:colcon.colcon_core.shell:Creating environment hook '/home/nour-mahgoub/Graduation_Rafeeq/install/usb_cam/share/usb_cam/hook/ld_library_path_lib.ps1'
[1.041s] INFO:colcon.colcon_core.shell:Creating environment descriptor '/home/nour-mahgoub/Graduation_Rafeeq/install/usb_cam/share/usb_cam/hook/ld_library_path_lib.dsv'
[1.042s] INFO:colcon.colcon_core.shell:Creating environment hook '/home/nour-mahgoub/Graduation_Rafeeq/install/usb_cam/share/usb_cam/hook/ld_library_path_lib.sh'
[1.042s] Level 1:colcon.colcon_core.environment:checking '/home/nour-mahgoub/Graduation_Rafeeq/install/usb_cam/bin'
[1.042s] Level 1:colcon.colcon_core.environment:checking '/home/nour-mahgoub/Graduation_Rafeeq/install/usb_cam/lib/pkgconfig/usb_cam.pc'
[1.042s] Level 1:colcon.colcon_core.environment:checking '/home/nour-mahgoub/Graduation_Rafeeq/install/usb_cam/lib/python3.12/site-packages'
[1.043s] Level 1:colcon.colcon_core.environment:checking '/home/nour-mahgoub/Graduation_Rafeeq/install/usb_cam/bin'
[1.043s] INFO:colcon.colcon_core.shell:Creating package script '/home/nour-mahgoub/Graduation_Rafeeq/install/usb_cam/share/usb_cam/package.ps1'
[1.043s] INFO:colcon.colcon_core.shell:Creating package descriptor '/home/nour-mahgoub/Graduation_Rafeeq/install/usb_cam/share/usb_cam/package.dsv'
[1.044s] INFO:colcon.colcon_core.shell:Creating package script '/home/nour-mahgoub/Graduation_Rafeeq/install/usb_cam/share/usb_cam/package.sh'
[1.044s] INFO:colcon.colcon_core.shell:Creating package script '/home/nour-mahgoub/Graduation_Rafeeq/install/usb_cam/share/usb_cam/package.bash'
[1.045s] INFO:colcon.colcon_core.shell:Creating package script '/home/nour-mahgoub/Graduation_Rafeeq/install/usb_cam/share/usb_cam/package.zsh'
[1.045s] Level 1:colcon.colcon_core.environment:create_file_with_runtime_dependencies(/home/nour-mahgoub/Graduation_Rafeeq/install/usb_cam/share/colcon-core/packages/usb_cam)
[1.344s] DEBUG:colcon.colcon_core.event_handler.log_command:Invoking command in '/home/nour-mahgoub/Graduation_Rafeeq/src/rafeeq_description': DEBUGINFOD_URLS=https://debuginfod.ubuntu.com PYTHONPATH=/home/nour-mahgoub/Graduation_Rafeeq/build/rafeeq_description/prefix_override:/usr/lib/python3/dist-packages/colcon_core/task/python/colcon_distutils_commands:/home/nour-mahgoub/Graduation_Rafeeq/install/rafeeq_description/lib/python3.12/site-packages:${PYTHONPATH} /usr/bin/python3 -W ignore:setup.py install is deprecated -W ignore:easy_install command is deprecated setup.py egg_info --egg-base ../../build/rafeeq_description build --build-base /home/nour-mahgoub/Graduation_Rafeeq/build/rafeeq_description/build install --record /home/nour-mahgoub/Graduation_Rafeeq/build/rafeeq_description/install.log --single-version-externally-managed install_data
[1.434s] DEBUG:colcon.colcon_core.event_handler.log_command:Invoking command in '/home/nour-mahgoub/Graduation_Rafeeq/src/serial_node': DEBUGINFOD_URLS=https://debuginfod.ubuntu.com PYTHONPATH=/home/nour-mahgoub/Graduation_Rafeeq/build/serial_node/prefix_override:/usr/lib/python3/dist-packages/colcon_core/task/python/colcon_distutils_commands:/home/nour-mahgoub/Graduation_Rafeeq/install/serial_node/lib/python3.12/site-packages:${PYTHONPATH} /usr/bin/python3 -W ignore:setup.py install is deprecated -W ignore:easy_install command is deprecated setup.py egg_info --egg-base ../../build/serial_node build --build-base /home/nour-mahgoub/Graduation_Rafeeq/build/serial_node/build install --record /home/nour-mahgoub/Graduation_Rafeeq/build/serial_node/install.log --single-version-externally-managed install_data
[1.949s] Level 1:colcon.colcon_core.environment:checking '/home/nour-mahgoub/Graduation_Rafeeq/install/rafeeq_description' for CMake module files
[1.949s] DEBUG:colcon.colcon_core.event_handler.log_command:Invoked command in '/home/nour-mahgoub/Graduation_Rafeeq/src/rafeeq_description' returned '0': DEBUGINFOD_URLS=https://debuginfod.ubuntu.com PYTHONPATH=/home/nour-mahgoub/Graduation_Rafeeq/build/rafeeq_description/prefix_override:/usr/lib/python3/dist-packages/colcon_core/task/python/colcon_distutils_commands:/home/nour-mahgoub/Graduation_Rafeeq/install/rafeeq_description/lib/python3.12/site-packages:${PYTHONPATH} /usr/bin/python3 -W ignore:setup.py install is deprecated -W ignore:easy_install command is deprecated setup.py egg_info --egg-base ../../build/rafeeq_description build --build-base /home/nour-mahgoub/Graduation_Rafeeq/build/rafeeq_description/build install --record /home/nour-mahgoub/Graduation_Rafeeq/build/rafeeq_description/install.log --single-version-externally-managed install_data
[1.950s] Level 1:colcon.colcon_core.environment:checking '/home/nour-mahgoub/Graduation_Rafeeq/install/rafeeq_description' for CMake config files
[1.950s] Level 1:colcon.colcon_core.environment:checking '/home/nour-mahgoub/Graduation_Rafeeq/install/rafeeq_description/lib'
[1.950s] Level 1:colcon.colcon_core.environment:checking '/home/nour-mahgoub/Graduation_Rafeeq/install/rafeeq_description/bin'
[1.950s] Level 1:colcon.colcon_core.environment:checking '/home/nour-mahgoub/Graduation_Rafeeq/install/rafeeq_description/lib/pkgconfig/rafeeq_description.pc'
[1.950s] Level 1:colcon.colcon_core.environment:checking '/home/nour-mahgoub/Graduation_Rafeeq/install/rafeeq_description/lib/python3.12/site-packages'
[1.950s] Level 1:colcon.colcon_core.shell:create_environment_hook('rafeeq_description', 'pythonpath')
[1.950s] INFO:colcon.colcon_core.shell:Creating environment hook '/home/nour-mahgoub/Graduation_Rafeeq/install/rafeeq_description/share/rafeeq_description/hook/pythonpath.ps1'
[1.951s] INFO:colcon.colcon_core.shell:Creating environment descriptor '/home/nour-mahgoub/Graduation_Rafeeq/install/rafeeq_description/share/rafeeq_description/hook/pythonpath.dsv'
[1.951s] INFO:colcon.colcon_core.shell:Creating environment hook '/home/nour-mahgoub/Graduation_Rafeeq/install/rafeeq_description/share/rafeeq_description/hook/pythonpath.sh'
[1.951s] Level 1:colcon.colcon_core.environment:checking '/home/nour-mahgoub/Graduation_Rafeeq/install/rafeeq_description/bin'
[1.951s] Level 1:colcon.colcon_core.environment:create_environment_scripts_only(rafeeq_description)
[1.951s] INFO:colcon.colcon_core.shell:Creating package script '/home/nour-mahgoub/Graduation_Rafeeq/install/rafeeq_description/share/rafeeq_description/package.ps1'
[1.952s] INFO:colcon.colcon_core.shell:Creating package descriptor '/home/nour-mahgoub/Graduation_Rafeeq/install/rafeeq_description/share/rafeeq_description/package.dsv'
[1.952s] INFO:colcon.colcon_core.shell:Creating package script '/home/nour-mahgoub/Graduation_Rafeeq/install/rafeeq_description/share/rafeeq_description/package.sh'
[1.952s] INFO:colcon.colcon_core.shell:Creating package script '/home/nour-mahgoub/Graduation_Rafeeq/install/rafeeq_description/share/rafeeq_description/package.bash'
[1.952s] INFO:colcon.colcon_core.shell:Creating package script '/home/nour-mahgoub/Graduation_Rafeeq/install/rafeeq_description/share/rafeeq_description/package.zsh'
[1.952s] Level 1:colcon.colcon_core.environment:create_file_with_runtime_dependencies(/home/nour-mahgoub/Graduation_Rafeeq/install/rafeeq_description/share/colcon-core/packages/rafeeq_description)
[2.025s] Level 1:colcon.colcon_core.environment:checking '/home/nour-mahgoub/Graduation_Rafeeq/install/serial_node' for CMake module files
[2.025s] DEBUG:colcon.colcon_core.event_handler.log_command:Invoked command in '/home/nour-mahgoub/Graduation_Rafeeq/src/serial_node' returned '0': DEBUGINFOD_URLS=https://debuginfod.ubuntu.com PYTHONPATH=/home/nour-mahgoub/Graduation_Rafeeq/build/serial_node/prefix_override:/usr/lib/python3/dist-packages/colcon_core/task/python/colcon_distutils_commands:/home/nour-mahgoub/Graduation_Rafeeq/install/serial_node/lib/python3.12/site-packages:${PYTHONPATH} /usr/bin/python3 -W ignore:setup.py install is deprecated -W ignore:easy_install command is deprecated setup.py egg_info --egg-base ../../build/serial_node build --build-base /home/nour-mahgoub/Graduation_Rafeeq/build/serial_node/build install --record /home/nour-mahgoub/Graduation_Rafeeq/build/serial_node/install.log --single-version-externally-managed install_data
[2.026s] Level 1:colcon.colcon_core.environment:checking '/home/nour-mahgoub/Graduation_Rafeeq/install/serial_node' for CMake config files
[2.026s] Level 1:colcon.colcon_core.environment:checking '/home/nour-mahgoub/Graduation_Rafeeq/install/serial_node/lib'
[2.026s] Level 1:colcon.colcon_core.environment:checking '/home/nour-mahgoub/Graduation_Rafeeq/install/serial_node/bin'
[2.026s] Level 1:colcon.colcon_core.environment:checking '/home/nour-mahgoub/Graduation_Rafeeq/install/serial_node/lib/pkgconfig/serial_node.pc'
[2.026s] Level 1:colcon.colcon_core.environment:checking '/home/nour-mahgoub/Graduation_Rafeeq/install/serial_node/lib/python3.12/site-packages'
[2.026s] Level 1:colcon.colcon_core.shell:create_environment_hook('serial_node', 'pythonpath')
[2.026s] INFO:colcon.colcon_core.shell:Creating environment hook '/home/nour-mahgoub/Graduation_Rafeeq/install/serial_node/share/serial_node/hook/pythonpath.ps1'
[2.027s] INFO:colcon.colcon_core.shell:Creating environment descriptor '/home/nour-mahgoub/Graduation_Rafeeq/install/serial_node/share/serial_node/hook/pythonpath.dsv'
[2.027s] INFO:colcon.colcon_core.shell:Creating environment hook '/home/nour-mahgoub/Graduation_Rafeeq/install/serial_node/share/serial_node/hook/pythonpath.sh'
[2.027s] Level 1:colcon.colcon_core.environment:checking '/home/nour-mahgoub/Graduation_Rafeeq/install/serial_node/bin'
[2.027s] Level 1:colcon.colcon_core.environment:create_environment_scripts_only(serial_node)
[2.027s] INFO:colcon.colcon_core.shell:Creating package script '/home/nour-mahgoub/Graduation_Rafeeq/install/serial_node/share/serial_node/package.ps1'
[2.028s] INFO:colcon.colcon_core.shell:Creating package descriptor '/home/nour-mahgoub/Graduation_Rafeeq/install/serial_node/share/serial_node/package.dsv'
[2.028s] INFO:colcon.colcon_core.shell:Creating package script '/home/nour-mahgoub/Graduation_Rafeeq/install/serial_node/share/serial_node/package.sh'
[2.028s] INFO:colcon.colcon_core.shell:Creating package script '/home/nour-mahgoub/Graduation_Rafeeq/install/serial_node/share/serial_node/package.bash'
[2.028s] INFO:colcon.colcon_core.shell:Creating package script '/home/nour-mahgoub/Graduation_Rafeeq/install/serial_node/share/serial_node/package.zsh'
[2.028s] Level 1:colcon.colcon_core.environment:create_file_with_runtime_dependencies(/home/nour-mahgoub/Graduation_Rafeeq/install/serial_node/share/colcon-core/packages/serial_node)
[2.028s] DEBUG:colcon.colcon_parallel_executor.executor.parallel:closing loop
[2.029s] DEBUG:colcon.colcon_parallel_executor.executor.parallel:loop closed
[2.029s] DEBUG:colcon.colcon_parallel_executor.executor.parallel:run_until_complete finished with '0'
[2.029s] DEBUG:colcon.colcon_core.event_reactor:joining thread
[2.037s] INFO:colcon.colcon_core.plugin_system:Skipping extension 'colcon_notification.desktop_notification.terminal_notifier': Not used on non-Darwin systems
[2.037s] INFO:colcon.colcon_core.plugin_system:Skipping extension 'colcon_notification.desktop_notification.win32': Not used on non-Windows systems
[2.037s] INFO:colcon.colcon_notification.desktop_notification:Sending desktop notification using 'notify2'
[2.050s] DEBUG:colcon.colcon_core.event_reactor:joined thread
[2.050s] INFO:colcon.colcon_core.shell:Creating prefix script '/home/nour-mahgoub/Graduation_Rafeeq/install/local_setup.ps1'
[2.051s] INFO:colcon.colcon_core.shell:Creating prefix util module '/home/nour-mahgoub/Graduation_Rafeeq/install/_local_setup_util_ps1.py'
[2.051s] INFO:colcon.colcon_core.shell:Creating prefix chain script '/home/nour-mahgoub/Graduation_Rafeeq/install/setup.ps1'
[2.052s] INFO:colcon.colcon_core.shell:Creating prefix script '/home/nour-mahgoub/Graduation_Rafeeq/install/local_setup.sh'
[2.052s] INFO:colcon.colcon_core.shell:Creating prefix util module '/home/nour-mahgoub/Graduation_Rafeeq/install/_local_setup_util_sh.py'
[2.053s] INFO:colcon.colcon_core.shell:Creating prefix chain script '/home/nour-mahgoub/Graduation_Rafeeq/install/setup.sh'
[2.053s] INFO:colcon.colcon_core.shell:Creating prefix script '/home/nour-mahgoub/Graduation_Rafeeq/install/local_setup.bash'
[2.054s] INFO:colcon.colcon_core.shell:Creating prefix chain script '/home/nour-mahgoub/Graduation_Rafeeq/install/setup.bash'
[2.054s] INFO:colcon.colcon_core.shell:Creating prefix script '/home/nour-mahgoub/Graduation_Rafeeq/install/local_setup.zsh'
[2.054s] INFO:colcon.colcon_core.shell:Creating prefix chain script '/home/nour-mahgoub/Graduation_Rafeeq/install/setup.zsh'
