[0.207s] DEBUG:colcon:Command line arguments: ['/usr/bin/colcon', 'build']
[0.207s] DEBUG:colcon:Parsed command line arguments: Namespace(log_base=None, log_level=None, verb_name='build', build_base='build', install_base='install', merge_install=False, symlink_install=False, test_result_base=None, continue_on_error=False, executor='parallel', parallel_workers=20, event_handlers=None, ignore_user_meta=False, metas=['./colcon.meta'], base_paths=['.'], packages_ignore=None, packages_ignore_regex=None, paths=None, packages_up_to=None, packages_up_to_regex=None, packages_above=None, packages_above_and_dependencies=None, packages_above_depth=None, packages_select_by_dep=None, packages_skip_by_dep=None, packages_skip_up_to=None, packages_select_build_failed=False, packages_skip_build_finished=False, packages_select_test_failures=False, packages_skip_test_passed=False, packages_select=None, packages_skip=None, packages_select_regex=None, packages_skip_regex=None, packages_start=None, packages_end=None, allow_overriding=[], cmake_args=None, cmake_target=None, cmake_target_skip_unavailable=False, cmake_clean_cache=False, cmake_clean_first=False, cmake_force_configure=False, ament_cmake_args=None, catkin_cmake_args=None, catkin_skip_building_tests=False, mixin_files=None, mixin=None, verb_parser=<colcon_mixin.mixin.mixin_argument.MixinArgumentDecorator object at 0x7043e9295c10>, verb_extension=<colcon_core.verb.build.BuildVerb object at 0x7043e9295880>, main=<bound method BuildVerb.main of <colcon_core.verb.build.BuildVerb object at 0x7043e9295880>>, mixin_verb=('build',))
[0.259s] Level 1:colcon.colcon_core.package_discovery:discover_packages(colcon_meta) check parameters
[0.259s] Level 1:colcon.colcon_core.package_discovery:discover_packages(recursive) check parameters
[0.259s] Level 1:colcon.colcon_core.package_discovery:discover_packages(ignore) check parameters
[0.259s] Level 1:colcon.colcon_core.package_discovery:discover_packages(path) check parameters
[0.259s] Level 1:colcon.colcon_core.package_discovery:discover_packages(colcon_meta) discover
[0.259s] Level 1:colcon.colcon_core.package_discovery:discover_packages(recursive) discover
[0.259s] INFO:colcon.colcon_core.package_discovery:Crawling recursively for packages in '/home/nour-mahgoub/Graduation_Rafeeq'
[0.259s] Level 1:colcon.colcon_core.package_identification:_identify(.) by extensions ['ignore', 'ignore_ament_install']
[0.259s] Level 1:colcon.colcon_core.package_identification:_identify(.) by extension 'ignore'
[0.259s] Level 1:colcon.colcon_core.package_identification:_identify(.) by extension 'ignore_ament_install'
[0.259s] Level 1:colcon.colcon_core.package_identification:_identify(.) by extensions ['colcon_pkg']
[0.259s] Level 1:colcon.colcon_core.package_identification:_identify(.) by extension 'colcon_pkg'
[0.259s] Level 1:colcon.colcon_core.package_identification:_identify(.) by extensions ['colcon_meta']
[0.259s] Level 1:colcon.colcon_core.package_identification:_identify(.) by extension 'colcon_meta'
[0.259s] Level 1:colcon.colcon_core.package_identification:_identify(.) by extensions ['ros']
[0.259s] Level 1:colcon.colcon_core.package_identification:_identify(.) by extension 'ros'
[0.283s] Level 1:colcon.colcon_core.package_identification:_identify(.) by extensions ['cmake', 'python']
[0.283s] Level 1:colcon.colcon_core.package_identification:_identify(.) by extension 'cmake'
[0.283s] Level 1:colcon.colcon_core.package_identification:_identify(.) by extension 'python'
[0.283s] Level 1:colcon.colcon_core.package_identification:_identify(.) by extensions ['python_setup_py']
[0.283s] Level 1:colcon.colcon_core.package_identification:_identify(.) by extension 'python_setup_py'
[0.283s] Level 1:colcon.colcon_core.package_identification:_identify(build) by extensions ['ignore', 'ignore_ament_install']
[0.283s] Level 1:colcon.colcon_core.package_identification:_identify(build) by extension 'ignore'
[0.283s] Level 1:colcon.colcon_core.package_identification:_identify(build) ignored
[0.284s] Level 1:colcon.colcon_core.package_identification:_identify(install) by extensions ['ignore', 'ignore_ament_install']
[0.284s] Level 1:colcon.colcon_core.package_identification:_identify(install) by extension 'ignore'
[0.284s] Level 1:colcon.colcon_core.package_identification:_identify(install) ignored
[0.284s] Level 1:colcon.colcon_core.package_identification:_identify(launch) by extensions ['ignore', 'ignore_ament_install']
[0.284s] Level 1:colcon.colcon_core.package_identification:_identify(launch) by extension 'ignore'
[0.284s] Level 1:colcon.colcon_core.package_identification:_identify(launch) by extension 'ignore_ament_install'
[0.284s] Level 1:colcon.colcon_core.package_identification:_identify(launch) by extensions ['colcon_pkg']
[0.284s] Level 1:colcon.colcon_core.package_identification:_identify(launch) by extension 'colcon_pkg'
[0.284s] Level 1:colcon.colcon_core.package_identification:_identify(launch) by extensions ['colcon_meta']
[0.284s] Level 1:colcon.colcon_core.package_identification:_identify(launch) by extension 'colcon_meta'
[0.284s] Level 1:colcon.colcon_core.package_identification:_identify(launch) by extensions ['ros']
[0.284s] Level 1:colcon.colcon_core.package_identification:_identify(launch) by extension 'ros'
[0.284s] Level 1:colcon.colcon_core.package_identification:_identify(launch) by extensions ['cmake', 'python']
[0.284s] Level 1:colcon.colcon_core.package_identification:_identify(launch) by extension 'cmake'
[0.284s] Level 1:colcon.colcon_core.package_identification:_identify(launch) by extension 'python'
[0.284s] Level 1:colcon.colcon_core.package_identification:_identify(launch) by extensions ['python_setup_py']
[0.284s] Level 1:colcon.colcon_core.package_identification:_identify(launch) by extension 'python_setup_py'
[0.285s] Level 1:colcon.colcon_core.package_identification:_identify(log) by extensions ['ignore', 'ignore_ament_install']
[0.285s] Level 1:colcon.colcon_core.package_identification:_identify(log) by extension 'ignore'
[0.285s] Level 1:colcon.colcon_core.package_identification:_identify(log) ignored
[0.285s] Level 1:colcon.colcon_core.package_identification:_identify(src) by extensions ['ignore', 'ignore_ament_install']
[0.285s] Level 1:colcon.colcon_core.package_identification:_identify(src) by extension 'ignore'
[0.285s] Level 1:colcon.colcon_core.package_identification:_identify(src) by extension 'ignore_ament_install'
[0.285s] Level 1:colcon.colcon_core.package_identification:_identify(src) by extensions ['colcon_pkg']
[0.285s] Level 1:colcon.colcon_core.package_identification:_identify(src) by extension 'colcon_pkg'
[0.285s] Level 1:colcon.colcon_core.package_identification:_identify(src) by extensions ['colcon_meta']
[0.285s] Level 1:colcon.colcon_core.package_identification:_identify(src) by extension 'colcon_meta'
[0.285s] Level 1:colcon.colcon_core.package_identification:_identify(src) by extensions ['ros']
[0.285s] Level 1:colcon.colcon_core.package_identification:_identify(src) by extension 'ros'
[0.285s] Level 1:colcon.colcon_core.package_identification:_identify(src) by extensions ['cmake', 'python']
[0.285s] Level 1:colcon.colcon_core.package_identification:_identify(src) by extension 'cmake'
[0.285s] Level 1:colcon.colcon_core.package_identification:_identify(src) by extension 'python'
[0.285s] Level 1:colcon.colcon_core.package_identification:_identify(src) by extensions ['python_setup_py']
[0.285s] Level 1:colcon.colcon_core.package_identification:_identify(src) by extension 'python_setup_py'
[0.286s] Level 1:colcon.colcon_core.package_identification:_identify(src/kinect_ros2) by extensions ['ignore', 'ignore_ament_install']
[0.286s] Level 1:colcon.colcon_core.package_identification:_identify(src/kinect_ros2) by extension 'ignore'
[0.286s] Level 1:colcon.colcon_core.package_identification:_identify(src/kinect_ros2) by extension 'ignore_ament_install'
[0.286s] Level 1:colcon.colcon_core.package_identification:_identify(src/kinect_ros2) by extensions ['colcon_pkg']
[0.286s] Level 1:colcon.colcon_core.package_identification:_identify(src/kinect_ros2) by extension 'colcon_pkg'
[0.286s] Level 1:colcon.colcon_core.package_identification:_identify(src/kinect_ros2) by extensions ['colcon_meta']
[0.286s] Level 1:colcon.colcon_core.package_identification:_identify(src/kinect_ros2) by extension 'colcon_meta'
[0.286s] Level 1:colcon.colcon_core.package_identification:_identify(src/kinect_ros2) by extensions ['ros']
[0.286s] Level 1:colcon.colcon_core.package_identification:_identify(src/kinect_ros2) by extension 'ros'
[0.290s] DEBUG:colcon.colcon_core.package_identification:Package 'src/kinect_ros2' with type 'ros.ament_cmake' and name 'kinect_ros2'
[0.290s] Level 1:colcon.colcon_core.package_identification:_identify(src/rafeeq_SLAM) by extensions ['ignore', 'ignore_ament_install']
[0.290s] Level 1:colcon.colcon_core.package_identification:_identify(src/rafeeq_SLAM) by extension 'ignore'
[0.290s] Level 1:colcon.colcon_core.package_identification:_identify(src/rafeeq_SLAM) by extension 'ignore_ament_install'
[0.290s] Level 1:colcon.colcon_core.package_identification:_identify(src/rafeeq_SLAM) by extensions ['colcon_pkg']
[0.290s] Level 1:colcon.colcon_core.package_identification:_identify(src/rafeeq_SLAM) by extension 'colcon_pkg'
[0.290s] Level 1:colcon.colcon_core.package_identification:_identify(src/rafeeq_SLAM) by extensions ['colcon_meta']
[0.290s] Level 1:colcon.colcon_core.package_identification:_identify(src/rafeeq_SLAM) by extension 'colcon_meta'
[0.290s] Level 1:colcon.colcon_core.package_identification:_identify(src/rafeeq_SLAM) by extensions ['ros']
[0.290s] Level 1:colcon.colcon_core.package_identification:_identify(src/rafeeq_SLAM) by extension 'ros'
[0.291s] DEBUG:colcon.colcon_core.package_identification:Package 'src/rafeeq_SLAM' with type 'ros.ament_cmake' and name 'rafeeq_SLAM'
[0.291s] Level 1:colcon.colcon_core.package_identification:_identify(src/rafeeq_bringup) by extensions ['ignore', 'ignore_ament_install']
[0.291s] Level 1:colcon.colcon_core.package_identification:_identify(src/rafeeq_bringup) by extension 'ignore'
[0.291s] Level 1:colcon.colcon_core.package_identification:_identify(src/rafeeq_bringup) by extension 'ignore_ament_install'
[0.291s] Level 1:colcon.colcon_core.package_identification:_identify(src/rafeeq_bringup) by extensions ['colcon_pkg']
[0.291s] Level 1:colcon.colcon_core.package_identification:_identify(src/rafeeq_bringup) by extension 'colcon_pkg'
[0.291s] Level 1:colcon.colcon_core.package_identification:_identify(src/rafeeq_bringup) by extensions ['colcon_meta']
[0.291s] Level 1:colcon.colcon_core.package_identification:_identify(src/rafeeq_bringup) by extension 'colcon_meta'
[0.291s] Level 1:colcon.colcon_core.package_identification:_identify(src/rafeeq_bringup) by extensions ['ros']
[0.291s] Level 1:colcon.colcon_core.package_identification:_identify(src/rafeeq_bringup) by extension 'ros'
[0.292s] DEBUG:colcon.colcon_core.package_identification:Package 'src/rafeeq_bringup' with type 'ros.ament_cmake' and name 'rafeeq_bringup'
[0.292s] Level 1:colcon.colcon_core.package_identification:_identify(src/rafeeq_description) by extensions ['ignore', 'ignore_ament_install']
[0.292s] Level 1:colcon.colcon_core.package_identification:_identify(src/rafeeq_description) by extension 'ignore'
[0.292s] Level 1:colcon.colcon_core.package_identification:_identify(src/rafeeq_description) by extension 'ignore_ament_install'
[0.292s] Level 1:colcon.colcon_core.package_identification:_identify(src/rafeeq_description) by extensions ['colcon_pkg']
[0.292s] Level 1:colcon.colcon_core.package_identification:_identify(src/rafeeq_description) by extension 'colcon_pkg'
[0.292s] Level 1:colcon.colcon_core.package_identification:_identify(src/rafeeq_description) by extensions ['colcon_meta']
[0.292s] Level 1:colcon.colcon_core.package_identification:_identify(src/rafeeq_description) by extension 'colcon_meta'
[0.292s] Level 1:colcon.colcon_core.package_identification:_identify(src/rafeeq_description) by extensions ['ros']
[0.292s] Level 1:colcon.colcon_core.package_identification:_identify(src/rafeeq_description) by extension 'ros'
[0.293s] DEBUG:colcon.colcon_core.package_identification:Package 'src/rafeeq_description' with type 'ros.ament_python' and name 'rafeeq_description'
[0.294s] Level 1:colcon.colcon_core.package_identification:_identify(src/rafeeq_localization) by extensions ['ignore', 'ignore_ament_install']
[0.294s] Level 1:colcon.colcon_core.package_identification:_identify(src/rafeeq_localization) by extension 'ignore'
[0.294s] Level 1:colcon.colcon_core.package_identification:_identify(src/rafeeq_localization) by extension 'ignore_ament_install'
[0.294s] Level 1:colcon.colcon_core.package_identification:_identify(src/rafeeq_localization) by extensions ['colcon_pkg']
[0.294s] Level 1:colcon.colcon_core.package_identification:_identify(src/rafeeq_localization) by extension 'colcon_pkg'
[0.294s] Level 1:colcon.colcon_core.package_identification:_identify(src/rafeeq_localization) by extensions ['colcon_meta']
[0.294s] Level 1:colcon.colcon_core.package_identification:_identify(src/rafeeq_localization) by extension 'colcon_meta'
[0.294s] Level 1:colcon.colcon_core.package_identification:_identify(src/rafeeq_localization) by extensions ['ros']
[0.294s] Level 1:colcon.colcon_core.package_identification:_identify(src/rafeeq_localization) by extension 'ros'
[0.295s] DEBUG:colcon.colcon_core.package_identification:Package 'src/rafeeq_localization' with type 'ros.ament_cmake' and name 'rafeeq_localization'
[0.295s] Level 1:colcon.colcon_core.package_identification:_identify(src/rafeeq_navigation) by extensions ['ignore', 'ignore_ament_install']
[0.295s] Level 1:colcon.colcon_core.package_identification:_identify(src/rafeeq_navigation) by extension 'ignore'
[0.295s] Level 1:colcon.colcon_core.package_identification:_identify(src/rafeeq_navigation) by extension 'ignore_ament_install'
[0.295s] Level 1:colcon.colcon_core.package_identification:_identify(src/rafeeq_navigation) by extensions ['colcon_pkg']
[0.295s] Level 1:colcon.colcon_core.package_identification:_identify(src/rafeeq_navigation) by extension 'colcon_pkg'
[0.295s] Level 1:colcon.colcon_core.package_identification:_identify(src/rafeeq_navigation) by extensions ['colcon_meta']
[0.295s] Level 1:colcon.colcon_core.package_identification:_identify(src/rafeeq_navigation) by extension 'colcon_meta'
[0.295s] Level 1:colcon.colcon_core.package_identification:_identify(src/rafeeq_navigation) by extensions ['ros']
[0.295s] Level 1:colcon.colcon_core.package_identification:_identify(src/rafeeq_navigation) by extension 'ros'
[0.296s] DEBUG:colcon.colcon_core.package_identification:Package 'src/rafeeq_navigation' with type 'ros.ament_cmake' and name 'rafeeq_navigation'
[0.296s] Level 1:colcon.colcon_core.package_identification:_identify(src/rafeeq_speech) by extensions ['ignore', 'ignore_ament_install']
[0.296s] Level 1:colcon.colcon_core.package_identification:_identify(src/rafeeq_speech) by extension 'ignore'
[0.296s] Level 1:colcon.colcon_core.package_identification:_identify(src/rafeeq_speech) by extension 'ignore_ament_install'
[0.296s] Level 1:colcon.colcon_core.package_identification:_identify(src/rafeeq_speech) by extensions ['colcon_pkg']
[0.296s] Level 1:colcon.colcon_core.package_identification:_identify(src/rafeeq_speech) by extension 'colcon_pkg'
[0.296s] Level 1:colcon.colcon_core.package_identification:_identify(src/rafeeq_speech) by extensions ['colcon_meta']
[0.296s] Level 1:colcon.colcon_core.package_identification:_identify(src/rafeeq_speech) by extension 'colcon_meta'
[0.296s] Level 1:colcon.colcon_core.package_identification:_identify(src/rafeeq_speech) by extensions ['ros']
[0.296s] Level 1:colcon.colcon_core.package_identification:_identify(src/rafeeq_speech) by extension 'ros'
[0.297s] DEBUG:colcon.colcon_core.package_identification:Package 'src/rafeeq_speech' with type 'ros.ament_cmake' and name 'rafeeq_speech'
[0.297s] Level 1:colcon.colcon_core.package_identification:_identify(src/serial_node) by extensions ['ignore', 'ignore_ament_install']
[0.297s] Level 1:colcon.colcon_core.package_identification:_identify(src/serial_node) by extension 'ignore'
[0.297s] Level 1:colcon.colcon_core.package_identification:_identify(src/serial_node) by extension 'ignore_ament_install'
[0.297s] Level 1:colcon.colcon_core.package_identification:_identify(src/serial_node) by extensions ['colcon_pkg']
[0.297s] Level 1:colcon.colcon_core.package_identification:_identify(src/serial_node) by extension 'colcon_pkg'
[0.297s] Level 1:colcon.colcon_core.package_identification:_identify(src/serial_node) by extensions ['colcon_meta']
[0.297s] Level 1:colcon.colcon_core.package_identification:_identify(src/serial_node) by extension 'colcon_meta'
[0.297s] Level 1:colcon.colcon_core.package_identification:_identify(src/serial_node) by extensions ['ros']
[0.297s] Level 1:colcon.colcon_core.package_identification:_identify(src/serial_node) by extension 'ros'
[0.298s] DEBUG:colcon.colcon_core.package_identification:Package 'src/serial_node' with type 'ros.ament_python' and name 'serial_node'
[0.298s] Level 1:colcon.colcon_core.package_identification:_identify(src/sllidar_ros2) by extensions ['ignore', 'ignore_ament_install']
[0.298s] Level 1:colcon.colcon_core.package_identification:_identify(src/sllidar_ros2) by extension 'ignore'
[0.298s] Level 1:colcon.colcon_core.package_identification:_identify(src/sllidar_ros2) by extension 'ignore_ament_install'
[0.298s] Level 1:colcon.colcon_core.package_identification:_identify(src/sllidar_ros2) by extensions ['colcon_pkg']
[0.298s] Level 1:colcon.colcon_core.package_identification:_identify(src/sllidar_ros2) by extension 'colcon_pkg'
[0.298s] Level 1:colcon.colcon_core.package_identification:_identify(src/sllidar_ros2) by extensions ['colcon_meta']
[0.299s] Level 1:colcon.colcon_core.package_identification:_identify(src/sllidar_ros2) by extension 'colcon_meta'
[0.299s] Level 1:colcon.colcon_core.package_identification:_identify(src/sllidar_ros2) by extensions ['ros']
[0.299s] Level 1:colcon.colcon_core.package_identification:_identify(src/sllidar_ros2) by extension 'ros'
[0.299s] DEBUG:colcon.colcon_core.package_identification:Package 'src/sllidar_ros2' with type 'ros.ament_cmake' and name 'sllidar_ros2'
[0.299s] Level 1:colcon.colcon_core.package_identification:_identify(src/usb_cam) by extensions ['ignore', 'ignore_ament_install']
[0.299s] Level 1:colcon.colcon_core.package_identification:_identify(src/usb_cam) by extension 'ignore'
[0.300s] Level 1:colcon.colcon_core.package_identification:_identify(src/usb_cam) by extension 'ignore_ament_install'
[0.300s] Level 1:colcon.colcon_core.package_identification:_identify(src/usb_cam) by extensions ['colcon_pkg']
[0.300s] Level 1:colcon.colcon_core.package_identification:_identify(src/usb_cam) by extension 'colcon_pkg'
[0.300s] Level 1:colcon.colcon_core.package_identification:_identify(src/usb_cam) by extensions ['colcon_meta']
[0.300s] Level 1:colcon.colcon_core.package_identification:_identify(src/usb_cam) by extension 'colcon_meta'
[0.300s] Level 1:colcon.colcon_core.package_identification:_identify(src/usb_cam) by extensions ['ros']
[0.300s] Level 1:colcon.colcon_core.package_identification:_identify(src/usb_cam) by extension 'ros'
[0.301s] DEBUG:colcon.colcon_core.package_identification:Package 'src/usb_cam' with type 'ros.ament_cmake' and name 'usb_cam'
[0.301s] Level 1:colcon.colcon_core.package_discovery:discover_packages(recursive) using defaults
[0.301s] Level 1:colcon.colcon_core.package_discovery:discover_packages(ignore) discover
[0.301s] Level 1:colcon.colcon_core.package_discovery:discover_packages(ignore) using defaults
[0.301s] Level 1:colcon.colcon_core.package_discovery:discover_packages(path) discover
[0.301s] Level 1:colcon.colcon_core.package_discovery:discover_packages(path) using defaults
[0.325s] Level 1:colcon.colcon_core.package_discovery:discover_packages(prefix_path) check parameters
[0.325s] Level 1:colcon.colcon_core.package_discovery:discover_packages(prefix_path) discover
[0.331s] DEBUG:colcon.colcon_installed_package_information.package_discovery:Found 460 installed packages in /opt/ros/jazzy
[0.332s] Level 1:colcon.colcon_core.package_discovery:discover_packages(prefix_path) using defaults
[0.394s] Level 5:colcon.colcon_core.verb:set package 'kinect_ros2' build argument 'cmake_args' from command line to 'None'
[0.394s] Level 5:colcon.colcon_core.verb:set package 'kinect_ros2' build argument 'cmake_target' from command line to 'None'
[0.394s] Level 5:colcon.colcon_core.verb:set package 'kinect_ros2' build argument 'cmake_target_skip_unavailable' from command line to 'False'
[0.394s] Level 5:colcon.colcon_core.verb:set package 'kinect_ros2' build argument 'cmake_clean_cache' from command line to 'False'
[0.394s] Level 5:colcon.colcon_core.verb:set package 'kinect_ros2' build argument 'cmake_clean_first' from command line to 'False'
[0.394s] Level 5:colcon.colcon_core.verb:set package 'kinect_ros2' build argument 'cmake_force_configure' from command line to 'False'
[0.394s] Level 5:colcon.colcon_core.verb:set package 'kinect_ros2' build argument 'ament_cmake_args' from command line to 'None'
[0.394s] Level 5:colcon.colcon_core.verb:set package 'kinect_ros2' build argument 'catkin_cmake_args' from command line to 'None'
[0.394s] Level 5:colcon.colcon_core.verb:set package 'kinect_ros2' build argument 'catkin_skip_building_tests' from command line to 'False'
[0.394s] DEBUG:colcon.colcon_core.verb:Building package 'kinect_ros2' with the following arguments: {'ament_cmake_args': None, 'build_base': '/home/nour-mahgoub/Graduation_Rafeeq/build/kinect_ros2', 'catkin_cmake_args': None, 'catkin_skip_building_tests': False, 'cmake_args': None, 'cmake_clean_cache': False, 'cmake_clean_first': False, 'cmake_force_configure': False, 'cmake_target': None, 'cmake_target_skip_unavailable': False, 'install_base': '/home/nour-mahgoub/Graduation_Rafeeq/install/kinect_ros2', 'merge_install': False, 'path': '/home/nour-mahgoub/Graduation_Rafeeq/src/kinect_ros2', 'symlink_install': False, 'test_result_base': None}
[0.394s] Level 5:colcon.colcon_core.verb:set package 'rafeeq_SLAM' build argument 'cmake_args' from command line to 'None'
[0.394s] Level 5:colcon.colcon_core.verb:set package 'rafeeq_SLAM' build argument 'cmake_target' from command line to 'None'
[0.394s] Level 5:colcon.colcon_core.verb:set package 'rafeeq_SLAM' build argument 'cmake_target_skip_unavailable' from command line to 'False'
[0.394s] Level 5:colcon.colcon_core.verb:set package 'rafeeq_SLAM' build argument 'cmake_clean_cache' from command line to 'False'
[0.394s] Level 5:colcon.colcon_core.verb:set package 'rafeeq_SLAM' build argument 'cmake_clean_first' from command line to 'False'
[0.394s] Level 5:colcon.colcon_core.verb:set package 'rafeeq_SLAM' build argument 'cmake_force_configure' from command line to 'False'
[0.394s] Level 5:colcon.colcon_core.verb:set package 'rafeeq_SLAM' build argument 'ament_cmake_args' from command line to 'None'
[0.394s] Level 5:colcon.colcon_core.verb:set package 'rafeeq_SLAM' build argument 'catkin_cmake_args' from command line to 'None'
[0.394s] Level 5:colcon.colcon_core.verb:set package 'rafeeq_SLAM' build argument 'catkin_skip_building_tests' from command line to 'False'
[0.394s] DEBUG:colcon.colcon_core.verb:Building package 'rafeeq_SLAM' with the following arguments: {'ament_cmake_args': None, 'build_base': '/home/nour-mahgoub/Graduation_Rafeeq/build/rafeeq_SLAM', 'catkin_cmake_args': None, 'catkin_skip_building_tests': False, 'cmake_args': None, 'cmake_clean_cache': False, 'cmake_clean_first': False, 'cmake_force_configure': False, 'cmake_target': None, 'cmake_target_skip_unavailable': False, 'install_base': '/home/nour-mahgoub/Graduation_Rafeeq/install/rafeeq_SLAM', 'merge_install': False, 'path': '/home/nour-mahgoub/Graduation_Rafeeq/src/rafeeq_SLAM', 'symlink_install': False, 'test_result_base': None}
[0.395s] Level 5:colcon.colcon_core.verb:set package 'rafeeq_bringup' build argument 'cmake_args' from command line to 'None'
[0.395s] Level 5:colcon.colcon_core.verb:set package 'rafeeq_bringup' build argument 'cmake_target' from command line to 'None'
[0.395s] Level 5:colcon.colcon_core.verb:set package 'rafeeq_bringup' build argument 'cmake_target_skip_unavailable' from command line to 'False'
[0.395s] Level 5:colcon.colcon_core.verb:set package 'rafeeq_bringup' build argument 'cmake_clean_cache' from command line to 'False'
[0.395s] Level 5:colcon.colcon_core.verb:set package 'rafeeq_bringup' build argument 'cmake_clean_first' from command line to 'False'
[0.395s] Level 5:colcon.colcon_core.verb:set package 'rafeeq_bringup' build argument 'cmake_force_configure' from command line to 'False'
[0.395s] Level 5:colcon.colcon_core.verb:set package 'rafeeq_bringup' build argument 'ament_cmake_args' from command line to 'None'
[0.395s] Level 5:colcon.colcon_core.verb:set package 'rafeeq_bringup' build argument 'catkin_cmake_args' from command line to 'None'
[0.395s] Level 5:colcon.colcon_core.verb:set package 'rafeeq_bringup' build argument 'catkin_skip_building_tests' from command line to 'False'
[0.395s] DEBUG:colcon.colcon_core.verb:Building package 'rafeeq_bringup' with the following arguments: {'ament_cmake_args': None, 'build_base': '/home/nour-mahgoub/Graduation_Rafeeq/build/rafeeq_bringup', 'catkin_cmake_args': None, 'catkin_skip_building_tests': False, 'cmake_args': None, 'cmake_clean_cache': False, 'cmake_clean_first': False, 'cmake_force_configure': False, 'cmake_target': None, 'cmake_target_skip_unavailable': False, 'install_base': '/home/nour-mahgoub/Graduation_Rafeeq/install/rafeeq_bringup', 'merge_install': False, 'path': '/home/nour-mahgoub/Graduation_Rafeeq/src/rafeeq_bringup', 'symlink_install': False, 'test_result_base': None}
[0.395s] Level 5:colcon.colcon_core.verb:set package 'rafeeq_description' build argument 'cmake_args' from command line to 'None'
[0.395s] Level 5:colcon.colcon_core.verb:set package 'rafeeq_description' build argument 'cmake_target' from command line to 'None'
[0.395s] Level 5:colcon.colcon_core.verb:set package 'rafeeq_description' build argument 'cmake_target_skip_unavailable' from command line to 'False'
[0.395s] Level 5:colcon.colcon_core.verb:set package 'rafeeq_description' build argument 'cmake_clean_cache' from command line to 'False'
[0.395s] Level 5:colcon.colcon_core.verb:set package 'rafeeq_description' build argument 'cmake_clean_first' from command line to 'False'
[0.395s] Level 5:colcon.colcon_core.verb:set package 'rafeeq_description' build argument 'cmake_force_configure' from command line to 'False'
[0.395s] Level 5:colcon.colcon_core.verb:set package 'rafeeq_description' build argument 'ament_cmake_args' from command line to 'None'
[0.395s] Level 5:colcon.colcon_core.verb:set package 'rafeeq_description' build argument 'catkin_cmake_args' from command line to 'None'
[0.395s] Level 5:colcon.colcon_core.verb:set package 'rafeeq_description' build argument 'catkin_skip_building_tests' from command line to 'False'
[0.395s] DEBUG:colcon.colcon_core.verb:Building package 'rafeeq_description' with the following arguments: {'ament_cmake_args': None, 'build_base': '/home/nour-mahgoub/Graduation_Rafeeq/build/rafeeq_description', 'catkin_cmake_args': None, 'catkin_skip_building_tests': False, 'cmake_args': None, 'cmake_clean_cache': False, 'cmake_clean_first': False, 'cmake_force_configure': False, 'cmake_target': None, 'cmake_target_skip_unavailable': False, 'install_base': '/home/nour-mahgoub/Graduation_Rafeeq/install/rafeeq_description', 'merge_install': False, 'path': '/home/nour-mahgoub/Graduation_Rafeeq/src/rafeeq_description', 'symlink_install': False, 'test_result_base': None}
[0.396s] Level 5:colcon.colcon_core.verb:set package 'rafeeq_localization' build argument 'cmake_args' from command line to 'None'
[0.396s] Level 5:colcon.colcon_core.verb:set package 'rafeeq_localization' build argument 'cmake_target' from command line to 'None'
[0.396s] Level 5:colcon.colcon_core.verb:set package 'rafeeq_localization' build argument 'cmake_target_skip_unavailable' from command line to 'False'
[0.396s] Level 5:colcon.colcon_core.verb:set package 'rafeeq_localization' build argument 'cmake_clean_cache' from command line to 'False'
[0.396s] Level 5:colcon.colcon_core.verb:set package 'rafeeq_localization' build argument 'cmake_clean_first' from command line to 'False'
[0.396s] Level 5:colcon.colcon_core.verb:set package 'rafeeq_localization' build argument 'cmake_force_configure' from command line to 'False'
[0.396s] Level 5:colcon.colcon_core.verb:set package 'rafeeq_localization' build argument 'ament_cmake_args' from command line to 'None'
[0.396s] Level 5:colcon.colcon_core.verb:set package 'rafeeq_localization' build argument 'catkin_cmake_args' from command line to 'None'
[0.396s] Level 5:colcon.colcon_core.verb:set package 'rafeeq_localization' build argument 'catkin_skip_building_tests' from command line to 'False'
[0.396s] DEBUG:colcon.colcon_core.verb:Building package 'rafeeq_localization' with the following arguments: {'ament_cmake_args': None, 'build_base': '/home/nour-mahgoub/Graduation_Rafeeq/build/rafeeq_localization', 'catkin_cmake_args': None, 'catkin_skip_building_tests': False, 'cmake_args': None, 'cmake_clean_cache': False, 'cmake_clean_first': False, 'cmake_force_configure': False, 'cmake_target': None, 'cmake_target_skip_unavailable': False, 'install_base': '/home/nour-mahgoub/Graduation_Rafeeq/install/rafeeq_localization', 'merge_install': False, 'path': '/home/nour-mahgoub/Graduation_Rafeeq/src/rafeeq_localization', 'symlink_install': False, 'test_result_base': None}
[0.396s] Level 5:colcon.colcon_core.verb:set package 'rafeeq_navigation' build argument 'cmake_args' from command line to 'None'
[0.396s] Level 5:colcon.colcon_core.verb:set package 'rafeeq_navigation' build argument 'cmake_target' from command line to 'None'
[0.396s] Level 5:colcon.colcon_core.verb:set package 'rafeeq_navigation' build argument 'cmake_target_skip_unavailable' from command line to 'False'
[0.396s] Level 5:colcon.colcon_core.verb:set package 'rafeeq_navigation' build argument 'cmake_clean_cache' from command line to 'False'
[0.396s] Level 5:colcon.colcon_core.verb:set package 'rafeeq_navigation' build argument 'cmake_clean_first' from command line to 'False'
[0.396s] Level 5:colcon.colcon_core.verb:set package 'rafeeq_navigation' build argument 'cmake_force_configure' from command line to 'False'
[0.396s] Level 5:colcon.colcon_core.verb:set package 'rafeeq_navigation' build argument 'ament_cmake_args' from command line to 'None'
[0.396s] Level 5:colcon.colcon_core.verb:set package 'rafeeq_navigation' build argument 'catkin_cmake_args' from command line to 'None'
[0.396s] Level 5:colcon.colcon_core.verb:set package 'rafeeq_navigation' build argument 'catkin_skip_building_tests' from command line to 'False'
[0.396s] DEBUG:colcon.colcon_core.verb:Building package 'rafeeq_navigation' with the following arguments: {'ament_cmake_args': None, 'build_base': '/home/nour-mahgoub/Graduation_Rafeeq/build/rafeeq_navigation', 'catkin_cmake_args': None, 'catkin_skip_building_tests': False, 'cmake_args': None, 'cmake_clean_cache': False, 'cmake_clean_first': False, 'cmake_force_configure': False, 'cmake_target': None, 'cmake_target_skip_unavailable': False, 'install_base': '/home/nour-mahgoub/Graduation_Rafeeq/install/rafeeq_navigation', 'merge_install': False, 'path': '/home/nour-mahgoub/Graduation_Rafeeq/src/rafeeq_navigation', 'symlink_install': False, 'test_result_base': None}
[0.397s] Level 5:colcon.colcon_core.verb:set package 'rafeeq_speech' build argument 'cmake_args' from command line to 'None'
[0.397s] Level 5:colcon.colcon_core.verb:set package 'rafeeq_speech' build argument 'cmake_target' from command line to 'None'
[0.397s] Level 5:colcon.colcon_core.verb:set package 'rafeeq_speech' build argument 'cmake_target_skip_unavailable' from command line to 'False'
[0.397s] Level 5:colcon.colcon_core.verb:set package 'rafeeq_speech' build argument 'cmake_clean_cache' from command line to 'False'
[0.397s] Level 5:colcon.colcon_core.verb:set package 'rafeeq_speech' build argument 'cmake_clean_first' from command line to 'False'
[0.397s] Level 5:colcon.colcon_core.verb:set package 'rafeeq_speech' build argument 'cmake_force_configure' from command line to 'False'
[0.397s] Level 5:colcon.colcon_core.verb:set package 'rafeeq_speech' build argument 'ament_cmake_args' from command line to 'None'
[0.397s] Level 5:colcon.colcon_core.verb:set package 'rafeeq_speech' build argument 'catkin_cmake_args' from command line to 'None'
[0.397s] Level 5:colcon.colcon_core.verb:set package 'rafeeq_speech' build argument 'catkin_skip_building_tests' from command line to 'False'
[0.397s] DEBUG:colcon.colcon_core.verb:Building package 'rafeeq_speech' with the following arguments: {'ament_cmake_args': None, 'build_base': '/home/nour-mahgoub/Graduation_Rafeeq/build/rafeeq_speech', 'catkin_cmake_args': None, 'catkin_skip_building_tests': False, 'cmake_args': None, 'cmake_clean_cache': False, 'cmake_clean_first': False, 'cmake_force_configure': False, 'cmake_target': None, 'cmake_target_skip_unavailable': False, 'install_base': '/home/nour-mahgoub/Graduation_Rafeeq/install/rafeeq_speech', 'merge_install': False, 'path': '/home/nour-mahgoub/Graduation_Rafeeq/src/rafeeq_speech', 'symlink_install': False, 'test_result_base': None}
[0.397s] Level 5:colcon.colcon_core.verb:set package 'serial_node' build argument 'cmake_args' from command line to 'None'
[0.397s] Level 5:colcon.colcon_core.verb:set package 'serial_node' build argument 'cmake_target' from command line to 'None'
[0.397s] Level 5:colcon.colcon_core.verb:set package 'serial_node' build argument 'cmake_target_skip_unavailable' from command line to 'False'
[0.397s] Level 5:colcon.colcon_core.verb:set package 'serial_node' build argument 'cmake_clean_cache' from command line to 'False'
[0.397s] Level 5:colcon.colcon_core.verb:set package 'serial_node' build argument 'cmake_clean_first' from command line to 'False'
[0.397s] Level 5:colcon.colcon_core.verb:set package 'serial_node' build argument 'cmake_force_configure' from command line to 'False'
[0.397s] Level 5:colcon.colcon_core.verb:set package 'serial_node' build argument 'ament_cmake_args' from command line to 'None'
[0.397s] Level 5:colcon.colcon_core.verb:set package 'serial_node' build argument 'catkin_cmake_args' from command line to 'None'
[0.397s] Level 5:colcon.colcon_core.verb:set package 'serial_node' build argument 'catkin_skip_building_tests' from command line to 'False'
[0.397s] DEBUG:colcon.colcon_core.verb:Building package 'serial_node' with the following arguments: {'ament_cmake_args': None, 'build_base': '/home/nour-mahgoub/Graduation_Rafeeq/build/serial_node', 'catkin_cmake_args': None, 'catkin_skip_building_tests': False, 'cmake_args': None, 'cmake_clean_cache': False, 'cmake_clean_first': False, 'cmake_force_configure': False, 'cmake_target': None, 'cmake_target_skip_unavailable': False, 'install_base': '/home/nour-mahgoub/Graduation_Rafeeq/install/serial_node', 'merge_install': False, 'path': '/home/nour-mahgoub/Graduation_Rafeeq/src/serial_node', 'symlink_install': False, 'test_result_base': None}
[0.398s] Level 5:colcon.colcon_core.verb:set package 'sllidar_ros2' build argument 'cmake_args' from command line to 'None'
[0.398s] Level 5:colcon.colcon_core.verb:set package 'sllidar_ros2' build argument 'cmake_target' from command line to 'None'
[0.398s] Level 5:colcon.colcon_core.verb:set package 'sllidar_ros2' build argument 'cmake_target_skip_unavailable' from command line to 'False'
[0.398s] Level 5:colcon.colcon_core.verb:set package 'sllidar_ros2' build argument 'cmake_clean_cache' from command line to 'False'
[0.398s] Level 5:colcon.colcon_core.verb:set package 'sllidar_ros2' build argument 'cmake_clean_first' from command line to 'False'
[0.398s] Level 5:colcon.colcon_core.verb:set package 'sllidar_ros2' build argument 'cmake_force_configure' from command line to 'False'
[0.398s] Level 5:colcon.colcon_core.verb:set package 'sllidar_ros2' build argument 'ament_cmake_args' from command line to 'None'
[0.398s] Level 5:colcon.colcon_core.verb:set package 'sllidar_ros2' build argument 'catkin_cmake_args' from command line to 'None'
[0.398s] Level 5:colcon.colcon_core.verb:set package 'sllidar_ros2' build argument 'catkin_skip_building_tests' from command line to 'False'
[0.398s] DEBUG:colcon.colcon_core.verb:Building package 'sllidar_ros2' with the following arguments: {'ament_cmake_args': None, 'build_base': '/home/nour-mahgoub/Graduation_Rafeeq/build/sllidar_ros2', 'catkin_cmake_args': None, 'catkin_skip_building_tests': False, 'cmake_args': None, 'cmake_clean_cache': False, 'cmake_clean_first': False, 'cmake_force_configure': False, 'cmake_target': None, 'cmake_target_skip_unavailable': False, 'install_base': '/home/nour-mahgoub/Graduation_Rafeeq/install/sllidar_ros2', 'merge_install': False, 'path': '/home/nour-mahgoub/Graduation_Rafeeq/src/sllidar_ros2', 'symlink_install': False, 'test_result_base': None}
[0.398s] Level 5:colcon.colcon_core.verb:set package 'usb_cam' build argument 'cmake_args' from command line to 'None'
[0.398s] Level 5:colcon.colcon_core.verb:set package 'usb_cam' build argument 'cmake_target' from command line to 'None'
[0.398s] Level 5:colcon.colcon_core.verb:set package 'usb_cam' build argument 'cmake_target_skip_unavailable' from command line to 'False'
[0.398s] Level 5:colcon.colcon_core.verb:set package 'usb_cam' build argument 'cmake_clean_cache' from command line to 'False'
[0.398s] Level 5:colcon.colcon_core.verb:set package 'usb_cam' build argument 'cmake_clean_first' from command line to 'False'
[0.398s] Level 5:colcon.colcon_core.verb:set package 'usb_cam' build argument 'cmake_force_configure' from command line to 'False'
[0.398s] Level 5:colcon.colcon_core.verb:set package 'usb_cam' build argument 'ament_cmake_args' from command line to 'None'
[0.398s] Level 5:colcon.colcon_core.verb:set package 'usb_cam' build argument 'catkin_cmake_args' from command line to 'None'
[0.398s] Level 5:colcon.colcon_core.verb:set package 'usb_cam' build argument 'catkin_skip_building_tests' from command line to 'False'
[0.398s] DEBUG:colcon.colcon_core.verb:Building package 'usb_cam' with the following arguments: {'ament_cmake_args': None, 'build_base': '/home/nour-mahgoub/Graduation_Rafeeq/build/usb_cam', 'catkin_cmake_args': None, 'catkin_skip_building_tests': False, 'cmake_args': None, 'cmake_clean_cache': False, 'cmake_clean_first': False, 'cmake_force_configure': False, 'cmake_target': None, 'cmake_target_skip_unavailable': False, 'install_base': '/home/nour-mahgoub/Graduation_Rafeeq/install/usb_cam', 'merge_install': False, 'path': '/home/nour-mahgoub/Graduation_Rafeeq/src/usb_cam', 'symlink_install': False, 'test_result_base': None}
[0.398s] INFO:colcon.colcon_core.executor:Executing jobs using 'parallel' executor
[0.399s] DEBUG:colcon.colcon_parallel_executor.executor.parallel:run_until_complete
[0.399s] INFO:colcon.colcon_ros.task.ament_cmake.build:Building ROS package in '/home/nour-mahgoub/Graduation_Rafeeq/src/kinect_ros2' with build type 'ament_cmake'
[0.399s] INFO:colcon.colcon_cmake.task.cmake.build:Building CMake package in '/home/nour-mahgoub/Graduation_Rafeeq/src/kinect_ros2'
[0.406s] INFO:colcon.colcon_core.plugin_system:Skipping extension 'colcon_core.shell.bat': Not used on non-Windows systems
[0.406s] INFO:colcon.colcon_core.shell:Skip shell extension 'powershell' for command environment: Not usable outside of PowerShell
[0.406s] DEBUG:colcon.colcon_core.shell:Skip shell extension 'dsv' for command environment
[0.410s] INFO:colcon.colcon_ros.task.ament_cmake.build:Building ROS package in '/home/nour-mahgoub/Graduation_Rafeeq/src/rafeeq_SLAM' with build type 'ament_cmake'
[0.410s] INFO:colcon.colcon_cmake.task.cmake.build:Building CMake package in '/home/nour-mahgoub/Graduation_Rafeeq/src/rafeeq_SLAM'
[0.410s] INFO:colcon.colcon_core.shell:Skip shell extension 'powershell' for command environment: Not usable outside of PowerShell
[0.410s] DEBUG:colcon.colcon_core.shell:Skip shell extension 'dsv' for command environment
[0.413s] INFO:colcon.colcon_ros.task.ament_cmake.build:Building ROS package in '/home/nour-mahgoub/Graduation_Rafeeq/src/rafeeq_bringup' with build type 'ament_cmake'
[0.413s] INFO:colcon.colcon_cmake.task.cmake.build:Building CMake package in '/home/nour-mahgoub/Graduation_Rafeeq/src/rafeeq_bringup'
[0.414s] INFO:colcon.colcon_core.shell:Skip shell extension 'powershell' for command environment: Not usable outside of PowerShell
[0.414s] DEBUG:colcon.colcon_core.shell:Skip shell extension 'dsv' for command environment
[0.417s] INFO:colcon.colcon_ros.task.ament_python.build:Building ROS package in '/home/nour-mahgoub/Graduation_Rafeeq/src/rafeeq_description' with build type 'ament_python'
[0.417s] Level 1:colcon.colcon_core.shell:create_environment_hook('rafeeq_description', 'ament_prefix_path')
[0.417s] INFO:colcon.colcon_core.shell:Creating environment hook '/home/nour-mahgoub/Graduation_Rafeeq/install/rafeeq_description/share/rafeeq_description/hook/ament_prefix_path.ps1'
[0.418s] INFO:colcon.colcon_core.shell:Creating environment descriptor '/home/nour-mahgoub/Graduation_Rafeeq/install/rafeeq_description/share/rafeeq_description/hook/ament_prefix_path.dsv'
[0.419s] INFO:colcon.colcon_core.shell:Creating environment hook '/home/nour-mahgoub/Graduation_Rafeeq/install/rafeeq_description/share/rafeeq_description/hook/ament_prefix_path.sh'
[0.419s] INFO:colcon.colcon_core.shell:Skip shell extension 'powershell' for command environment: Not usable outside of PowerShell
[0.419s] DEBUG:colcon.colcon_core.shell:Skip shell extension 'dsv' for command environment
[0.422s] INFO:colcon.colcon_ros.task.ament_cmake.build:Building ROS package in '/home/nour-mahgoub/Graduation_Rafeeq/src/rafeeq_localization' with build type 'ament_cmake'
[0.423s] INFO:colcon.colcon_cmake.task.cmake.build:Building CMake package in '/home/nour-mahgoub/Graduation_Rafeeq/src/rafeeq_localization'
[0.423s] INFO:colcon.colcon_core.shell:Skip shell extension 'powershell' for command environment: Not usable outside of PowerShell
[0.423s] DEBUG:colcon.colcon_core.shell:Skip shell extension 'dsv' for command environment
[0.426s] INFO:colcon.colcon_ros.task.ament_cmake.build:Building ROS package in '/home/nour-mahgoub/Graduation_Rafeeq/src/rafeeq_navigation' with build type 'ament_cmake'
[0.426s] INFO:colcon.colcon_cmake.task.cmake.build:Building CMake package in '/home/nour-mahgoub/Graduation_Rafeeq/src/rafeeq_navigation'
[0.426s] INFO:colcon.colcon_core.shell:Skip shell extension 'powershell' for command environment: Not usable outside of PowerShell
[0.426s] DEBUG:colcon.colcon_core.shell:Skip shell extension 'dsv' for command environment
[0.430s] INFO:colcon.colcon_ros.task.ament_cmake.build:Building ROS package in '/home/nour-mahgoub/Graduation_Rafeeq/src/rafeeq_speech' with build type 'ament_cmake'
[0.430s] INFO:colcon.colcon_cmake.task.cmake.build:Building CMake package in '/home/nour-mahgoub/Graduation_Rafeeq/src/rafeeq_speech'
[0.430s] INFO:colcon.colcon_core.shell:Skip shell extension 'powershell' for command environment: Not usable outside of PowerShell
[0.430s] DEBUG:colcon.colcon_core.shell:Skip shell extension 'dsv' for command environment
[0.433s] INFO:colcon.colcon_ros.task.ament_python.build:Building ROS package in '/home/nour-mahgoub/Graduation_Rafeeq/src/serial_node' with build type 'ament_python'
[0.433s] Level 1:colcon.colcon_core.shell:create_environment_hook('serial_node', 'ament_prefix_path')
[0.434s] INFO:colcon.colcon_core.shell:Creating environment hook '/home/nour-mahgoub/Graduation_Rafeeq/install/serial_node/share/serial_node/hook/ament_prefix_path.ps1'
[0.434s] INFO:colcon.colcon_core.shell:Creating environment descriptor '/home/nour-mahgoub/Graduation_Rafeeq/install/serial_node/share/serial_node/hook/ament_prefix_path.dsv'
[0.434s] INFO:colcon.colcon_core.shell:Creating environment hook '/home/nour-mahgoub/Graduation_Rafeeq/install/serial_node/share/serial_node/hook/ament_prefix_path.sh'
[0.435s] INFO:colcon.colcon_core.shell:Skip shell extension 'powershell' for command environment: Not usable outside of PowerShell
[0.435s] DEBUG:colcon.colcon_core.shell:Skip shell extension 'dsv' for command environment
[0.438s] INFO:colcon.colcon_ros.task.ament_cmake.build:Building ROS package in '/home/nour-mahgoub/Graduation_Rafeeq/src/sllidar_ros2' with build type 'ament_cmake'
[0.438s] INFO:colcon.colcon_cmake.task.cmake.build:Building CMake package in '/home/nour-mahgoub/Graduation_Rafeeq/src/sllidar_ros2'
[0.438s] INFO:colcon.colcon_core.shell:Skip shell extension 'powershell' for command environment: Not usable outside of PowerShell
[0.439s] DEBUG:colcon.colcon_core.shell:Skip shell extension 'dsv' for command environment
[0.442s] INFO:colcon.colcon_ros.task.ament_cmake.build:Building ROS package in '/home/nour-mahgoub/Graduation_Rafeeq/src/usb_cam' with build type 'ament_cmake'
[0.442s] INFO:colcon.colcon_cmake.task.cmake.build:Building CMake package in '/home/nour-mahgoub/Graduation_Rafeeq/src/usb_cam'
[0.442s] INFO:colcon.colcon_core.shell:Skip shell extension 'powershell' for command environment: Not usable outside of PowerShell
[0.442s] DEBUG:colcon.colcon_core.shell:Skip shell extension 'dsv' for command environment
[0.451s] DEBUG:colcon.colcon_core.event_handler.log_command:Invoking command in '/home/nour-mahgoub/Graduation_Rafeeq/build/kinect_ros2': CMAKE_PREFIX_PATH=${CMAKE_PREFIX_PATH}:/opt/ros/jazzy DEBUGINFOD_URLS=https://debuginfod.ubuntu.com /usr/bin/cmake --build /home/nour-mahgoub/Graduation_Rafeeq/build/kinect_ros2 -- -j20 -l20
[0.453s] DEBUG:colcon.colcon_core.event_handler.log_command:Invoking command in '/home/nour-mahgoub/Graduation_Rafeeq/build/rafeeq_SLAM': CMAKE_PREFIX_PATH=${CMAKE_PREFIX_PATH}:/opt/ros/jazzy DEBUGINFOD_URLS=https://debuginfod.ubuntu.com /usr/bin/cmake /home/nour-mahgoub/Graduation_Rafeeq/src/rafeeq_SLAM -DCMAKE_INSTALL_PREFIX=/home/nour-mahgoub/Graduation_Rafeeq/install/rafeeq_SLAM
[0.455s] DEBUG:colcon.colcon_core.event_handler.log_command:Invoking command in '/home/nour-mahgoub/Graduation_Rafeeq/build/rafeeq_bringup': CMAKE_PREFIX_PATH=${CMAKE_PREFIX_PATH}:/opt/ros/jazzy DEBUGINFOD_URLS=https://debuginfod.ubuntu.com /usr/bin/cmake --build /home/nour-mahgoub/Graduation_Rafeeq/build/rafeeq_bringup -- -j20 -l20
[0.615s] INFO:colcon.colcon_core.task.python.build:Building Python package in '/home/nour-mahgoub/Graduation_Rafeeq/src/rafeeq_description'
[0.615s] INFO:colcon.colcon_core.shell:Skip shell extension 'powershell' for command environment: Not usable outside of PowerShell
[0.615s] DEBUG:colcon.colcon_core.shell:Skip shell extension 'dsv' for command environment
[0.619s] DEBUG:colcon.colcon_core.event_handler.log_command:Invoking command in '/home/nour-mahgoub/Graduation_Rafeeq/build/rafeeq_localization': CMAKE_PREFIX_PATH=${CMAKE_PREFIX_PATH}:/opt/ros/jazzy DEBUGINFOD_URLS=https://debuginfod.ubuntu.com /usr/bin/cmake --build /home/nour-mahgoub/Graduation_Rafeeq/build/rafeeq_localization -- -j20 -l20
[0.619s] DEBUG:colcon.colcon_core.event_handler.log_command:Invoking command in '/home/nour-mahgoub/Graduation_Rafeeq/build/rafeeq_navigation': CMAKE_PREFIX_PATH=${CMAKE_PREFIX_PATH}:/opt/ros/jazzy DEBUGINFOD_URLS=https://debuginfod.ubuntu.com /usr/bin/cmake --build /home/nour-mahgoub/Graduation_Rafeeq/build/rafeeq_navigation -- -j20 -l20
[0.620s] DEBUG:colcon.colcon_core.event_handler.log_command:Invoking command in '/home/nour-mahgoub/Graduation_Rafeeq/build/rafeeq_speech': CMAKE_PREFIX_PATH=${CMAKE_PREFIX_PATH}:/opt/ros/jazzy DEBUGINFOD_URLS=https://debuginfod.ubuntu.com /usr/bin/cmake --build /home/nour-mahgoub/Graduation_Rafeeq/build/rafeeq_speech -- -j20 -l20
[0.745s] INFO:colcon.colcon_core.task.python.build:Building Python package in '/home/nour-mahgoub/Graduation_Rafeeq/src/serial_node'
[0.745s] INFO:colcon.colcon_core.shell:Skip shell extension 'powershell' for command environment: Not usable outside of PowerShell
[0.745s] DEBUG:colcon.colcon_core.shell:Skip shell extension 'dsv' for command environment
[0.749s] DEBUG:colcon.colcon_core.event_handler.log_command:Invoking command in '/home/nour-mahgoub/Graduation_Rafeeq/build/sllidar_ros2': CMAKE_PREFIX_PATH=${CMAKE_PREFIX_PATH}:/opt/ros/jazzy DEBUGINFOD_URLS=https://debuginfod.ubuntu.com /usr/bin/cmake --build /home/nour-mahgoub/Graduation_Rafeeq/build/sllidar_ros2 -- -j20 -l20
[0.753s] DEBUG:colcon.colcon_core.event_handler.log_command:Invoking command in '/home/nour-mahgoub/Graduation_Rafeeq/build/usb_cam': CMAKE_PREFIX_PATH=${CMAKE_PREFIX_PATH}:/opt/ros/jazzy DEBUGINFOD_URLS=https://debuginfod.ubuntu.com /usr/bin/cmake --build /home/nour-mahgoub/Graduation_Rafeeq/build/usb_cam -- -j20 -l20
[0.753s] DEBUG:colcon.colcon_core.event_handler.log_command:Invoked command in '/home/nour-mahgoub/Graduation_Rafeeq/build/kinect_ros2' returned '0': CMAKE_PREFIX_PATH=${CMAKE_PREFIX_PATH}:/opt/ros/jazzy DEBUGINFOD_URLS=https://debuginfod.ubuntu.com /usr/bin/cmake --build /home/nour-mahgoub/Graduation_Rafeeq/build/kinect_ros2 -- -j20 -l20
[0.757s] DEBUG:colcon.colcon_core.event_handler.log_command:Invoking command in '/home/nour-mahgoub/Graduation_Rafeeq/build/kinect_ros2': CMAKE_PREFIX_PATH=${CMAKE_PREFIX_PATH}:/opt/ros/jazzy DEBUGINFOD_URLS=https://debuginfod.ubuntu.com /usr/bin/cmake --install /home/nour-mahgoub/Graduation_Rafeeq/build/kinect_ros2
[0.758s] DEBUG:colcon.colcon_core.event_handler.log_command:Invoked command in '/home/nour-mahgoub/Graduation_Rafeeq/build/rafeeq_bringup' returned '0': CMAKE_PREFIX_PATH=${CMAKE_PREFIX_PATH}:/opt/ros/jazzy DEBUGINFOD_URLS=https://debuginfod.ubuntu.com /usr/bin/cmake --build /home/nour-mahgoub/Graduation_Rafeeq/build/rafeeq_bringup -- -j20 -l20
[0.758s] DEBUG:colcon.colcon_core.event_handler.log_command:Invoking command in '/home/nour-mahgoub/Graduation_Rafeeq/build/rafeeq_bringup': CMAKE_PREFIX_PATH=${CMAKE_PREFIX_PATH}:/opt/ros/jazzy DEBUGINFOD_URLS=https://debuginfod.ubuntu.com /usr/bin/cmake --install /home/nour-mahgoub/Graduation_Rafeeq/build/rafeeq_bringup
[0.759s] DEBUG:colcon.colcon_core.event_handler.log_command:Invoked command in '/home/nour-mahgoub/Graduation_Rafeeq/build/rafeeq_localization' returned '0': CMAKE_PREFIX_PATH=${CMAKE_PREFIX_PATH}:/opt/ros/jazzy DEBUGINFOD_URLS=https://debuginfod.ubuntu.com /usr/bin/cmake --build /home/nour-mahgoub/Graduation_Rafeeq/build/rafeeq_localization -- -j20 -l20
[0.759s] DEBUG:colcon.colcon_core.event_handler.log_command:Invoking command in '/home/nour-mahgoub/Graduation_Rafeeq/build/rafeeq_localization': CMAKE_PREFIX_PATH=${CMAKE_PREFIX_PATH}:/opt/ros/jazzy DEBUGINFOD_URLS=https://debuginfod.ubuntu.com /usr/bin/cmake --install /home/nour-mahgoub/Graduation_Rafeeq/build/rafeeq_localization
[0.760s] DEBUG:colcon.colcon_core.event_handler.log_command:Invoked command in '/home/nour-mahgoub/Graduation_Rafeeq/build/rafeeq_navigation' returned '0': CMAKE_PREFIX_PATH=${CMAKE_PREFIX_PATH}:/opt/ros/jazzy DEBUGINFOD_URLS=https://debuginfod.ubuntu.com /usr/bin/cmake --build /home/nour-mahgoub/Graduation_Rafeeq/build/rafeeq_navigation -- -j20 -l20
[0.761s] DEBUG:colcon.colcon_core.event_handler.log_command:Invoking command in '/home/nour-mahgoub/Graduation_Rafeeq/build/rafeeq_navigation': CMAKE_PREFIX_PATH=${CMAKE_PREFIX_PATH}:/opt/ros/jazzy DEBUGINFOD_URLS=https://debuginfod.ubuntu.com /usr/bin/cmake --install /home/nour-mahgoub/Graduation_Rafeeq/build/rafeeq_navigation
[0.761s] DEBUG:colcon.colcon_core.event_handler.log_command:Invoked command in '/home/nour-mahgoub/Graduation_Rafeeq/build/rafeeq_speech' returned '0': CMAKE_PREFIX_PATH=${CMAKE_PREFIX_PATH}:/opt/ros/jazzy DEBUGINFOD_URLS=https://debuginfod.ubuntu.com /usr/bin/cmake --build /home/nour-mahgoub/Graduation_Rafeeq/build/rafeeq_speech -- -j20 -l20
[0.761s] DEBUG:colcon.colcon_core.event_handler.log_command:Invoking command in '/home/nour-mahgoub/Graduation_Rafeeq/build/rafeeq_speech': CMAKE_PREFIX_PATH=${CMAKE_PREFIX_PATH}:/opt/ros/jazzy DEBUGINFOD_URLS=https://debuginfod.ubuntu.com /usr/bin/cmake --install /home/nour-mahgoub/Graduation_Rafeeq/build/rafeeq_speech
[0.770s] Level 1:colcon.colcon_core.environment:create_environment_scripts_only(rafeeq_bringup)
[0.776s] DEBUG:colcon.colcon_core.event_handler.log_command:Invoked command in '/home/nour-mahgoub/Graduation_Rafeeq/build/rafeeq_bringup' returned '0': CMAKE_PREFIX_PATH=${CMAKE_PREFIX_PATH}:/opt/ros/jazzy DEBUGINFOD_URLS=https://debuginfod.ubuntu.com /usr/bin/cmake --install /home/nour-mahgoub/Graduation_Rafeeq/build/rafeeq_bringup
[0.778s] Level 1:colcon.colcon_core.environment:checking '/home/nour-mahgoub/Graduation_Rafeeq/install/rafeeq_bringup' for CMake module files
[0.778s] Level 1:colcon.colcon_core.environment:checking '/home/nour-mahgoub/Graduation_Rafeeq/install/rafeeq_bringup' for CMake config files
[0.779s] Level 1:colcon.colcon_core.shell:create_environment_hook('rafeeq_bringup', 'cmake_prefix_path')
[0.779s] INFO:colcon.colcon_core.shell:Creating environment hook '/home/nour-mahgoub/Graduation_Rafeeq/install/rafeeq_bringup/share/rafeeq_bringup/hook/cmake_prefix_path.ps1'
[0.779s] INFO:colcon.colcon_core.shell:Creating environment descriptor '/home/nour-mahgoub/Graduation_Rafeeq/install/rafeeq_bringup/share/rafeeq_bringup/hook/cmake_prefix_path.dsv'
[0.780s] INFO:colcon.colcon_core.shell:Creating environment hook '/home/nour-mahgoub/Graduation_Rafeeq/install/rafeeq_bringup/share/rafeeq_bringup/hook/cmake_prefix_path.sh'
[0.780s] Level 1:colcon.colcon_core.environment:checking '/home/nour-mahgoub/Graduation_Rafeeq/install/rafeeq_bringup/bin'
[0.780s] Level 1:colcon.colcon_core.environment:checking '/home/nour-mahgoub/Graduation_Rafeeq/install/rafeeq_bringup/lib/pkgconfig/rafeeq_bringup.pc'
[0.780s] Level 1:colcon.colcon_core.environment:checking '/home/nour-mahgoub/Graduation_Rafeeq/install/rafeeq_bringup/lib/python3.12/site-packages'
[0.781s] Level 1:colcon.colcon_core.environment:checking '/home/nour-mahgoub/Graduation_Rafeeq/install/rafeeq_bringup/bin'
[0.781s] INFO:colcon.colcon_core.shell:Creating package script '/home/nour-mahgoub/Graduation_Rafeeq/install/rafeeq_bringup/share/rafeeq_bringup/package.ps1'
[0.782s] INFO:colcon.colcon_core.shell:Creating package descriptor '/home/nour-mahgoub/Graduation_Rafeeq/install/rafeeq_bringup/share/rafeeq_bringup/package.dsv'
[0.782s] INFO:colcon.colcon_core.shell:Creating package script '/home/nour-mahgoub/Graduation_Rafeeq/install/rafeeq_bringup/share/rafeeq_bringup/package.sh'
[0.782s] INFO:colcon.colcon_core.shell:Creating package script '/home/nour-mahgoub/Graduation_Rafeeq/install/rafeeq_bringup/share/rafeeq_bringup/package.bash'
[0.783s] INFO:colcon.colcon_core.shell:Creating package script '/home/nour-mahgoub/Graduation_Rafeeq/install/rafeeq_bringup/share/rafeeq_bringup/package.zsh'
[0.783s] Level 1:colcon.colcon_core.environment:create_file_with_runtime_dependencies(/home/nour-mahgoub/Graduation_Rafeeq/install/rafeeq_bringup/share/colcon-core/packages/rafeeq_bringup)
[0.784s] Level 1:colcon.colcon_core.environment:create_environment_scripts_only(rafeeq_bringup)
[0.784s] Level 1:colcon.colcon_core.environment:checking '/home/nour-mahgoub/Graduation_Rafeeq/install/rafeeq_bringup' for CMake module files
[0.784s] Level 1:colcon.colcon_core.environment:checking '/home/nour-mahgoub/Graduation_Rafeeq/install/rafeeq_bringup' for CMake config files
[0.784s] Level 1:colcon.colcon_core.shell:create_environment_hook('rafeeq_bringup', 'cmake_prefix_path')
[0.784s] INFO:colcon.colcon_core.shell:Creating environment hook '/home/nour-mahgoub/Graduation_Rafeeq/install/rafeeq_bringup/share/rafeeq_bringup/hook/cmake_prefix_path.ps1'
[0.784s] INFO:colcon.colcon_core.shell:Creating environment descriptor '/home/nour-mahgoub/Graduation_Rafeeq/install/rafeeq_bringup/share/rafeeq_bringup/hook/cmake_prefix_path.dsv'
[0.785s] INFO:colcon.colcon_core.shell:Creating environment hook '/home/nour-mahgoub/Graduation_Rafeeq/install/rafeeq_bringup/share/rafeeq_bringup/hook/cmake_prefix_path.sh'
[0.785s] Level 1:colcon.colcon_core.environment:checking '/home/nour-mahgoub/Graduation_Rafeeq/install/rafeeq_bringup/bin'
[0.785s] Level 1:colcon.colcon_core.environment:checking '/home/nour-mahgoub/Graduation_Rafeeq/install/rafeeq_bringup/lib/pkgconfig/rafeeq_bringup.pc'
[0.785s] Level 1:colcon.colcon_core.environment:checking '/home/nour-mahgoub/Graduation_Rafeeq/install/rafeeq_bringup/lib/python3.12/site-packages'
[0.785s] Level 1:colcon.colcon_core.environment:checking '/home/nour-mahgoub/Graduation_Rafeeq/install/rafeeq_bringup/bin'
[0.786s] INFO:colcon.colcon_core.shell:Creating package script '/home/nour-mahgoub/Graduation_Rafeeq/install/rafeeq_bringup/share/rafeeq_bringup/package.ps1'
[0.786s] INFO:colcon.colcon_core.shell:Creating package descriptor '/home/nour-mahgoub/Graduation_Rafeeq/install/rafeeq_bringup/share/rafeeq_bringup/package.dsv'
[0.786s] INFO:colcon.colcon_core.shell:Creating package script '/home/nour-mahgoub/Graduation_Rafeeq/install/rafeeq_bringup/share/rafeeq_bringup/package.sh'
[0.787s] INFO:colcon.colcon_core.shell:Creating package script '/home/nour-mahgoub/Graduation_Rafeeq/install/rafeeq_bringup/share/rafeeq_bringup/package.bash'
[0.787s] INFO:colcon.colcon_core.shell:Creating package script '/home/nour-mahgoub/Graduation_Rafeeq/install/rafeeq_bringup/share/rafeeq_bringup/package.zsh'
[0.787s] Level 1:colcon.colcon_core.environment:create_file_with_runtime_dependencies(/home/nour-mahgoub/Graduation_Rafeeq/install/rafeeq_bringup/share/colcon-core/packages/rafeeq_bringup)
[0.787s] Level 1:colcon.colcon_core.environment:create_environment_scripts_only(rafeeq_localization)
[0.787s] Level 1:colcon.colcon_core.environment:checking '/home/nour-mahgoub/Graduation_Rafeeq/install/rafeeq_localization' for CMake module files
[0.788s] DEBUG:colcon.colcon_core.event_handler.log_command:Invoked command in '/home/nour-mahgoub/Graduation_Rafeeq/build/rafeeq_localization' returned '0': CMAKE_PREFIX_PATH=${CMAKE_PREFIX_PATH}:/opt/ros/jazzy DEBUGINFOD_URLS=https://debuginfod.ubuntu.com /usr/bin/cmake --install /home/nour-mahgoub/Graduation_Rafeeq/build/rafeeq_localization
[0.789s] Level 1:colcon.colcon_core.environment:checking '/home/nour-mahgoub/Graduation_Rafeeq/install/rafeeq_localization' for CMake config files
[0.789s] Level 1:colcon.colcon_core.shell:create_environment_hook('rafeeq_localization', 'cmake_prefix_path')
[0.789s] INFO:colcon.colcon_core.shell:Creating environment hook '/home/nour-mahgoub/Graduation_Rafeeq/install/rafeeq_localization/share/rafeeq_localization/hook/cmake_prefix_path.ps1'
[0.790s] INFO:colcon.colcon_core.shell:Creating environment descriptor '/home/nour-mahgoub/Graduation_Rafeeq/install/rafeeq_localization/share/rafeeq_localization/hook/cmake_prefix_path.dsv'
[0.791s] INFO:colcon.colcon_core.shell:Creating environment hook '/home/nour-mahgoub/Graduation_Rafeeq/install/rafeeq_localization/share/rafeeq_localization/hook/cmake_prefix_path.sh'
[0.791s] Level 1:colcon.colcon_core.environment:checking '/home/nour-mahgoub/Graduation_Rafeeq/install/rafeeq_localization/bin'
[0.791s] Level 1:colcon.colcon_core.environment:checking '/home/nour-mahgoub/Graduation_Rafeeq/install/rafeeq_localization/lib/pkgconfig/rafeeq_localization.pc'
[0.792s] Level 1:colcon.colcon_core.environment:checking '/home/nour-mahgoub/Graduation_Rafeeq/install/rafeeq_localization/lib/python3.12/site-packages'
[0.792s] Level 1:colcon.colcon_core.environment:checking '/home/nour-mahgoub/Graduation_Rafeeq/install/rafeeq_localization/bin'
[0.793s] INFO:colcon.colcon_core.shell:Creating package script '/home/nour-mahgoub/Graduation_Rafeeq/install/rafeeq_localization/share/rafeeq_localization/package.ps1'
[0.794s] INFO:colcon.colcon_core.shell:Creating package descriptor '/home/nour-mahgoub/Graduation_Rafeeq/install/rafeeq_localization/share/rafeeq_localization/package.dsv'
[0.794s] INFO:colcon.colcon_core.shell:Creating package script '/home/nour-mahgoub/Graduation_Rafeeq/install/rafeeq_localization/share/rafeeq_localization/package.sh'
[0.795s] INFO:colcon.colcon_core.shell:Creating package script '/home/nour-mahgoub/Graduation_Rafeeq/install/rafeeq_localization/share/rafeeq_localization/package.bash'
[0.795s] INFO:colcon.colcon_core.shell:Creating package script '/home/nour-mahgoub/Graduation_Rafeeq/install/rafeeq_localization/share/rafeeq_localization/package.zsh'
[0.795s] Level 1:colcon.colcon_core.environment:create_file_with_runtime_dependencies(/home/nour-mahgoub/Graduation_Rafeeq/install/rafeeq_localization/share/colcon-core/packages/rafeeq_localization)
[0.796s] Level 1:colcon.colcon_core.environment:create_environment_scripts_only(rafeeq_localization)
[0.797s] Level 1:colcon.colcon_core.environment:checking '/home/nour-mahgoub/Graduation_Rafeeq/install/rafeeq_localization' for CMake module files
[0.797s] Level 1:colcon.colcon_core.environment:checking '/home/nour-mahgoub/Graduation_Rafeeq/install/rafeeq_localization' for CMake config files
[0.797s] Level 1:colcon.colcon_core.shell:create_environment_hook('rafeeq_localization', 'cmake_prefix_path')
[0.798s] INFO:colcon.colcon_core.shell:Creating environment hook '/home/nour-mahgoub/Graduation_Rafeeq/install/rafeeq_localization/share/rafeeq_localization/hook/cmake_prefix_path.ps1'
[0.798s] INFO:colcon.colcon_core.shell:Creating environment descriptor '/home/nour-mahgoub/Graduation_Rafeeq/install/rafeeq_localization/share/rafeeq_localization/hook/cmake_prefix_path.dsv'
[0.798s] INFO:colcon.colcon_core.shell:Creating environment hook '/home/nour-mahgoub/Graduation_Rafeeq/install/rafeeq_localization/share/rafeeq_localization/hook/cmake_prefix_path.sh'
[0.799s] Level 1:colcon.colcon_core.environment:checking '/home/nour-mahgoub/Graduation_Rafeeq/install/rafeeq_localization/bin'
[0.799s] Level 1:colcon.colcon_core.environment:checking '/home/nour-mahgoub/Graduation_Rafeeq/install/rafeeq_localization/lib/pkgconfig/rafeeq_localization.pc'
[0.799s] Level 1:colcon.colcon_core.environment:checking '/home/nour-mahgoub/Graduation_Rafeeq/install/rafeeq_localization/lib/python3.12/site-packages'
[0.808s] Level 1:colcon.colcon_core.environment:checking '/home/nour-mahgoub/Graduation_Rafeeq/install/rafeeq_localization/bin'
[0.809s] INFO:colcon.colcon_core.shell:Creating package script '/home/nour-mahgoub/Graduation_Rafeeq/install/rafeeq_localization/share/rafeeq_localization/package.ps1'
[0.809s] INFO:colcon.colcon_core.shell:Creating package descriptor '/home/nour-mahgoub/Graduation_Rafeeq/install/rafeeq_localization/share/rafeeq_localization/package.dsv'
[0.810s] INFO:colcon.colcon_core.shell:Creating package script '/home/nour-mahgoub/Graduation_Rafeeq/install/rafeeq_localization/share/rafeeq_localization/package.sh'
[0.810s] INFO:colcon.colcon_core.shell:Creating package script '/home/nour-mahgoub/Graduation_Rafeeq/install/rafeeq_localization/share/rafeeq_localization/package.bash'
[0.811s] INFO:colcon.colcon_core.shell:Creating package script '/home/nour-mahgoub/Graduation_Rafeeq/install/rafeeq_localization/share/rafeeq_localization/package.zsh'
[0.811s] Level 1:colcon.colcon_core.environment:create_file_with_runtime_dependencies(/home/nour-mahgoub/Graduation_Rafeeq/install/rafeeq_localization/share/colcon-core/packages/rafeeq_localization)
[0.811s] Level 1:colcon.colcon_core.environment:create_environment_scripts_only(kinect_ros2)
[0.812s] Level 1:colcon.colcon_core.environment:checking '/home/nour-mahgoub/Graduation_Rafeeq/install/kinect_ros2' for CMake module files
[0.812s] DEBUG:colcon.colcon_core.event_handler.log_command:Invoked command in '/home/nour-mahgoub/Graduation_Rafeeq/build/kinect_ros2' returned '0': CMAKE_PREFIX_PATH=${CMAKE_PREFIX_PATH}:/opt/ros/jazzy DEBUGINFOD_URLS=https://debuginfod.ubuntu.com /usr/bin/cmake --install /home/nour-mahgoub/Graduation_Rafeeq/build/kinect_ros2
[0.813s] Level 1:colcon.colcon_core.environment:checking '/home/nour-mahgoub/Graduation_Rafeeq/install/kinect_ros2' for CMake config files
[0.813s] Level 1:colcon.colcon_core.shell:create_environment_hook('kinect_ros2', 'cmake_prefix_path')
[0.813s] INFO:colcon.colcon_core.shell:Creating environment hook '/home/nour-mahgoub/Graduation_Rafeeq/install/kinect_ros2/share/kinect_ros2/hook/cmake_prefix_path.ps1'
[0.814s] INFO:colcon.colcon_core.shell:Creating environment descriptor '/home/nour-mahgoub/Graduation_Rafeeq/install/kinect_ros2/share/kinect_ros2/hook/cmake_prefix_path.dsv'
[0.814s] INFO:colcon.colcon_core.shell:Creating environment hook '/home/nour-mahgoub/Graduation_Rafeeq/install/kinect_ros2/share/kinect_ros2/hook/cmake_prefix_path.sh'
[0.815s] Level 1:colcon.colcon_core.environment:checking '/home/nour-mahgoub/Graduation_Rafeeq/install/kinect_ros2/lib'
[0.815s] Level 1:colcon.colcon_core.shell:create_environment_hook('kinect_ros2', 'ld_library_path_lib')
[0.815s] INFO:colcon.colcon_core.shell:Creating environment hook '/home/nour-mahgoub/Graduation_Rafeeq/install/kinect_ros2/share/kinect_ros2/hook/ld_library_path_lib.ps1'
[0.816s] INFO:colcon.colcon_core.shell:Creating environment descriptor '/home/nour-mahgoub/Graduation_Rafeeq/install/kinect_ros2/share/kinect_ros2/hook/ld_library_path_lib.dsv'
[0.816s] INFO:colcon.colcon_core.shell:Creating environment hook '/home/nour-mahgoub/Graduation_Rafeeq/install/kinect_ros2/share/kinect_ros2/hook/ld_library_path_lib.sh'
[0.817s] Level 1:colcon.colcon_core.environment:checking '/home/nour-mahgoub/Graduation_Rafeeq/install/kinect_ros2/bin'
[0.817s] Level 1:colcon.colcon_core.environment:checking '/home/nour-mahgoub/Graduation_Rafeeq/install/kinect_ros2/lib/pkgconfig/kinect_ros2.pc'
[0.817s] Level 1:colcon.colcon_core.environment:checking '/home/nour-mahgoub/Graduation_Rafeeq/install/kinect_ros2/lib/python3.12/site-packages'
[0.817s] Level 1:colcon.colcon_core.environment:checking '/home/nour-mahgoub/Graduation_Rafeeq/install/kinect_ros2/bin'
[0.818s] INFO:colcon.colcon_core.shell:Creating package script '/home/nour-mahgoub/Graduation_Rafeeq/install/kinect_ros2/share/kinect_ros2/package.ps1'
[0.818s] INFO:colcon.colcon_core.shell:Creating package descriptor '/home/nour-mahgoub/Graduation_Rafeeq/install/kinect_ros2/share/kinect_ros2/package.dsv'
[0.819s] INFO:colcon.colcon_core.shell:Creating package script '/home/nour-mahgoub/Graduation_Rafeeq/install/kinect_ros2/share/kinect_ros2/package.sh'
[0.819s] INFO:colcon.colcon_core.shell:Creating package script '/home/nour-mahgoub/Graduation_Rafeeq/install/kinect_ros2/share/kinect_ros2/package.bash'
[0.819s] INFO:colcon.colcon_core.shell:Creating package script '/home/nour-mahgoub/Graduation_Rafeeq/install/kinect_ros2/share/kinect_ros2/package.zsh'
[0.820s] Level 1:colcon.colcon_core.environment:create_file_with_runtime_dependencies(/home/nour-mahgoub/Graduation_Rafeeq/install/kinect_ros2/share/colcon-core/packages/kinect_ros2)
[0.821s] Level 1:colcon.colcon_core.environment:create_environment_scripts_only(kinect_ros2)
[0.821s] Level 1:colcon.colcon_core.environment:checking '/home/nour-mahgoub/Graduation_Rafeeq/install/kinect_ros2' for CMake module files
[0.821s] Level 1:colcon.colcon_core.environment:checking '/home/nour-mahgoub/Graduation_Rafeeq/install/kinect_ros2' for CMake config files
[0.822s] Level 1:colcon.colcon_core.shell:create_environment_hook('kinect_ros2', 'cmake_prefix_path')
[0.822s] INFO:colcon.colcon_core.shell:Creating environment hook '/home/nour-mahgoub/Graduation_Rafeeq/install/kinect_ros2/share/kinect_ros2/hook/cmake_prefix_path.ps1'
[0.822s] INFO:colcon.colcon_core.shell:Creating environment descriptor '/home/nour-mahgoub/Graduation_Rafeeq/install/kinect_ros2/share/kinect_ros2/hook/cmake_prefix_path.dsv'
[0.823s] INFO:colcon.colcon_core.shell:Creating environment hook '/home/nour-mahgoub/Graduation_Rafeeq/install/kinect_ros2/share/kinect_ros2/hook/cmake_prefix_path.sh'
[0.823s] Level 1:colcon.colcon_core.environment:checking '/home/nour-mahgoub/Graduation_Rafeeq/install/kinect_ros2/lib'
[0.823s] Level 1:colcon.colcon_core.shell:create_environment_hook('kinect_ros2', 'ld_library_path_lib')
[0.823s] INFO:colcon.colcon_core.shell:Creating environment hook '/home/nour-mahgoub/Graduation_Rafeeq/install/kinect_ros2/share/kinect_ros2/hook/ld_library_path_lib.ps1'
[0.824s] INFO:colcon.colcon_core.shell:Creating environment descriptor '/home/nour-mahgoub/Graduation_Rafeeq/install/kinect_ros2/share/kinect_ros2/hook/ld_library_path_lib.dsv'
[0.824s] INFO:colcon.colcon_core.shell:Creating environment hook '/home/nour-mahgoub/Graduation_Rafeeq/install/kinect_ros2/share/kinect_ros2/hook/ld_library_path_lib.sh'
[0.825s] Level 1:colcon.colcon_core.environment:checking '/home/nour-mahgoub/Graduation_Rafeeq/install/kinect_ros2/bin'
[0.825s] Level 1:colcon.colcon_core.environment:checking '/home/nour-mahgoub/Graduation_Rafeeq/install/kinect_ros2/lib/pkgconfig/kinect_ros2.pc'
[0.825s] Level 1:colcon.colcon_core.environment:checking '/home/nour-mahgoub/Graduation_Rafeeq/install/kinect_ros2/lib/python3.12/site-packages'
[0.825s] Level 1:colcon.colcon_core.environment:checking '/home/nour-mahgoub/Graduation_Rafeeq/install/kinect_ros2/bin'
[0.825s] INFO:colcon.colcon_core.shell:Creating package script '/home/nour-mahgoub/Graduation_Rafeeq/install/kinect_ros2/share/kinect_ros2/package.ps1'
[0.826s] INFO:colcon.colcon_core.shell:Creating package descriptor '/home/nour-mahgoub/Graduation_Rafeeq/install/kinect_ros2/share/kinect_ros2/package.dsv'
[0.827s] INFO:colcon.colcon_core.shell:Creating package script '/home/nour-mahgoub/Graduation_Rafeeq/install/kinect_ros2/share/kinect_ros2/package.sh'
[0.827s] INFO:colcon.colcon_core.shell:Creating package script '/home/nour-mahgoub/Graduation_Rafeeq/install/kinect_ros2/share/kinect_ros2/package.bash'
[0.827s] INFO:colcon.colcon_core.shell:Creating package script '/home/nour-mahgoub/Graduation_Rafeeq/install/kinect_ros2/share/kinect_ros2/package.zsh'
[0.828s] Level 1:colcon.colcon_core.environment:create_file_with_runtime_dependencies(/home/nour-mahgoub/Graduation_Rafeeq/install/kinect_ros2/share/colcon-core/packages/kinect_ros2)
[0.828s] Level 1:colcon.colcon_core.environment:create_environment_scripts_only(rafeeq_navigation)
[0.828s] Level 1:colcon.colcon_core.environment:checking '/home/nour-mahgoub/Graduation_Rafeeq/install/rafeeq_navigation' for CMake module files
[0.829s] DEBUG:colcon.colcon_core.event_handler.log_command:Invoked command in '/home/nour-mahgoub/Graduation_Rafeeq/build/rafeeq_navigation' returned '0': CMAKE_PREFIX_PATH=${CMAKE_PREFIX_PATH}:/opt/ros/jazzy DEBUGINFOD_URLS=https://debuginfod.ubuntu.com /usr/bin/cmake --install /home/nour-mahgoub/Graduation_Rafeeq/build/rafeeq_navigation
[0.829s] Level 1:colcon.colcon_core.environment:checking '/home/nour-mahgoub/Graduation_Rafeeq/install/rafeeq_navigation' for CMake config files
[0.829s] Level 1:colcon.colcon_core.shell:create_environment_hook('rafeeq_navigation', 'cmake_prefix_path')
[0.829s] INFO:colcon.colcon_core.shell:Creating environment hook '/home/nour-mahgoub/Graduation_Rafeeq/install/rafeeq_navigation/share/rafeeq_navigation/hook/cmake_prefix_path.ps1'
[0.830s] INFO:colcon.colcon_core.shell:Creating environment descriptor '/home/nour-mahgoub/Graduation_Rafeeq/install/rafeeq_navigation/share/rafeeq_navigation/hook/cmake_prefix_path.dsv'
[0.830s] INFO:colcon.colcon_core.shell:Creating environment hook '/home/nour-mahgoub/Graduation_Rafeeq/install/rafeeq_navigation/share/rafeeq_navigation/hook/cmake_prefix_path.sh'
[0.831s] Level 1:colcon.colcon_core.environment:checking '/home/nour-mahgoub/Graduation_Rafeeq/install/rafeeq_navigation/bin'
[0.831s] Level 1:colcon.colcon_core.environment:checking '/home/nour-mahgoub/Graduation_Rafeeq/install/rafeeq_navigation/lib/pkgconfig/rafeeq_navigation.pc'
[0.831s] Level 1:colcon.colcon_core.environment:checking '/home/nour-mahgoub/Graduation_Rafeeq/install/rafeeq_navigation/lib/python3.12/site-packages'
[0.831s] Level 1:colcon.colcon_core.environment:checking '/home/nour-mahgoub/Graduation_Rafeeq/install/rafeeq_navigation/bin'
[0.831s] INFO:colcon.colcon_core.shell:Creating package script '/home/nour-mahgoub/Graduation_Rafeeq/install/rafeeq_navigation/share/rafeeq_navigation/package.ps1'
[0.832s] INFO:colcon.colcon_core.shell:Creating package descriptor '/home/nour-mahgoub/Graduation_Rafeeq/install/rafeeq_navigation/share/rafeeq_navigation/package.dsv'
[0.832s] INFO:colcon.colcon_core.shell:Creating package script '/home/nour-mahgoub/Graduation_Rafeeq/install/rafeeq_navigation/share/rafeeq_navigation/package.sh'
[0.833s] INFO:colcon.colcon_core.shell:Creating package script '/home/nour-mahgoub/Graduation_Rafeeq/install/rafeeq_navigation/share/rafeeq_navigation/package.bash'
[0.833s] INFO:colcon.colcon_core.shell:Creating package script '/home/nour-mahgoub/Graduation_Rafeeq/install/rafeeq_navigation/share/rafeeq_navigation/package.zsh'
[0.833s] Level 1:colcon.colcon_core.environment:create_file_with_runtime_dependencies(/home/nour-mahgoub/Graduation_Rafeeq/install/rafeeq_navigation/share/colcon-core/packages/rafeeq_navigation)
[0.835s] Level 1:colcon.colcon_core.environment:create_environment_scripts_only(rafeeq_navigation)
[0.835s] Level 1:colcon.colcon_core.environment:checking '/home/nour-mahgoub/Graduation_Rafeeq/install/rafeeq_navigation' for CMake module files
[0.835s] Level 1:colcon.colcon_core.environment:checking '/home/nour-mahgoub/Graduation_Rafeeq/install/rafeeq_navigation' for CMake config files
[0.836s] Level 1:colcon.colcon_core.shell:create_environment_hook('rafeeq_navigation', 'cmake_prefix_path')
[0.836s] INFO:colcon.colcon_core.shell:Creating environment hook '/home/nour-mahgoub/Graduation_Rafeeq/install/rafeeq_navigation/share/rafeeq_navigation/hook/cmake_prefix_path.ps1'
[0.836s] INFO:colcon.colcon_core.shell:Creating environment descriptor '/home/nour-mahgoub/Graduation_Rafeeq/install/rafeeq_navigation/share/rafeeq_navigation/hook/cmake_prefix_path.dsv'
[0.837s] INFO:colcon.colcon_core.shell:Creating environment hook '/home/nour-mahgoub/Graduation_Rafeeq/install/rafeeq_navigation/share/rafeeq_navigation/hook/cmake_prefix_path.sh'
[0.837s] Level 1:colcon.colcon_core.environment:checking '/home/nour-mahgoub/Graduation_Rafeeq/install/rafeeq_navigation/bin'
[0.837s] Level 1:colcon.colcon_core.environment:checking '/home/nour-mahgoub/Graduation_Rafeeq/install/rafeeq_navigation/lib/pkgconfig/rafeeq_navigation.pc'
[0.837s] Level 1:colcon.colcon_core.environment:checking '/home/nour-mahgoub/Graduation_Rafeeq/install/rafeeq_navigation/lib/python3.12/site-packages'
[0.838s] Level 1:colcon.colcon_core.environment:checking '/home/nour-mahgoub/Graduation_Rafeeq/install/rafeeq_navigation/bin'
[0.838s] INFO:colcon.colcon_core.shell:Creating package script '/home/nour-mahgoub/Graduation_Rafeeq/install/rafeeq_navigation/share/rafeeq_navigation/package.ps1'
[0.838s] INFO:colcon.colcon_core.shell:Creating package descriptor '/home/nour-mahgoub/Graduation_Rafeeq/install/rafeeq_navigation/share/rafeeq_navigation/package.dsv'
[0.839s] INFO:colcon.colcon_core.shell:Creating package script '/home/nour-mahgoub/Graduation_Rafeeq/install/rafeeq_navigation/share/rafeeq_navigation/package.sh'
[0.839s] INFO:colcon.colcon_core.shell:Creating package script '/home/nour-mahgoub/Graduation_Rafeeq/install/rafeeq_navigation/share/rafeeq_navigation/package.bash'
[0.840s] INFO:colcon.colcon_core.shell:Creating package script '/home/nour-mahgoub/Graduation_Rafeeq/install/rafeeq_navigation/share/rafeeq_navigation/package.zsh'
[0.840s] Level 1:colcon.colcon_core.environment:create_file_with_runtime_dependencies(/home/nour-mahgoub/Graduation_Rafeeq/install/rafeeq_navigation/share/colcon-core/packages/rafeeq_navigation)
[0.840s] Level 1:colcon.colcon_core.environment:create_environment_scripts_only(rafeeq_speech)
[0.841s] Level 1:colcon.colcon_core.environment:checking '/home/nour-mahgoub/Graduation_Rafeeq/install/rafeeq_speech' for CMake module files
[0.841s] DEBUG:colcon.colcon_core.event_handler.log_command:Invoked command in '/home/nour-mahgoub/Graduation_Rafeeq/build/rafeeq_speech' returned '0': CMAKE_PREFIX_PATH=${CMAKE_PREFIX_PATH}:/opt/ros/jazzy DEBUGINFOD_URLS=https://debuginfod.ubuntu.com /usr/bin/cmake --install /home/nour-mahgoub/Graduation_Rafeeq/build/rafeeq_speech
[0.841s] Level 1:colcon.colcon_core.environment:checking '/home/nour-mahgoub/Graduation_Rafeeq/install/rafeeq_speech' for CMake config files
[0.842s] Level 1:colcon.colcon_core.shell:create_environment_hook('rafeeq_speech', 'cmake_prefix_path')
[0.842s] INFO:colcon.colcon_core.shell:Creating environment hook '/home/nour-mahgoub/Graduation_Rafeeq/install/rafeeq_speech/share/rafeeq_speech/hook/cmake_prefix_path.ps1'
[0.842s] INFO:colcon.colcon_core.shell:Creating environment descriptor '/home/nour-mahgoub/Graduation_Rafeeq/install/rafeeq_speech/share/rafeeq_speech/hook/cmake_prefix_path.dsv'
[0.842s] INFO:colcon.colcon_core.shell:Creating environment hook '/home/nour-mahgoub/Graduation_Rafeeq/install/rafeeq_speech/share/rafeeq_speech/hook/cmake_prefix_path.sh'
[0.843s] Level 1:colcon.colcon_core.environment:checking '/home/nour-mahgoub/Graduation_Rafeeq/install/rafeeq_speech/lib'
[0.843s] Level 1:colcon.colcon_core.environment:checking '/home/nour-mahgoub/Graduation_Rafeeq/install/rafeeq_speech/bin'
[0.843s] Level 1:colcon.colcon_core.environment:checking '/home/nour-mahgoub/Graduation_Rafeeq/install/rafeeq_speech/lib/pkgconfig/rafeeq_speech.pc'
[0.843s] Level 1:colcon.colcon_core.environment:checking '/home/nour-mahgoub/Graduation_Rafeeq/install/rafeeq_speech/lib/python3.12/site-packages'
[0.844s] Level 1:colcon.colcon_core.environment:checking '/home/nour-mahgoub/Graduation_Rafeeq/install/rafeeq_speech/bin'
[0.844s] INFO:colcon.colcon_core.shell:Creating package script '/home/nour-mahgoub/Graduation_Rafeeq/install/rafeeq_speech/share/rafeeq_speech/package.ps1'
[0.844s] INFO:colcon.colcon_core.shell:Creating package descriptor '/home/nour-mahgoub/Graduation_Rafeeq/install/rafeeq_speech/share/rafeeq_speech/package.dsv'
[0.845s] INFO:colcon.colcon_core.shell:Creating package script '/home/nour-mahgoub/Graduation_Rafeeq/install/rafeeq_speech/share/rafeeq_speech/package.sh'
[0.845s] INFO:colcon.colcon_core.shell:Creating package script '/home/nour-mahgoub/Graduation_Rafeeq/install/rafeeq_speech/share/rafeeq_speech/package.bash'
[0.845s] INFO:colcon.colcon_core.shell:Creating package script '/home/nour-mahgoub/Graduation_Rafeeq/install/rafeeq_speech/share/rafeeq_speech/package.zsh'
[0.846s] Level 1:colcon.colcon_core.environment:create_file_with_runtime_dependencies(/home/nour-mahgoub/Graduation_Rafeeq/install/rafeeq_speech/share/colcon-core/packages/rafeeq_speech)
[0.846s] Level 1:colcon.colcon_core.environment:create_environment_scripts_only(rafeeq_speech)
[0.846s] Level 1:colcon.colcon_core.environment:checking '/home/nour-mahgoub/Graduation_Rafeeq/install/rafeeq_speech' for CMake module files
[0.847s] Level 1:colcon.colcon_core.environment:checking '/home/nour-mahgoub/Graduation_Rafeeq/install/rafeeq_speech' for CMake config files
[0.847s] Level 1:colcon.colcon_core.shell:create_environment_hook('rafeeq_speech', 'cmake_prefix_path')
[0.847s] INFO:colcon.colcon_core.shell:Creating environment hook '/home/nour-mahgoub/Graduation_Rafeeq/install/rafeeq_speech/share/rafeeq_speech/hook/cmake_prefix_path.ps1'
[0.848s] INFO:colcon.colcon_core.shell:Creating environment descriptor '/home/nour-mahgoub/Graduation_Rafeeq/install/rafeeq_speech/share/rafeeq_speech/hook/cmake_prefix_path.dsv'
[0.848s] INFO:colcon.colcon_core.shell:Creating environment hook '/home/nour-mahgoub/Graduation_Rafeeq/install/rafeeq_speech/share/rafeeq_speech/hook/cmake_prefix_path.sh'
[0.848s] Level 1:colcon.colcon_core.environment:checking '/home/nour-mahgoub/Graduation_Rafeeq/install/rafeeq_speech/lib'
[0.848s] Level 1:colcon.colcon_core.environment:checking '/home/nour-mahgoub/Graduation_Rafeeq/install/rafeeq_speech/bin'
[0.849s] Level 1:colcon.colcon_core.environment:checking '/home/nour-mahgoub/Graduation_Rafeeq/install/rafeeq_speech/lib/pkgconfig/rafeeq_speech.pc'
[0.849s] Level 1:colcon.colcon_core.environment:checking '/home/nour-mahgoub/Graduation_Rafeeq/install/rafeeq_speech/lib/python3.12/site-packages'
[0.849s] Level 1:colcon.colcon_core.environment:checking '/home/nour-mahgoub/Graduation_Rafeeq/install/rafeeq_speech/bin'
[0.849s] INFO:colcon.colcon_core.shell:Creating package script '/home/nour-mahgoub/Graduation_Rafeeq/install/rafeeq_speech/share/rafeeq_speech/package.ps1'
[0.850s] INFO:colcon.colcon_core.shell:Creating package descriptor '/home/nour-mahgoub/Graduation_Rafeeq/install/rafeeq_speech/share/rafeeq_speech/package.dsv'
[0.850s] INFO:colcon.colcon_core.shell:Creating package script '/home/nour-mahgoub/Graduation_Rafeeq/install/rafeeq_speech/share/rafeeq_speech/package.sh'
[0.851s] INFO:colcon.colcon_core.shell:Creating package script '/home/nour-mahgoub/Graduation_Rafeeq/install/rafeeq_speech/share/rafeeq_speech/package.bash'
[0.851s] INFO:colcon.colcon_core.shell:Creating package script '/home/nour-mahgoub/Graduation_Rafeeq/install/rafeeq_speech/share/rafeeq_speech/package.zsh'
[0.851s] Level 1:colcon.colcon_core.environment:create_file_with_runtime_dependencies(/home/nour-mahgoub/Graduation_Rafeeq/install/rafeeq_speech/share/colcon-core/packages/rafeeq_speech)
[0.852s] DEBUG:colcon.colcon_core.event_handler.log_command:Invoked command in '/home/nour-mahgoub/Graduation_Rafeeq/build/sllidar_ros2' returned '0': CMAKE_PREFIX_PATH=${CMAKE_PREFIX_PATH}:/opt/ros/jazzy DEBUGINFOD_URLS=https://debuginfod.ubuntu.com /usr/bin/cmake --build /home/nour-mahgoub/Graduation_Rafeeq/build/sllidar_ros2 -- -j20 -l20
[0.853s] DEBUG:colcon.colcon_core.event_handler.log_command:Invoking command in '/home/nour-mahgoub/Graduation_Rafeeq/build/sllidar_ros2': CMAKE_PREFIX_PATH=${CMAKE_PREFIX_PATH}:/opt/ros/jazzy DEBUGINFOD_URLS=https://debuginfod.ubuntu.com /usr/bin/cmake --install /home/nour-mahgoub/Graduation_Rafeeq/build/sllidar_ros2
[0.854s] DEBUG:colcon.colcon_core.event_handler.log_command:Invoked command in '/home/nour-mahgoub/Graduation_Rafeeq/build/usb_cam' returned '0': CMAKE_PREFIX_PATH=${CMAKE_PREFIX_PATH}:/opt/ros/jazzy DEBUGINFOD_URLS=https://debuginfod.ubuntu.com /usr/bin/cmake --build /home/nour-mahgoub/Graduation_Rafeeq/build/usb_cam -- -j20 -l20
[0.856s] DEBUG:colcon.colcon_core.event_handler.log_command:Invoking command in '/home/nour-mahgoub/Graduation_Rafeeq/build/usb_cam': CMAKE_PREFIX_PATH=${CMAKE_PREFIX_PATH}:/opt/ros/jazzy DEBUGINFOD_URLS=https://debuginfod.ubuntu.com /usr/bin/cmake --install /home/nour-mahgoub/Graduation_Rafeeq/build/usb_cam
[0.860s] Level 1:colcon.colcon_core.environment:create_environment_scripts_only(sllidar_ros2)
[0.860s] Level 1:colcon.colcon_core.environment:checking '/home/nour-mahgoub/Graduation_Rafeeq/install/sllidar_ros2' for CMake module files
[0.860s] DEBUG:colcon.colcon_core.event_handler.log_command:Invoked command in '/home/nour-mahgoub/Graduation_Rafeeq/build/sllidar_ros2' returned '0': CMAKE_PREFIX_PATH=${CMAKE_PREFIX_PATH}:/opt/ros/jazzy DEBUGINFOD_URLS=https://debuginfod.ubuntu.com /usr/bin/cmake --install /home/nour-mahgoub/Graduation_Rafeeq/build/sllidar_ros2
[0.861s] Level 1:colcon.colcon_core.environment:checking '/home/nour-mahgoub/Graduation_Rafeeq/install/sllidar_ros2' for CMake config files
[0.861s] Level 1:colcon.colcon_core.shell:create_environment_hook('sllidar_ros2', 'cmake_prefix_path')
[0.861s] INFO:colcon.colcon_core.shell:Creating environment hook '/home/nour-mahgoub/Graduation_Rafeeq/install/sllidar_ros2/share/sllidar_ros2/hook/cmake_prefix_path.ps1'
[0.861s] INFO:colcon.colcon_core.shell:Creating environment descriptor '/home/nour-mahgoub/Graduation_Rafeeq/install/sllidar_ros2/share/sllidar_ros2/hook/cmake_prefix_path.dsv'
[0.862s] INFO:colcon.colcon_core.shell:Creating environment hook '/home/nour-mahgoub/Graduation_Rafeeq/install/sllidar_ros2/share/sllidar_ros2/hook/cmake_prefix_path.sh'
[0.862s] Level 1:colcon.colcon_core.environment:checking '/home/nour-mahgoub/Graduation_Rafeeq/install/sllidar_ros2/lib'
[0.863s] Level 1:colcon.colcon_core.environment:checking '/home/nour-mahgoub/Graduation_Rafeeq/install/sllidar_ros2/bin'
[0.863s] Level 1:colcon.colcon_core.environment:checking '/home/nour-mahgoub/Graduation_Rafeeq/install/sllidar_ros2/lib/pkgconfig/sllidar_ros2.pc'
[0.863s] Level 1:colcon.colcon_core.environment:checking '/home/nour-mahgoub/Graduation_Rafeeq/install/sllidar_ros2/lib/python3.12/site-packages'
[0.863s] Level 1:colcon.colcon_core.environment:checking '/home/nour-mahgoub/Graduation_Rafeeq/install/sllidar_ros2/bin'
[0.863s] INFO:colcon.colcon_core.shell:Creating package script '/home/nour-mahgoub/Graduation_Rafeeq/install/sllidar_ros2/share/sllidar_ros2/package.ps1'
[0.864s] INFO:colcon.colcon_core.shell:Creating package descriptor '/home/nour-mahgoub/Graduation_Rafeeq/install/sllidar_ros2/share/sllidar_ros2/package.dsv'
[0.864s] INFO:colcon.colcon_core.shell:Creating package script '/home/nour-mahgoub/Graduation_Rafeeq/install/sllidar_ros2/share/sllidar_ros2/package.sh'
[0.865s] INFO:colcon.colcon_core.shell:Creating package script '/home/nour-mahgoub/Graduation_Rafeeq/install/sllidar_ros2/share/sllidar_ros2/package.bash'
[0.865s] INFO:colcon.colcon_core.shell:Creating package script '/home/nour-mahgoub/Graduation_Rafeeq/install/sllidar_ros2/share/sllidar_ros2/package.zsh'
[0.865s] Level 1:colcon.colcon_core.environment:create_file_with_runtime_dependencies(/home/nour-mahgoub/Graduation_Rafeeq/install/sllidar_ros2/share/colcon-core/packages/sllidar_ros2)
[0.865s] Level 1:colcon.colcon_core.environment:create_environment_scripts_only(sllidar_ros2)
[0.866s] Level 1:colcon.colcon_core.environment:checking '/home/nour-mahgoub/Graduation_Rafeeq/install/sllidar_ros2' for CMake module files
[0.866s] Level 1:colcon.colcon_core.environment:checking '/home/nour-mahgoub/Graduation_Rafeeq/install/sllidar_ros2' for CMake config files
[0.866s] Level 1:colcon.colcon_core.shell:create_environment_hook('sllidar_ros2', 'cmake_prefix_path')
[0.866s] INFO:colcon.colcon_core.shell:Creating environment hook '/home/nour-mahgoub/Graduation_Rafeeq/install/sllidar_ros2/share/sllidar_ros2/hook/cmake_prefix_path.ps1'
[0.866s] INFO:colcon.colcon_core.shell:Creating environment descriptor '/home/nour-mahgoub/Graduation_Rafeeq/install/sllidar_ros2/share/sllidar_ros2/hook/cmake_prefix_path.dsv'
[0.866s] INFO:colcon.colcon_core.shell:Creating environment hook '/home/nour-mahgoub/Graduation_Rafeeq/install/sllidar_ros2/share/sllidar_ros2/hook/cmake_prefix_path.sh'
[0.867s] Level 1:colcon.colcon_core.environment:checking '/home/nour-mahgoub/Graduation_Rafeeq/install/sllidar_ros2/lib'
[0.867s] Level 1:colcon.colcon_core.environment:checking '/home/nour-mahgoub/Graduation_Rafeeq/install/sllidar_ros2/bin'
[0.867s] Level 1:colcon.colcon_core.environment:checking '/home/nour-mahgoub/Graduation_Rafeeq/install/sllidar_ros2/lib/pkgconfig/sllidar_ros2.pc'
[0.867s] Level 1:colcon.colcon_core.environment:checking '/home/nour-mahgoub/Graduation_Rafeeq/install/sllidar_ros2/lib/python3.12/site-packages'
[0.867s] Level 1:colcon.colcon_core.environment:checking '/home/nour-mahgoub/Graduation_Rafeeq/install/sllidar_ros2/bin'
[0.867s] INFO:colcon.colcon_core.shell:Creating package script '/home/nour-mahgoub/Graduation_Rafeeq/install/sllidar_ros2/share/sllidar_ros2/package.ps1'
[0.868s] INFO:colcon.colcon_core.shell:Creating package descriptor '/home/nour-mahgoub/Graduation_Rafeeq/install/sllidar_ros2/share/sllidar_ros2/package.dsv'
[0.868s] INFO:colcon.colcon_core.shell:Creating package script '/home/nour-mahgoub/Graduation_Rafeeq/install/sllidar_ros2/share/sllidar_ros2/package.sh'
[0.868s] INFO:colcon.colcon_core.shell:Creating package script '/home/nour-mahgoub/Graduation_Rafeeq/install/sllidar_ros2/share/sllidar_ros2/package.bash'
[0.869s] INFO:colcon.colcon_core.shell:Creating package script '/home/nour-mahgoub/Graduation_Rafeeq/install/sllidar_ros2/share/sllidar_ros2/package.zsh'
[0.869s] Level 1:colcon.colcon_core.environment:create_file_with_runtime_dependencies(/home/nour-mahgoub/Graduation_Rafeeq/install/sllidar_ros2/share/colcon-core/packages/sllidar_ros2)
[0.869s] Level 1:colcon.colcon_core.environment:create_environment_scripts_only(usb_cam)
[0.870s] Level 1:colcon.colcon_core.environment:checking '/home/nour-mahgoub/Graduation_Rafeeq/install/usb_cam' for CMake module files
[0.870s] DEBUG:colcon.colcon_core.event_handler.log_command:Invoked command in '/home/nour-mahgoub/Graduation_Rafeeq/build/usb_cam' returned '0': CMAKE_PREFIX_PATH=${CMAKE_PREFIX_PATH}:/opt/ros/jazzy DEBUGINFOD_URLS=https://debuginfod.ubuntu.com /usr/bin/cmake --install /home/nour-mahgoub/Graduation_Rafeeq/build/usb_cam
[0.870s] Level 1:colcon.colcon_core.environment:checking '/home/nour-mahgoub/Graduation_Rafeeq/install/usb_cam' for CMake config files
[0.870s] Level 1:colcon.colcon_core.shell:create_environment_hook('usb_cam', 'cmake_prefix_path')
[0.870s] INFO:colcon.colcon_core.shell:Creating environment hook '/home/nour-mahgoub/Graduation_Rafeeq/install/usb_cam/share/usb_cam/hook/cmake_prefix_path.ps1'
[0.870s] INFO:colcon.colcon_core.shell:Creating environment descriptor '/home/nour-mahgoub/Graduation_Rafeeq/install/usb_cam/share/usb_cam/hook/cmake_prefix_path.dsv'
[0.871s] INFO:colcon.colcon_core.shell:Creating environment hook '/home/nour-mahgoub/Graduation_Rafeeq/install/usb_cam/share/usb_cam/hook/cmake_prefix_path.sh'
[0.871s] Level 1:colcon.colcon_core.environment:checking '/home/nour-mahgoub/Graduation_Rafeeq/install/usb_cam/lib'
[0.871s] Level 1:colcon.colcon_core.shell:create_environment_hook('usb_cam', 'ld_library_path_lib')
[0.871s] INFO:colcon.colcon_core.shell:Creating environment hook '/home/nour-mahgoub/Graduation_Rafeeq/install/usb_cam/share/usb_cam/hook/ld_library_path_lib.ps1'
[0.871s] INFO:colcon.colcon_core.shell:Creating environment descriptor '/home/nour-mahgoub/Graduation_Rafeeq/install/usb_cam/share/usb_cam/hook/ld_library_path_lib.dsv'
[0.871s] INFO:colcon.colcon_core.shell:Creating environment hook '/home/nour-mahgoub/Graduation_Rafeeq/install/usb_cam/share/usb_cam/hook/ld_library_path_lib.sh'
[0.872s] Level 1:colcon.colcon_core.environment:checking '/home/nour-mahgoub/Graduation_Rafeeq/install/usb_cam/bin'
[0.872s] Level 1:colcon.colcon_core.environment:checking '/home/nour-mahgoub/Graduation_Rafeeq/install/usb_cam/lib/pkgconfig/usb_cam.pc'
[0.872s] Level 1:colcon.colcon_core.environment:checking '/home/nour-mahgoub/Graduation_Rafeeq/install/usb_cam/lib/python3.12/site-packages'
[0.872s] Level 1:colcon.colcon_core.environment:checking '/home/nour-mahgoub/Graduation_Rafeeq/install/usb_cam/bin'
[0.872s] INFO:colcon.colcon_core.shell:Creating package script '/home/nour-mahgoub/Graduation_Rafeeq/install/usb_cam/share/usb_cam/package.ps1'
[0.872s] INFO:colcon.colcon_core.shell:Creating package descriptor '/home/nour-mahgoub/Graduation_Rafeeq/install/usb_cam/share/usb_cam/package.dsv'
[0.873s] INFO:colcon.colcon_core.shell:Creating package script '/home/nour-mahgoub/Graduation_Rafeeq/install/usb_cam/share/usb_cam/package.sh'
[0.873s] INFO:colcon.colcon_core.shell:Creating package script '/home/nour-mahgoub/Graduation_Rafeeq/install/usb_cam/share/usb_cam/package.bash'
[0.873s] INFO:colcon.colcon_core.shell:Creating package script '/home/nour-mahgoub/Graduation_Rafeeq/install/usb_cam/share/usb_cam/package.zsh'
[0.873s] Level 1:colcon.colcon_core.environment:create_file_with_runtime_dependencies(/home/nour-mahgoub/Graduation_Rafeeq/install/usb_cam/share/colcon-core/packages/usb_cam)
[0.874s] Level 1:colcon.colcon_core.environment:create_environment_scripts_only(usb_cam)
[0.874s] Level 1:colcon.colcon_core.environment:checking '/home/nour-mahgoub/Graduation_Rafeeq/install/usb_cam' for CMake module files
[0.874s] Level 1:colcon.colcon_core.environment:checking '/home/nour-mahgoub/Graduation_Rafeeq/install/usb_cam' for CMake config files
[0.874s] Level 1:colcon.colcon_core.shell:create_environment_hook('usb_cam', 'cmake_prefix_path')
[0.874s] INFO:colcon.colcon_core.shell:Creating environment hook '/home/nour-mahgoub/Graduation_Rafeeq/install/usb_cam/share/usb_cam/hook/cmake_prefix_path.ps1'
[0.875s] INFO:colcon.colcon_core.shell:Creating environment descriptor '/home/nour-mahgoub/Graduation_Rafeeq/install/usb_cam/share/usb_cam/hook/cmake_prefix_path.dsv'
[0.875s] INFO:colcon.colcon_core.shell:Creating environment hook '/home/nour-mahgoub/Graduation_Rafeeq/install/usb_cam/share/usb_cam/hook/cmake_prefix_path.sh'
[0.875s] Level 1:colcon.colcon_core.environment:checking '/home/nour-mahgoub/Graduation_Rafeeq/install/usb_cam/lib'
[0.875s] Level 1:colcon.colcon_core.shell:create_environment_hook('usb_cam', 'ld_library_path_lib')
[0.875s] INFO:colcon.colcon_core.shell:Creating environment hook '/home/nour-mahgoub/Graduation_Rafeeq/install/usb_cam/share/usb_cam/hook/ld_library_path_lib.ps1'
[0.875s] INFO:colcon.colcon_core.shell:Creating environment descriptor '/home/nour-mahgoub/Graduation_Rafeeq/install/usb_cam/share/usb_cam/hook/ld_library_path_lib.dsv'
[0.876s] INFO:colcon.colcon_core.shell:Creating environment hook '/home/nour-mahgoub/Graduation_Rafeeq/install/usb_cam/share/usb_cam/hook/ld_library_path_lib.sh'
[0.876s] Level 1:colcon.colcon_core.environment:checking '/home/nour-mahgoub/Graduation_Rafeeq/install/usb_cam/bin'
[0.876s] Level 1:colcon.colcon_core.environment:checking '/home/nour-mahgoub/Graduation_Rafeeq/install/usb_cam/lib/pkgconfig/usb_cam.pc'
[0.876s] Level 1:colcon.colcon_core.environment:checking '/home/nour-mahgoub/Graduation_Rafeeq/install/usb_cam/lib/python3.12/site-packages'
[0.876s] Level 1:colcon.colcon_core.environment:checking '/home/nour-mahgoub/Graduation_Rafeeq/install/usb_cam/bin'
[0.876s] INFO:colcon.colcon_core.shell:Creating package script '/home/nour-mahgoub/Graduation_Rafeeq/install/usb_cam/share/usb_cam/package.ps1'
[0.877s] INFO:colcon.colcon_core.shell:Creating package descriptor '/home/nour-mahgoub/Graduation_Rafeeq/install/usb_cam/share/usb_cam/package.dsv'
[0.877s] INFO:colcon.colcon_core.shell:Creating package script '/home/nour-mahgoub/Graduation_Rafeeq/install/usb_cam/share/usb_cam/package.sh'
[0.877s] INFO:colcon.colcon_core.shell:Creating package script '/home/nour-mahgoub/Graduation_Rafeeq/install/usb_cam/share/usb_cam/package.bash'
[0.877s] INFO:colcon.colcon_core.shell:Creating package script '/home/nour-mahgoub/Graduation_Rafeeq/install/usb_cam/share/usb_cam/package.zsh'
[0.877s] Level 1:colcon.colcon_core.environment:create_file_with_runtime_dependencies(/home/nour-mahgoub/Graduation_Rafeeq/install/usb_cam/share/colcon-core/packages/usb_cam)
[1.203s] DEBUG:colcon.colcon_core.event_handler.log_command:Invoking command in '/home/nour-mahgoub/Graduation_Rafeeq/src/serial_node': DEBUGINFOD_URLS=https://debuginfod.ubuntu.com PYTHONPATH=/home/nour-mahgoub/Graduation_Rafeeq/build/serial_node/prefix_override:/usr/lib/python3/dist-packages/colcon_core/task/python/colcon_distutils_commands:/home/nour-mahgoub/Graduation_Rafeeq/install/serial_node/lib/python3.12/site-packages:${PYTHONPATH} /usr/bin/python3 -W ignore:setup.py install is deprecated -W ignore:easy_install command is deprecated setup.py egg_info --egg-base ../../build/serial_node build --build-base /home/nour-mahgoub/Graduation_Rafeeq/build/serial_node/build install --record /home/nour-mahgoub/Graduation_Rafeeq/build/serial_node/install.log --single-version-externally-managed install_data
[1.204s] DEBUG:colcon.colcon_core.event_handler.log_command:Invoking command in '/home/nour-mahgoub/Graduation_Rafeeq/src/rafeeq_description': DEBUGINFOD_URLS=https://debuginfod.ubuntu.com PYTHONPATH=/home/nour-mahgoub/Graduation_Rafeeq/build/rafeeq_description/prefix_override:/usr/lib/python3/dist-packages/colcon_core/task/python/colcon_distutils_commands:/home/nour-mahgoub/Graduation_Rafeeq/install/rafeeq_description/lib/python3.12/site-packages:${PYTHONPATH} /usr/bin/python3 -W ignore:setup.py install is deprecated -W ignore:easy_install command is deprecated setup.py egg_info --egg-base ../../build/rafeeq_description build --build-base /home/nour-mahgoub/Graduation_Rafeeq/build/rafeeq_description/build install --record /home/nour-mahgoub/Graduation_Rafeeq/build/rafeeq_description/install.log --single-version-externally-managed install_data
[1.362s] DEBUG:colcon.colcon_core.event_handler.log_command:Invoked command in '/home/nour-mahgoub/Graduation_Rafeeq/build/rafeeq_SLAM' returned '0': CMAKE_PREFIX_PATH=${CMAKE_PREFIX_PATH}:/opt/ros/jazzy DEBUGINFOD_URLS=https://debuginfod.ubuntu.com /usr/bin/cmake /home/nour-mahgoub/Graduation_Rafeeq/src/rafeeq_SLAM -DCMAKE_INSTALL_PREFIX=/home/nour-mahgoub/Graduation_Rafeeq/install/rafeeq_SLAM
[1.362s] DEBUG:colcon.colcon_core.event_handler.log_command:Invoking command in '/home/nour-mahgoub/Graduation_Rafeeq/build/rafeeq_SLAM': CMAKE_PREFIX_PATH=${CMAKE_PREFIX_PATH}:/opt/ros/jazzy DEBUGINFOD_URLS=https://debuginfod.ubuntu.com /usr/bin/cmake --build /home/nour-mahgoub/Graduation_Rafeeq/build/rafeeq_SLAM -- -j20 -l20
[1.378s] DEBUG:colcon.colcon_core.event_handler.log_command:Invoked command in '/home/nour-mahgoub/Graduation_Rafeeq/build/rafeeq_SLAM' returned '0': CMAKE_PREFIX_PATH=${CMAKE_PREFIX_PATH}:/opt/ros/jazzy DEBUGINFOD_URLS=https://debuginfod.ubuntu.com /usr/bin/cmake --build /home/nour-mahgoub/Graduation_Rafeeq/build/rafeeq_SLAM -- -j20 -l20
[1.379s] DEBUG:colcon.colcon_core.event_handler.log_command:Invoking command in '/home/nour-mahgoub/Graduation_Rafeeq/build/rafeeq_SLAM': CMAKE_PREFIX_PATH=${CMAKE_PREFIX_PATH}:/opt/ros/jazzy DEBUGINFOD_URLS=https://debuginfod.ubuntu.com /usr/bin/cmake --install /home/nour-mahgoub/Graduation_Rafeeq/build/rafeeq_SLAM
[1.385s] Level 1:colcon.colcon_core.environment:create_environment_scripts_only(rafeeq_SLAM)
[1.385s] Level 1:colcon.colcon_core.environment:checking '/home/nour-mahgoub/Graduation_Rafeeq/install/rafeeq_SLAM' for CMake module files
[1.385s] DEBUG:colcon.colcon_core.event_handler.log_command:Invoked command in '/home/nour-mahgoub/Graduation_Rafeeq/build/rafeeq_SLAM' returned '0': CMAKE_PREFIX_PATH=${CMAKE_PREFIX_PATH}:/opt/ros/jazzy DEBUGINFOD_URLS=https://debuginfod.ubuntu.com /usr/bin/cmake --install /home/nour-mahgoub/Graduation_Rafeeq/build/rafeeq_SLAM
[1.385s] Level 1:colcon.colcon_core.environment:checking '/home/nour-mahgoub/Graduation_Rafeeq/install/rafeeq_SLAM' for CMake config files
[1.385s] Level 1:colcon.colcon_core.shell:create_environment_hook('rafeeq_SLAM', 'cmake_prefix_path')
[1.386s] INFO:colcon.colcon_core.shell:Creating environment hook '/home/nour-mahgoub/Graduation_Rafeeq/install/rafeeq_SLAM/share/rafeeq_SLAM/hook/cmake_prefix_path.ps1'
[1.386s] INFO:colcon.colcon_core.shell:Creating environment descriptor '/home/nour-mahgoub/Graduation_Rafeeq/install/rafeeq_SLAM/share/rafeeq_SLAM/hook/cmake_prefix_path.dsv'
[1.386s] INFO:colcon.colcon_core.shell:Creating environment hook '/home/nour-mahgoub/Graduation_Rafeeq/install/rafeeq_SLAM/share/rafeeq_SLAM/hook/cmake_prefix_path.sh'
[1.386s] Level 1:colcon.colcon_core.environment:checking '/home/nour-mahgoub/Graduation_Rafeeq/install/rafeeq_SLAM/bin'
[1.386s] Level 1:colcon.colcon_core.environment:checking '/home/nour-mahgoub/Graduation_Rafeeq/install/rafeeq_SLAM/lib/pkgconfig/rafeeq_SLAM.pc'
[1.386s] Level 1:colcon.colcon_core.environment:checking '/home/nour-mahgoub/Graduation_Rafeeq/install/rafeeq_SLAM/lib/python3.12/site-packages'
[1.387s] Level 1:colcon.colcon_core.environment:checking '/home/nour-mahgoub/Graduation_Rafeeq/install/rafeeq_SLAM/bin'
[1.387s] INFO:colcon.colcon_core.shell:Creating package script '/home/nour-mahgoub/Graduation_Rafeeq/install/rafeeq_SLAM/share/rafeeq_SLAM/package.ps1'
[1.387s] INFO:colcon.colcon_core.shell:Creating package descriptor '/home/nour-mahgoub/Graduation_Rafeeq/install/rafeeq_SLAM/share/rafeeq_SLAM/package.dsv'
[1.387s] INFO:colcon.colcon_core.shell:Creating package script '/home/nour-mahgoub/Graduation_Rafeeq/install/rafeeq_SLAM/share/rafeeq_SLAM/package.sh'
[1.387s] INFO:colcon.colcon_core.shell:Creating package script '/home/nour-mahgoub/Graduation_Rafeeq/install/rafeeq_SLAM/share/rafeeq_SLAM/package.bash'
[1.388s] INFO:colcon.colcon_core.shell:Creating package script '/home/nour-mahgoub/Graduation_Rafeeq/install/rafeeq_SLAM/share/rafeeq_SLAM/package.zsh'
[1.388s] Level 1:colcon.colcon_core.environment:create_file_with_runtime_dependencies(/home/nour-mahgoub/Graduation_Rafeeq/install/rafeeq_SLAM/share/colcon-core/packages/rafeeq_SLAM)
[1.388s] Level 1:colcon.colcon_core.environment:create_environment_scripts_only(rafeeq_SLAM)
[1.388s] Level 1:colcon.colcon_core.environment:checking '/home/nour-mahgoub/Graduation_Rafeeq/install/rafeeq_SLAM' for CMake module files
[1.388s] Level 1:colcon.colcon_core.environment:checking '/home/nour-mahgoub/Graduation_Rafeeq/install/rafeeq_SLAM' for CMake config files
[1.388s] Level 1:colcon.colcon_core.shell:create_environment_hook('rafeeq_SLAM', 'cmake_prefix_path')
[1.389s] INFO:colcon.colcon_core.shell:Creating environment hook '/home/nour-mahgoub/Graduation_Rafeeq/install/rafeeq_SLAM/share/rafeeq_SLAM/hook/cmake_prefix_path.ps1'
[1.389s] INFO:colcon.colcon_core.shell:Creating environment descriptor '/home/nour-mahgoub/Graduation_Rafeeq/install/rafeeq_SLAM/share/rafeeq_SLAM/hook/cmake_prefix_path.dsv'
[1.389s] INFO:colcon.colcon_core.shell:Creating environment hook '/home/nour-mahgoub/Graduation_Rafeeq/install/rafeeq_SLAM/share/rafeeq_SLAM/hook/cmake_prefix_path.sh'
[1.389s] Level 1:colcon.colcon_core.environment:checking '/home/nour-mahgoub/Graduation_Rafeeq/install/rafeeq_SLAM/bin'
[1.389s] Level 1:colcon.colcon_core.environment:checking '/home/nour-mahgoub/Graduation_Rafeeq/install/rafeeq_SLAM/lib/pkgconfig/rafeeq_SLAM.pc'
[1.389s] Level 1:colcon.colcon_core.environment:checking '/home/nour-mahgoub/Graduation_Rafeeq/install/rafeeq_SLAM/lib/python3.12/site-packages'
[1.390s] Level 1:colcon.colcon_core.environment:checking '/home/nour-mahgoub/Graduation_Rafeeq/install/rafeeq_SLAM/bin'
[1.390s] INFO:colcon.colcon_core.shell:Creating package script '/home/nour-mahgoub/Graduation_Rafeeq/install/rafeeq_SLAM/share/rafeeq_SLAM/package.ps1'
[1.390s] INFO:colcon.colcon_core.shell:Creating package descriptor '/home/nour-mahgoub/Graduation_Rafeeq/install/rafeeq_SLAM/share/rafeeq_SLAM/package.dsv'
[1.390s] INFO:colcon.colcon_core.shell:Creating package script '/home/nour-mahgoub/Graduation_Rafeeq/install/rafeeq_SLAM/share/rafeeq_SLAM/package.sh'
[1.390s] INFO:colcon.colcon_core.shell:Creating package script '/home/nour-mahgoub/Graduation_Rafeeq/install/rafeeq_SLAM/share/rafeeq_SLAM/package.bash'
[1.391s] INFO:colcon.colcon_core.shell:Creating package script '/home/nour-mahgoub/Graduation_Rafeeq/install/rafeeq_SLAM/share/rafeeq_SLAM/package.zsh'
[1.391s] Level 1:colcon.colcon_core.environment:create_file_with_runtime_dependencies(/home/nour-mahgoub/Graduation_Rafeeq/install/rafeeq_SLAM/share/colcon-core/packages/rafeeq_SLAM)
[1.575s] Level 1:colcon.colcon_core.environment:checking '/home/nour-mahgoub/Graduation_Rafeeq/install/rafeeq_description' for CMake module files
[1.575s] Level 1:colcon.colcon_core.environment:checking '/home/nour-mahgoub/Graduation_Rafeeq/install/rafeeq_description' for CMake config files
[1.575s] DEBUG:colcon.colcon_core.event_handler.log_command:Invoked command in '/home/nour-mahgoub/Graduation_Rafeeq/src/rafeeq_description' returned '0': DEBUGINFOD_URLS=https://debuginfod.ubuntu.com PYTHONPATH=/home/nour-mahgoub/Graduation_Rafeeq/build/rafeeq_description/prefix_override:/usr/lib/python3/dist-packages/colcon_core/task/python/colcon_distutils_commands:/home/nour-mahgoub/Graduation_Rafeeq/install/rafeeq_description/lib/python3.12/site-packages:${PYTHONPATH} /usr/bin/python3 -W ignore:setup.py install is deprecated -W ignore:easy_install command is deprecated setup.py egg_info --egg-base ../../build/rafeeq_description build --build-base /home/nour-mahgoub/Graduation_Rafeeq/build/rafeeq_description/build install --record /home/nour-mahgoub/Graduation_Rafeeq/build/rafeeq_description/install.log --single-version-externally-managed install_data
[1.576s] Level 1:colcon.colcon_core.environment:checking '/home/nour-mahgoub/Graduation_Rafeeq/install/rafeeq_description/lib'
[1.576s] Level 1:colcon.colcon_core.environment:checking '/home/nour-mahgoub/Graduation_Rafeeq/install/rafeeq_description/bin'
[1.576s] Level 1:colcon.colcon_core.environment:checking '/home/nour-mahgoub/Graduation_Rafeeq/install/rafeeq_description/lib/pkgconfig/rafeeq_description.pc'
[1.576s] Level 1:colcon.colcon_core.environment:checking '/home/nour-mahgoub/Graduation_Rafeeq/install/rafeeq_description/lib/python3.12/site-packages'
[1.576s] Level 1:colcon.colcon_core.shell:create_environment_hook('rafeeq_description', 'pythonpath')
[1.576s] INFO:colcon.colcon_core.shell:Creating environment hook '/home/nour-mahgoub/Graduation_Rafeeq/install/rafeeq_description/share/rafeeq_description/hook/pythonpath.ps1'
[1.576s] INFO:colcon.colcon_core.shell:Creating environment descriptor '/home/nour-mahgoub/Graduation_Rafeeq/install/rafeeq_description/share/rafeeq_description/hook/pythonpath.dsv'
[1.577s] INFO:colcon.colcon_core.shell:Creating environment hook '/home/nour-mahgoub/Graduation_Rafeeq/install/rafeeq_description/share/rafeeq_description/hook/pythonpath.sh'
[1.577s] Level 1:colcon.colcon_core.environment:checking '/home/nour-mahgoub/Graduation_Rafeeq/install/rafeeq_description/bin'
[1.577s] Level 1:colcon.colcon_core.environment:create_environment_scripts_only(rafeeq_description)
[1.577s] INFO:colcon.colcon_core.shell:Creating package script '/home/nour-mahgoub/Graduation_Rafeeq/install/rafeeq_description/share/rafeeq_description/package.ps1'
[1.577s] INFO:colcon.colcon_core.shell:Creating package descriptor '/home/nour-mahgoub/Graduation_Rafeeq/install/rafeeq_description/share/rafeeq_description/package.dsv'
[1.578s] INFO:colcon.colcon_core.shell:Creating package script '/home/nour-mahgoub/Graduation_Rafeeq/install/rafeeq_description/share/rafeeq_description/package.sh'
[1.578s] INFO:colcon.colcon_core.shell:Creating package script '/home/nour-mahgoub/Graduation_Rafeeq/install/rafeeq_description/share/rafeeq_description/package.bash'
[1.578s] INFO:colcon.colcon_core.shell:Creating package script '/home/nour-mahgoub/Graduation_Rafeeq/install/rafeeq_description/share/rafeeq_description/package.zsh'
[1.578s] Level 1:colcon.colcon_core.environment:create_file_with_runtime_dependencies(/home/nour-mahgoub/Graduation_Rafeeq/install/rafeeq_description/share/colcon-core/packages/rafeeq_description)
[1.797s] Level 1:colcon.colcon_core.environment:checking '/home/nour-mahgoub/Graduation_Rafeeq/install/serial_node' for CMake module files
[1.797s] DEBUG:colcon.colcon_core.event_handler.log_command:Invoked command in '/home/nour-mahgoub/Graduation_Rafeeq/src/serial_node' returned '0': DEBUGINFOD_URLS=https://debuginfod.ubuntu.com PYTHONPATH=/home/nour-mahgoub/Graduation_Rafeeq/build/serial_node/prefix_override:/usr/lib/python3/dist-packages/colcon_core/task/python/colcon_distutils_commands:/home/nour-mahgoub/Graduation_Rafeeq/install/serial_node/lib/python3.12/site-packages:${PYTHONPATH} /usr/bin/python3 -W ignore:setup.py install is deprecated -W ignore:easy_install command is deprecated setup.py egg_info --egg-base ../../build/serial_node build --build-base /home/nour-mahgoub/Graduation_Rafeeq/build/serial_node/build install --record /home/nour-mahgoub/Graduation_Rafeeq/build/serial_node/install.log --single-version-externally-managed install_data
[1.797s] Level 1:colcon.colcon_core.environment:checking '/home/nour-mahgoub/Graduation_Rafeeq/install/serial_node' for CMake config files
[1.798s] Level 1:colcon.colcon_core.environment:checking '/home/nour-mahgoub/Graduation_Rafeeq/install/serial_node/lib'
[1.798s] Level 1:colcon.colcon_core.environment:checking '/home/nour-mahgoub/Graduation_Rafeeq/install/serial_node/bin'
[1.798s] Level 1:colcon.colcon_core.environment:checking '/home/nour-mahgoub/Graduation_Rafeeq/install/serial_node/lib/pkgconfig/serial_node.pc'
[1.798s] Level 1:colcon.colcon_core.environment:checking '/home/nour-mahgoub/Graduation_Rafeeq/install/serial_node/lib/python3.12/site-packages'
[1.798s] Level 1:colcon.colcon_core.shell:create_environment_hook('serial_node', 'pythonpath')
[1.798s] INFO:colcon.colcon_core.shell:Creating environment hook '/home/nour-mahgoub/Graduation_Rafeeq/install/serial_node/share/serial_node/hook/pythonpath.ps1'
[1.798s] INFO:colcon.colcon_core.shell:Creating environment descriptor '/home/nour-mahgoub/Graduation_Rafeeq/install/serial_node/share/serial_node/hook/pythonpath.dsv'
[1.799s] INFO:colcon.colcon_core.shell:Creating environment hook '/home/nour-mahgoub/Graduation_Rafeeq/install/serial_node/share/serial_node/hook/pythonpath.sh'
[1.799s] Level 1:colcon.colcon_core.environment:checking '/home/nour-mahgoub/Graduation_Rafeeq/install/serial_node/bin'
[1.799s] Level 1:colcon.colcon_core.environment:create_environment_scripts_only(serial_node)
[1.799s] INFO:colcon.colcon_core.shell:Creating package script '/home/nour-mahgoub/Graduation_Rafeeq/install/serial_node/share/serial_node/package.ps1'
[1.799s] INFO:colcon.colcon_core.shell:Creating package descriptor '/home/nour-mahgoub/Graduation_Rafeeq/install/serial_node/share/serial_node/package.dsv'
[1.800s] INFO:colcon.colcon_core.shell:Creating package script '/home/nour-mahgoub/Graduation_Rafeeq/install/serial_node/share/serial_node/package.sh'
[1.800s] INFO:colcon.colcon_core.shell:Creating package script '/home/nour-mahgoub/Graduation_Rafeeq/install/serial_node/share/serial_node/package.bash'
[1.800s] INFO:colcon.colcon_core.shell:Creating package script '/home/nour-mahgoub/Graduation_Rafeeq/install/serial_node/share/serial_node/package.zsh'
[1.800s] Level 1:colcon.colcon_core.environment:create_file_with_runtime_dependencies(/home/nour-mahgoub/Graduation_Rafeeq/install/serial_node/share/colcon-core/packages/serial_node)
[1.800s] DEBUG:colcon.colcon_parallel_executor.executor.parallel:closing loop
[1.800s] DEBUG:colcon.colcon_parallel_executor.executor.parallel:loop closed
[1.801s] DEBUG:colcon.colcon_parallel_executor.executor.parallel:run_until_complete finished with '0'
[1.801s] DEBUG:colcon.colcon_core.event_reactor:joining thread
[1.806s] INFO:colcon.colcon_core.plugin_system:Skipping extension 'colcon_notification.desktop_notification.terminal_notifier': Not used on non-Darwin systems
[1.807s] INFO:colcon.colcon_core.plugin_system:Skipping extension 'colcon_notification.desktop_notification.win32': Not used on non-Windows systems
[1.807s] INFO:colcon.colcon_notification.desktop_notification:Sending desktop notification using 'notify2'
[1.819s] DEBUG:colcon.colcon_core.event_reactor:joined thread
[1.819s] INFO:colcon.colcon_core.shell:Creating prefix script '/home/nour-mahgoub/Graduation_Rafeeq/install/local_setup.ps1'
[1.820s] INFO:colcon.colcon_core.shell:Creating prefix util module '/home/nour-mahgoub/Graduation_Rafeeq/install/_local_setup_util_ps1.py'
[1.820s] INFO:colcon.colcon_core.shell:Creating prefix chain script '/home/nour-mahgoub/Graduation_Rafeeq/install/setup.ps1'
[1.821s] INFO:colcon.colcon_core.shell:Creating prefix script '/home/nour-mahgoub/Graduation_Rafeeq/install/local_setup.sh'
[1.821s] INFO:colcon.colcon_core.shell:Creating prefix util module '/home/nour-mahgoub/Graduation_Rafeeq/install/_local_setup_util_sh.py'
[1.822s] INFO:colcon.colcon_core.shell:Creating prefix chain script '/home/nour-mahgoub/Graduation_Rafeeq/install/setup.sh'
[1.822s] INFO:colcon.colcon_core.shell:Creating prefix script '/home/nour-mahgoub/Graduation_Rafeeq/install/local_setup.bash'
[1.823s] INFO:colcon.colcon_core.shell:Creating prefix chain script '/home/nour-mahgoub/Graduation_Rafeeq/install/setup.bash'
[1.823s] INFO:colcon.colcon_core.shell:Creating prefix script '/home/nour-mahgoub/Graduation_Rafeeq/install/local_setup.zsh'
[1.823s] INFO:colcon.colcon_core.shell:Creating prefix chain script '/home/nour-mahgoub/Graduation_Rafeeq/install/setup.zsh'
