[0.190s] DEBUG:colcon:Command line arguments: ['/usr/bin/colcon', 'build']
[0.190s] DEBUG:colcon:Parsed command line arguments: Namespace(log_base=None, log_level=None, verb_name='build', build_base='build', install_base='install', merge_install=False, symlink_install=False, test_result_base=None, continue_on_error=False, executor='parallel', parallel_workers=20, event_handlers=None, ignore_user_meta=False, metas=['./colcon.meta'], base_paths=['.'], packages_ignore=None, packages_ignore_regex=None, paths=None, packages_up_to=None, packages_up_to_regex=None, packages_above=None, packages_above_and_dependencies=None, packages_above_depth=None, packages_select_by_dep=None, packages_skip_by_dep=None, packages_skip_up_to=None, packages_select_build_failed=False, packages_skip_build_finished=False, packages_select_test_failures=False, packages_skip_test_passed=False, packages_select=None, packages_skip=None, packages_select_regex=None, packages_skip_regex=None, packages_start=None, packages_end=None, allow_overriding=[], cmake_args=None, cmake_target=None, cmake_target_skip_unavailable=False, cmake_clean_cache=False, cmake_clean_first=False, cmake_force_configure=False, ament_cmake_args=None, catkin_cmake_args=None, catkin_skip_building_tests=False, mixin_files=None, mixin=None, verb_parser=<colcon_mixin.mixin.mixin_argument.MixinArgumentDecorator object at 0x7fc4d2599640>, verb_extension=<colcon_core.verb.build.BuildVerb object at 0x7fc4d25996d0>, main=<bound method BuildVerb.main of <colcon_core.verb.build.BuildVerb object at 0x7fc4d25996d0>>, mixin_verb=('build',))
[0.232s] Level 1:colcon.colcon_core.package_discovery:discover_packages(colcon_meta) check parameters
[0.232s] Level 1:colcon.colcon_core.package_discovery:discover_packages(recursive) check parameters
[0.232s] Level 1:colcon.colcon_core.package_discovery:discover_packages(ignore) check parameters
[0.232s] Level 1:colcon.colcon_core.package_discovery:discover_packages(path) check parameters
[0.232s] Level 1:colcon.colcon_core.package_discovery:discover_packages(colcon_meta) discover
[0.232s] Level 1:colcon.colcon_core.package_discovery:discover_packages(recursive) discover
[0.232s] INFO:colcon.colcon_core.package_discovery:Crawling recursively for packages in '/home/nour-mahgoub/Graduation_Rafeeq'
[0.232s] Level 1:colcon.colcon_core.package_identification:_identify(.) by extensions ['ignore', 'ignore_ament_install']
[0.232s] Level 1:colcon.colcon_core.package_identification:_identify(.) by extension 'ignore'
[0.232s] Level 1:colcon.colcon_core.package_identification:_identify(.) by extension 'ignore_ament_install'
[0.232s] Level 1:colcon.colcon_core.package_identification:_identify(.) by extensions ['colcon_pkg']
[0.232s] Level 1:colcon.colcon_core.package_identification:_identify(.) by extension 'colcon_pkg'
[0.232s] Level 1:colcon.colcon_core.package_identification:_identify(.) by extensions ['colcon_meta']
[0.232s] Level 1:colcon.colcon_core.package_identification:_identify(.) by extension 'colcon_meta'
[0.232s] Level 1:colcon.colcon_core.package_identification:_identify(.) by extensions ['ros']
[0.232s] Level 1:colcon.colcon_core.package_identification:_identify(.) by extension 'ros'
[0.256s] Level 1:colcon.colcon_core.package_identification:_identify(.) by extensions ['cmake', 'python']
[0.256s] Level 1:colcon.colcon_core.package_identification:_identify(.) by extension 'cmake'
[0.256s] Level 1:colcon.colcon_core.package_identification:_identify(.) by extension 'python'
[0.256s] Level 1:colcon.colcon_core.package_identification:_identify(.) by extensions ['python_setup_py']
[0.256s] Level 1:colcon.colcon_core.package_identification:_identify(.) by extension 'python_setup_py'
[0.256s] Level 1:colcon.colcon_core.package_identification:_identify(build) by extensions ['ignore', 'ignore_ament_install']
[0.256s] Level 1:colcon.colcon_core.package_identification:_identify(build) by extension 'ignore'
[0.256s] Level 1:colcon.colcon_core.package_identification:_identify(build) ignored
[0.257s] Level 1:colcon.colcon_core.package_identification:_identify(install) by extensions ['ignore', 'ignore_ament_install']
[0.257s] Level 1:colcon.colcon_core.package_identification:_identify(install) by extension 'ignore'
[0.257s] Level 1:colcon.colcon_core.package_identification:_identify(install) ignored
[0.257s] Level 1:colcon.colcon_core.package_identification:_identify(launch) by extensions ['ignore', 'ignore_ament_install']
[0.257s] Level 1:colcon.colcon_core.package_identification:_identify(launch) by extension 'ignore'
[0.257s] Level 1:colcon.colcon_core.package_identification:_identify(launch) by extension 'ignore_ament_install'
[0.257s] Level 1:colcon.colcon_core.package_identification:_identify(launch) by extensions ['colcon_pkg']
[0.257s] Level 1:colcon.colcon_core.package_identification:_identify(launch) by extension 'colcon_pkg'
[0.257s] Level 1:colcon.colcon_core.package_identification:_identify(launch) by extensions ['colcon_meta']
[0.257s] Level 1:colcon.colcon_core.package_identification:_identify(launch) by extension 'colcon_meta'
[0.257s] Level 1:colcon.colcon_core.package_identification:_identify(launch) by extensions ['ros']
[0.257s] Level 1:colcon.colcon_core.package_identification:_identify(launch) by extension 'ros'
[0.257s] Level 1:colcon.colcon_core.package_identification:_identify(launch) by extensions ['cmake', 'python']
[0.257s] Level 1:colcon.colcon_core.package_identification:_identify(launch) by extension 'cmake'
[0.257s] Level 1:colcon.colcon_core.package_identification:_identify(launch) by extension 'python'
[0.257s] Level 1:colcon.colcon_core.package_identification:_identify(launch) by extensions ['python_setup_py']
[0.257s] Level 1:colcon.colcon_core.package_identification:_identify(launch) by extension 'python_setup_py'
[0.258s] Level 1:colcon.colcon_core.package_identification:_identify(log) by extensions ['ignore', 'ignore_ament_install']
[0.258s] Level 1:colcon.colcon_core.package_identification:_identify(log) by extension 'ignore'
[0.258s] Level 1:colcon.colcon_core.package_identification:_identify(log) ignored
[0.258s] Level 1:colcon.colcon_core.package_identification:_identify(src) by extensions ['ignore', 'ignore_ament_install']
[0.258s] Level 1:colcon.colcon_core.package_identification:_identify(src) by extension 'ignore'
[0.258s] Level 1:colcon.colcon_core.package_identification:_identify(src) by extension 'ignore_ament_install'
[0.258s] Level 1:colcon.colcon_core.package_identification:_identify(src) by extensions ['colcon_pkg']
[0.258s] Level 1:colcon.colcon_core.package_identification:_identify(src) by extension 'colcon_pkg'
[0.258s] Level 1:colcon.colcon_core.package_identification:_identify(src) by extensions ['colcon_meta']
[0.258s] Level 1:colcon.colcon_core.package_identification:_identify(src) by extension 'colcon_meta'
[0.258s] Level 1:colcon.colcon_core.package_identification:_identify(src) by extensions ['ros']
[0.258s] Level 1:colcon.colcon_core.package_identification:_identify(src) by extension 'ros'
[0.258s] Level 1:colcon.colcon_core.package_identification:_identify(src) by extensions ['cmake', 'python']
[0.258s] Level 1:colcon.colcon_core.package_identification:_identify(src) by extension 'cmake'
[0.258s] Level 1:colcon.colcon_core.package_identification:_identify(src) by extension 'python'
[0.258s] Level 1:colcon.colcon_core.package_identification:_identify(src) by extensions ['python_setup_py']
[0.258s] Level 1:colcon.colcon_core.package_identification:_identify(src) by extension 'python_setup_py'
[0.258s] Level 1:colcon.colcon_core.package_identification:_identify(src/kinect_ros2) by extensions ['ignore', 'ignore_ament_install']
[0.259s] Level 1:colcon.colcon_core.package_identification:_identify(src/kinect_ros2) by extension 'ignore'
[0.259s] Level 1:colcon.colcon_core.package_identification:_identify(src/kinect_ros2) by extension 'ignore_ament_install'
[0.259s] Level 1:colcon.colcon_core.package_identification:_identify(src/kinect_ros2) by extensions ['colcon_pkg']
[0.259s] Level 1:colcon.colcon_core.package_identification:_identify(src/kinect_ros2) by extension 'colcon_pkg'
[0.259s] Level 1:colcon.colcon_core.package_identification:_identify(src/kinect_ros2) by extensions ['colcon_meta']
[0.259s] Level 1:colcon.colcon_core.package_identification:_identify(src/kinect_ros2) by extension 'colcon_meta'
[0.259s] Level 1:colcon.colcon_core.package_identification:_identify(src/kinect_ros2) by extensions ['ros']
[0.259s] Level 1:colcon.colcon_core.package_identification:_identify(src/kinect_ros2) by extension 'ros'
[0.262s] DEBUG:colcon.colcon_core.package_identification:Package 'src/kinect_ros2' with type 'ros.ament_cmake' and name 'kinect_ros2'
[0.262s] Level 1:colcon.colcon_core.package_identification:_identify(src/rafeeq_bringup) by extensions ['ignore', 'ignore_ament_install']
[0.262s] Level 1:colcon.colcon_core.package_identification:_identify(src/rafeeq_bringup) by extension 'ignore'
[0.262s] Level 1:colcon.colcon_core.package_identification:_identify(src/rafeeq_bringup) by extension 'ignore_ament_install'
[0.262s] Level 1:colcon.colcon_core.package_identification:_identify(src/rafeeq_bringup) by extensions ['colcon_pkg']
[0.262s] Level 1:colcon.colcon_core.package_identification:_identify(src/rafeeq_bringup) by extension 'colcon_pkg'
[0.262s] Level 1:colcon.colcon_core.package_identification:_identify(src/rafeeq_bringup) by extensions ['colcon_meta']
[0.262s] Level 1:colcon.colcon_core.package_identification:_identify(src/rafeeq_bringup) by extension 'colcon_meta'
[0.262s] Level 1:colcon.colcon_core.package_identification:_identify(src/rafeeq_bringup) by extensions ['ros']
[0.262s] Level 1:colcon.colcon_core.package_identification:_identify(src/rafeeq_bringup) by extension 'ros'
[0.263s] DEBUG:colcon.colcon_core.package_identification:Package 'src/rafeeq_bringup' with type 'ros.ament_cmake' and name 'rafeeq_bringup'
[0.263s] Level 1:colcon.colcon_core.package_identification:_identify(src/rafeeq_description) by extensions ['ignore', 'ignore_ament_install']
[0.263s] Level 1:colcon.colcon_core.package_identification:_identify(src/rafeeq_description) by extension 'ignore'
[0.263s] Level 1:colcon.colcon_core.package_identification:_identify(src/rafeeq_description) by extension 'ignore_ament_install'
[0.263s] Level 1:colcon.colcon_core.package_identification:_identify(src/rafeeq_description) by extensions ['colcon_pkg']
[0.263s] Level 1:colcon.colcon_core.package_identification:_identify(src/rafeeq_description) by extension 'colcon_pkg'
[0.263s] Level 1:colcon.colcon_core.package_identification:_identify(src/rafeeq_description) by extensions ['colcon_meta']
[0.263s] Level 1:colcon.colcon_core.package_identification:_identify(src/rafeeq_description) by extension 'colcon_meta'
[0.263s] Level 1:colcon.colcon_core.package_identification:_identify(src/rafeeq_description) by extensions ['ros']
[0.263s] Level 1:colcon.colcon_core.package_identification:_identify(src/rafeeq_description) by extension 'ros'
[0.264s] DEBUG:colcon.colcon_core.package_identification:Package 'src/rafeeq_description' with type 'ros.ament_python' and name 'rafeeq_description'
[0.264s] Level 1:colcon.colcon_core.package_identification:_identify(src/rafeeq_localization) by extensions ['ignore', 'ignore_ament_install']
[0.264s] Level 1:colcon.colcon_core.package_identification:_identify(src/rafeeq_localization) by extension 'ignore'
[0.264s] Level 1:colcon.colcon_core.package_identification:_identify(src/rafeeq_localization) by extension 'ignore_ament_install'
[0.264s] Level 1:colcon.colcon_core.package_identification:_identify(src/rafeeq_localization) by extensions ['colcon_pkg']
[0.264s] Level 1:colcon.colcon_core.package_identification:_identify(src/rafeeq_localization) by extension 'colcon_pkg'
[0.264s] Level 1:colcon.colcon_core.package_identification:_identify(src/rafeeq_localization) by extensions ['colcon_meta']
[0.264s] Level 1:colcon.colcon_core.package_identification:_identify(src/rafeeq_localization) by extension 'colcon_meta'
[0.264s] Level 1:colcon.colcon_core.package_identification:_identify(src/rafeeq_localization) by extensions ['ros']
[0.264s] Level 1:colcon.colcon_core.package_identification:_identify(src/rafeeq_localization) by extension 'ros'
[0.266s] DEBUG:colcon.colcon_core.package_identification:Package 'src/rafeeq_localization' with type 'ros.ament_cmake' and name 'rafeeq_localization'
[0.266s] Level 1:colcon.colcon_core.package_identification:_identify(src/rafeeq_navigation) by extensions ['ignore', 'ignore_ament_install']
[0.266s] Level 1:colcon.colcon_core.package_identification:_identify(src/rafeeq_navigation) by extension 'ignore'
[0.266s] Level 1:colcon.colcon_core.package_identification:_identify(src/rafeeq_navigation) by extension 'ignore_ament_install'
[0.266s] Level 1:colcon.colcon_core.package_identification:_identify(src/rafeeq_navigation) by extensions ['colcon_pkg']
[0.266s] Level 1:colcon.colcon_core.package_identification:_identify(src/rafeeq_navigation) by extension 'colcon_pkg'
[0.266s] Level 1:colcon.colcon_core.package_identification:_identify(src/rafeeq_navigation) by extensions ['colcon_meta']
[0.266s] Level 1:colcon.colcon_core.package_identification:_identify(src/rafeeq_navigation) by extension 'colcon_meta'
[0.266s] Level 1:colcon.colcon_core.package_identification:_identify(src/rafeeq_navigation) by extensions ['ros']
[0.266s] Level 1:colcon.colcon_core.package_identification:_identify(src/rafeeq_navigation) by extension 'ros'
[0.267s] DEBUG:colcon.colcon_core.package_identification:Package 'src/rafeeq_navigation' with type 'ros.ament_cmake' and name 'rafeeq_navigation'
[0.267s] Level 1:colcon.colcon_core.package_identification:_identify(src/rafeeq_slam) by extensions ['ignore', 'ignore_ament_install']
[0.267s] Level 1:colcon.colcon_core.package_identification:_identify(src/rafeeq_slam) by extension 'ignore'
[0.267s] Level 1:colcon.colcon_core.package_identification:_identify(src/rafeeq_slam) by extension 'ignore_ament_install'
[0.267s] Level 1:colcon.colcon_core.package_identification:_identify(src/rafeeq_slam) by extensions ['colcon_pkg']
[0.267s] Level 1:colcon.colcon_core.package_identification:_identify(src/rafeeq_slam) by extension 'colcon_pkg'
[0.267s] Level 1:colcon.colcon_core.package_identification:_identify(src/rafeeq_slam) by extensions ['colcon_meta']
[0.267s] Level 1:colcon.colcon_core.package_identification:_identify(src/rafeeq_slam) by extension 'colcon_meta'
[0.267s] Level 1:colcon.colcon_core.package_identification:_identify(src/rafeeq_slam) by extensions ['ros']
[0.267s] Level 1:colcon.colcon_core.package_identification:_identify(src/rafeeq_slam) by extension 'ros'
[0.267s] DEBUG:colcon.colcon_core.package_identification:Package 'src/rafeeq_slam' with type 'ros.ament_cmake' and name 'rafeeq_slam'
[0.267s] Level 1:colcon.colcon_core.package_identification:_identify(src/rafeeq_speech) by extensions ['ignore', 'ignore_ament_install']
[0.268s] Level 1:colcon.colcon_core.package_identification:_identify(src/rafeeq_speech) by extension 'ignore'
[0.268s] Level 1:colcon.colcon_core.package_identification:_identify(src/rafeeq_speech) by extension 'ignore_ament_install'
[0.268s] Level 1:colcon.colcon_core.package_identification:_identify(src/rafeeq_speech) by extensions ['colcon_pkg']
[0.268s] Level 1:colcon.colcon_core.package_identification:_identify(src/rafeeq_speech) by extension 'colcon_pkg'
[0.268s] Level 1:colcon.colcon_core.package_identification:_identify(src/rafeeq_speech) by extensions ['colcon_meta']
[0.268s] Level 1:colcon.colcon_core.package_identification:_identify(src/rafeeq_speech) by extension 'colcon_meta'
[0.268s] Level 1:colcon.colcon_core.package_identification:_identify(src/rafeeq_speech) by extensions ['ros']
[0.268s] Level 1:colcon.colcon_core.package_identification:_identify(src/rafeeq_speech) by extension 'ros'
[0.268s] DEBUG:colcon.colcon_core.package_identification:Package 'src/rafeeq_speech' with type 'ros.ament_cmake' and name 'rafeeq_speech'
[0.268s] Level 1:colcon.colcon_core.package_identification:_identify(src/serial_node) by extensions ['ignore', 'ignore_ament_install']
[0.268s] Level 1:colcon.colcon_core.package_identification:_identify(src/serial_node) by extension 'ignore'
[0.269s] Level 1:colcon.colcon_core.package_identification:_identify(src/serial_node) by extension 'ignore_ament_install'
[0.269s] Level 1:colcon.colcon_core.package_identification:_identify(src/serial_node) by extensions ['colcon_pkg']
[0.269s] Level 1:colcon.colcon_core.package_identification:_identify(src/serial_node) by extension 'colcon_pkg'
[0.269s] Level 1:colcon.colcon_core.package_identification:_identify(src/serial_node) by extensions ['colcon_meta']
[0.269s] Level 1:colcon.colcon_core.package_identification:_identify(src/serial_node) by extension 'colcon_meta'
[0.269s] Level 1:colcon.colcon_core.package_identification:_identify(src/serial_node) by extensions ['ros']
[0.269s] Level 1:colcon.colcon_core.package_identification:_identify(src/serial_node) by extension 'ros'
[0.269s] DEBUG:colcon.colcon_core.package_identification:Package 'src/serial_node' with type 'ros.ament_python' and name 'serial_node'
[0.269s] Level 1:colcon.colcon_core.package_identification:_identify(src/sllidar_ros2) by extensions ['ignore', 'ignore_ament_install']
[0.269s] Level 1:colcon.colcon_core.package_identification:_identify(src/sllidar_ros2) by extension 'ignore'
[0.269s] Level 1:colcon.colcon_core.package_identification:_identify(src/sllidar_ros2) by extension 'ignore_ament_install'
[0.270s] Level 1:colcon.colcon_core.package_identification:_identify(src/sllidar_ros2) by extensions ['colcon_pkg']
[0.270s] Level 1:colcon.colcon_core.package_identification:_identify(src/sllidar_ros2) by extension 'colcon_pkg'
[0.270s] Level 1:colcon.colcon_core.package_identification:_identify(src/sllidar_ros2) by extensions ['colcon_meta']
[0.270s] Level 1:colcon.colcon_core.package_identification:_identify(src/sllidar_ros2) by extension 'colcon_meta'
[0.270s] Level 1:colcon.colcon_core.package_identification:_identify(src/sllidar_ros2) by extensions ['ros']
[0.270s] Level 1:colcon.colcon_core.package_identification:_identify(src/sllidar_ros2) by extension 'ros'
[0.270s] DEBUG:colcon.colcon_core.package_identification:Package 'src/sllidar_ros2' with type 'ros.ament_cmake' and name 'sllidar_ros2'
[0.270s] Level 1:colcon.colcon_core.package_identification:_identify(src/usb_cam) by extensions ['ignore', 'ignore_ament_install']
[0.270s] Level 1:colcon.colcon_core.package_identification:_identify(src/usb_cam) by extension 'ignore'
[0.270s] Level 1:colcon.colcon_core.package_identification:_identify(src/usb_cam) by extension 'ignore_ament_install'
[0.270s] Level 1:colcon.colcon_core.package_identification:_identify(src/usb_cam) by extensions ['colcon_pkg']
[0.270s] Level 1:colcon.colcon_core.package_identification:_identify(src/usb_cam) by extension 'colcon_pkg'
[0.271s] Level 1:colcon.colcon_core.package_identification:_identify(src/usb_cam) by extensions ['colcon_meta']
[0.271s] Level 1:colcon.colcon_core.package_identification:_identify(src/usb_cam) by extension 'colcon_meta'
[0.271s] Level 1:colcon.colcon_core.package_identification:_identify(src/usb_cam) by extensions ['ros']
[0.271s] Level 1:colcon.colcon_core.package_identification:_identify(src/usb_cam) by extension 'ros'
[0.272s] DEBUG:colcon.colcon_core.package_identification:Package 'src/usb_cam' with type 'ros.ament_cmake' and name 'usb_cam'
[0.272s] Level 1:colcon.colcon_core.package_discovery:discover_packages(recursive) using defaults
[0.272s] Level 1:colcon.colcon_core.package_discovery:discover_packages(ignore) discover
[0.272s] Level 1:colcon.colcon_core.package_discovery:discover_packages(ignore) using defaults
[0.272s] Level 1:colcon.colcon_core.package_discovery:discover_packages(path) discover
[0.272s] Level 1:colcon.colcon_core.package_discovery:discover_packages(path) using defaults
[0.299s] Level 1:colcon.colcon_core.package_discovery:discover_packages(prefix_path) check parameters
[0.299s] Level 1:colcon.colcon_core.package_discovery:discover_packages(prefix_path) discover
[0.304s] DEBUG:colcon.colcon_installed_package_information.package_discovery:Found 13 installed packages in /home/nour-mahgoub/Graduation_Rafeeq/install
[0.306s] DEBUG:colcon.colcon_installed_package_information.package_discovery:Found 460 installed packages in /opt/ros/jazzy
[0.308s] Level 1:colcon.colcon_core.package_discovery:discover_packages(prefix_path) using defaults
[0.376s] Level 5:colcon.colcon_core.verb:set package 'kinect_ros2' build argument 'cmake_args' from command line to 'None'
[0.376s] Level 5:colcon.colcon_core.verb:set package 'kinect_ros2' build argument 'cmake_target' from command line to 'None'
[0.376s] Level 5:colcon.colcon_core.verb:set package 'kinect_ros2' build argument 'cmake_target_skip_unavailable' from command line to 'False'
[0.376s] Level 5:colcon.colcon_core.verb:set package 'kinect_ros2' build argument 'cmake_clean_cache' from command line to 'False'
[0.376s] Level 5:colcon.colcon_core.verb:set package 'kinect_ros2' build argument 'cmake_clean_first' from command line to 'False'
[0.376s] Level 5:colcon.colcon_core.verb:set package 'kinect_ros2' build argument 'cmake_force_configure' from command line to 'False'
[0.376s] Level 5:colcon.colcon_core.verb:set package 'kinect_ros2' build argument 'ament_cmake_args' from command line to 'None'
[0.376s] Level 5:colcon.colcon_core.verb:set package 'kinect_ros2' build argument 'catkin_cmake_args' from command line to 'None'
[0.376s] Level 5:colcon.colcon_core.verb:set package 'kinect_ros2' build argument 'catkin_skip_building_tests' from command line to 'False'
[0.376s] DEBUG:colcon.colcon_core.verb:Building package 'kinect_ros2' with the following arguments: {'ament_cmake_args': None, 'build_base': '/home/nour-mahgoub/Graduation_Rafeeq/build/kinect_ros2', 'catkin_cmake_args': None, 'catkin_skip_building_tests': False, 'cmake_args': None, 'cmake_clean_cache': False, 'cmake_clean_first': False, 'cmake_force_configure': False, 'cmake_target': None, 'cmake_target_skip_unavailable': False, 'install_base': '/home/nour-mahgoub/Graduation_Rafeeq/install/kinect_ros2', 'merge_install': False, 'path': '/home/nour-mahgoub/Graduation_Rafeeq/src/kinect_ros2', 'symlink_install': False, 'test_result_base': None}
[0.376s] Level 5:colcon.colcon_core.verb:set package 'rafeeq_bringup' build argument 'cmake_args' from command line to 'None'
[0.376s] Level 5:colcon.colcon_core.verb:set package 'rafeeq_bringup' build argument 'cmake_target' from command line to 'None'
[0.377s] Level 5:colcon.colcon_core.verb:set package 'rafeeq_bringup' build argument 'cmake_target_skip_unavailable' from command line to 'False'
[0.377s] Level 5:colcon.colcon_core.verb:set package 'rafeeq_bringup' build argument 'cmake_clean_cache' from command line to 'False'
[0.377s] Level 5:colcon.colcon_core.verb:set package 'rafeeq_bringup' build argument 'cmake_clean_first' from command line to 'False'
[0.377s] Level 5:colcon.colcon_core.verb:set package 'rafeeq_bringup' build argument 'cmake_force_configure' from command line to 'False'
[0.377s] Level 5:colcon.colcon_core.verb:set package 'rafeeq_bringup' build argument 'ament_cmake_args' from command line to 'None'
[0.377s] Level 5:colcon.colcon_core.verb:set package 'rafeeq_bringup' build argument 'catkin_cmake_args' from command line to 'None'
[0.377s] Level 5:colcon.colcon_core.verb:set package 'rafeeq_bringup' build argument 'catkin_skip_building_tests' from command line to 'False'
[0.377s] DEBUG:colcon.colcon_core.verb:Building package 'rafeeq_bringup' with the following arguments: {'ament_cmake_args': None, 'build_base': '/home/nour-mahgoub/Graduation_Rafeeq/build/rafeeq_bringup', 'catkin_cmake_args': None, 'catkin_skip_building_tests': False, 'cmake_args': None, 'cmake_clean_cache': False, 'cmake_clean_first': False, 'cmake_force_configure': False, 'cmake_target': None, 'cmake_target_skip_unavailable': False, 'install_base': '/home/nour-mahgoub/Graduation_Rafeeq/install/rafeeq_bringup', 'merge_install': False, 'path': '/home/nour-mahgoub/Graduation_Rafeeq/src/rafeeq_bringup', 'symlink_install': False, 'test_result_base': None}
[0.377s] Level 5:colcon.colcon_core.verb:set package 'rafeeq_description' build argument 'cmake_args' from command line to 'None'
[0.377s] Level 5:colcon.colcon_core.verb:set package 'rafeeq_description' build argument 'cmake_target' from command line to 'None'
[0.377s] Level 5:colcon.colcon_core.verb:set package 'rafeeq_description' build argument 'cmake_target_skip_unavailable' from command line to 'False'
[0.377s] Level 5:colcon.colcon_core.verb:set package 'rafeeq_description' build argument 'cmake_clean_cache' from command line to 'False'
[0.377s] Level 5:colcon.colcon_core.verb:set package 'rafeeq_description' build argument 'cmake_clean_first' from command line to 'False'
[0.377s] Level 5:colcon.colcon_core.verb:set package 'rafeeq_description' build argument 'cmake_force_configure' from command line to 'False'
[0.377s] Level 5:colcon.colcon_core.verb:set package 'rafeeq_description' build argument 'ament_cmake_args' from command line to 'None'
[0.377s] Level 5:colcon.colcon_core.verb:set package 'rafeeq_description' build argument 'catkin_cmake_args' from command line to 'None'
[0.377s] Level 5:colcon.colcon_core.verb:set package 'rafeeq_description' build argument 'catkin_skip_building_tests' from command line to 'False'
[0.377s] DEBUG:colcon.colcon_core.verb:Building package 'rafeeq_description' with the following arguments: {'ament_cmake_args': None, 'build_base': '/home/nour-mahgoub/Graduation_Rafeeq/build/rafeeq_description', 'catkin_cmake_args': None, 'catkin_skip_building_tests': False, 'cmake_args': None, 'cmake_clean_cache': False, 'cmake_clean_first': False, 'cmake_force_configure': False, 'cmake_target': None, 'cmake_target_skip_unavailable': False, 'install_base': '/home/nour-mahgoub/Graduation_Rafeeq/install/rafeeq_description', 'merge_install': False, 'path': '/home/nour-mahgoub/Graduation_Rafeeq/src/rafeeq_description', 'symlink_install': False, 'test_result_base': None}
[0.377s] Level 5:colcon.colcon_core.verb:set package 'rafeeq_localization' build argument 'cmake_args' from command line to 'None'
[0.378s] Level 5:colcon.colcon_core.verb:set package 'rafeeq_localization' build argument 'cmake_target' from command line to 'None'
[0.378s] Level 5:colcon.colcon_core.verb:set package 'rafeeq_localization' build argument 'cmake_target_skip_unavailable' from command line to 'False'
[0.378s] Level 5:colcon.colcon_core.verb:set package 'rafeeq_localization' build argument 'cmake_clean_cache' from command line to 'False'
[0.378s] Level 5:colcon.colcon_core.verb:set package 'rafeeq_localization' build argument 'cmake_clean_first' from command line to 'False'
[0.378s] Level 5:colcon.colcon_core.verb:set package 'rafeeq_localization' build argument 'cmake_force_configure' from command line to 'False'
[0.378s] Level 5:colcon.colcon_core.verb:set package 'rafeeq_localization' build argument 'ament_cmake_args' from command line to 'None'
[0.378s] Level 5:colcon.colcon_core.verb:set package 'rafeeq_localization' build argument 'catkin_cmake_args' from command line to 'None'
[0.378s] Level 5:colcon.colcon_core.verb:set package 'rafeeq_localization' build argument 'catkin_skip_building_tests' from command line to 'False'
[0.378s] DEBUG:colcon.colcon_core.verb:Building package 'rafeeq_localization' with the following arguments: {'ament_cmake_args': None, 'build_base': '/home/nour-mahgoub/Graduation_Rafeeq/build/rafeeq_localization', 'catkin_cmake_args': None, 'catkin_skip_building_tests': False, 'cmake_args': None, 'cmake_clean_cache': False, 'cmake_clean_first': False, 'cmake_force_configure': False, 'cmake_target': None, 'cmake_target_skip_unavailable': False, 'install_base': '/home/nour-mahgoub/Graduation_Rafeeq/install/rafeeq_localization', 'merge_install': False, 'path': '/home/nour-mahgoub/Graduation_Rafeeq/src/rafeeq_localization', 'symlink_install': False, 'test_result_base': None}
[0.378s] Level 5:colcon.colcon_core.verb:set package 'rafeeq_navigation' build argument 'cmake_args' from command line to 'None'
[0.378s] Level 5:colcon.colcon_core.verb:set package 'rafeeq_navigation' build argument 'cmake_target' from command line to 'None'
[0.378s] Level 5:colcon.colcon_core.verb:set package 'rafeeq_navigation' build argument 'cmake_target_skip_unavailable' from command line to 'False'
[0.378s] Level 5:colcon.colcon_core.verb:set package 'rafeeq_navigation' build argument 'cmake_clean_cache' from command line to 'False'
[0.378s] Level 5:colcon.colcon_core.verb:set package 'rafeeq_navigation' build argument 'cmake_clean_first' from command line to 'False'
[0.378s] Level 5:colcon.colcon_core.verb:set package 'rafeeq_navigation' build argument 'cmake_force_configure' from command line to 'False'
[0.378s] Level 5:colcon.colcon_core.verb:set package 'rafeeq_navigation' build argument 'ament_cmake_args' from command line to 'None'
[0.378s] Level 5:colcon.colcon_core.verb:set package 'rafeeq_navigation' build argument 'catkin_cmake_args' from command line to 'None'
[0.378s] Level 5:colcon.colcon_core.verb:set package 'rafeeq_navigation' build argument 'catkin_skip_building_tests' from command line to 'False'
[0.378s] DEBUG:colcon.colcon_core.verb:Building package 'rafeeq_navigation' with the following arguments: {'ament_cmake_args': None, 'build_base': '/home/nour-mahgoub/Graduation_Rafeeq/build/rafeeq_navigation', 'catkin_cmake_args': None, 'catkin_skip_building_tests': False, 'cmake_args': None, 'cmake_clean_cache': False, 'cmake_clean_first': False, 'cmake_force_configure': False, 'cmake_target': None, 'cmake_target_skip_unavailable': False, 'install_base': '/home/nour-mahgoub/Graduation_Rafeeq/install/rafeeq_navigation', 'merge_install': False, 'path': '/home/nour-mahgoub/Graduation_Rafeeq/src/rafeeq_navigation', 'symlink_install': False, 'test_result_base': None}
[0.378s] Level 5:colcon.colcon_core.verb:set package 'rafeeq_slam' build argument 'cmake_args' from command line to 'None'
[0.379s] Level 5:colcon.colcon_core.verb:set package 'rafeeq_slam' build argument 'cmake_target' from command line to 'None'
[0.379s] Level 5:colcon.colcon_core.verb:set package 'rafeeq_slam' build argument 'cmake_target_skip_unavailable' from command line to 'False'
[0.379s] Level 5:colcon.colcon_core.verb:set package 'rafeeq_slam' build argument 'cmake_clean_cache' from command line to 'False'
[0.379s] Level 5:colcon.colcon_core.verb:set package 'rafeeq_slam' build argument 'cmake_clean_first' from command line to 'False'
[0.379s] Level 5:colcon.colcon_core.verb:set package 'rafeeq_slam' build argument 'cmake_force_configure' from command line to 'False'
[0.379s] Level 5:colcon.colcon_core.verb:set package 'rafeeq_slam' build argument 'ament_cmake_args' from command line to 'None'
[0.379s] Level 5:colcon.colcon_core.verb:set package 'rafeeq_slam' build argument 'catkin_cmake_args' from command line to 'None'
[0.379s] Level 5:colcon.colcon_core.verb:set package 'rafeeq_slam' build argument 'catkin_skip_building_tests' from command line to 'False'
[0.379s] DEBUG:colcon.colcon_core.verb:Building package 'rafeeq_slam' with the following arguments: {'ament_cmake_args': None, 'build_base': '/home/nour-mahgoub/Graduation_Rafeeq/build/rafeeq_slam', 'catkin_cmake_args': None, 'catkin_skip_building_tests': False, 'cmake_args': None, 'cmake_clean_cache': False, 'cmake_clean_first': False, 'cmake_force_configure': False, 'cmake_target': None, 'cmake_target_skip_unavailable': False, 'install_base': '/home/nour-mahgoub/Graduation_Rafeeq/install/rafeeq_slam', 'merge_install': False, 'path': '/home/nour-mahgoub/Graduation_Rafeeq/src/rafeeq_slam', 'symlink_install': False, 'test_result_base': None}
[0.379s] Level 5:colcon.colcon_core.verb:set package 'rafeeq_speech' build argument 'cmake_args' from command line to 'None'
[0.379s] Level 5:colcon.colcon_core.verb:set package 'rafeeq_speech' build argument 'cmake_target' from command line to 'None'
[0.379s] Level 5:colcon.colcon_core.verb:set package 'rafeeq_speech' build argument 'cmake_target_skip_unavailable' from command line to 'False'
[0.379s] Level 5:colcon.colcon_core.verb:set package 'rafeeq_speech' build argument 'cmake_clean_cache' from command line to 'False'
[0.379s] Level 5:colcon.colcon_core.verb:set package 'rafeeq_speech' build argument 'cmake_clean_first' from command line to 'False'
[0.379s] Level 5:colcon.colcon_core.verb:set package 'rafeeq_speech' build argument 'cmake_force_configure' from command line to 'False'
[0.379s] Level 5:colcon.colcon_core.verb:set package 'rafeeq_speech' build argument 'ament_cmake_args' from command line to 'None'
[0.379s] Level 5:colcon.colcon_core.verb:set package 'rafeeq_speech' build argument 'catkin_cmake_args' from command line to 'None'
[0.379s] Level 5:colcon.colcon_core.verb:set package 'rafeeq_speech' build argument 'catkin_skip_building_tests' from command line to 'False'
[0.379s] DEBUG:colcon.colcon_core.verb:Building package 'rafeeq_speech' with the following arguments: {'ament_cmake_args': None, 'build_base': '/home/nour-mahgoub/Graduation_Rafeeq/build/rafeeq_speech', 'catkin_cmake_args': None, 'catkin_skip_building_tests': False, 'cmake_args': None, 'cmake_clean_cache': False, 'cmake_clean_first': False, 'cmake_force_configure': False, 'cmake_target': None, 'cmake_target_skip_unavailable': False, 'install_base': '/home/nour-mahgoub/Graduation_Rafeeq/install/rafeeq_speech', 'merge_install': False, 'path': '/home/nour-mahgoub/Graduation_Rafeeq/src/rafeeq_speech', 'symlink_install': False, 'test_result_base': None}
[0.379s] Level 5:colcon.colcon_core.verb:set package 'serial_node' build argument 'cmake_args' from command line to 'None'
[0.379s] Level 5:colcon.colcon_core.verb:set package 'serial_node' build argument 'cmake_target' from command line to 'None'
[0.380s] Level 5:colcon.colcon_core.verb:set package 'serial_node' build argument 'cmake_target_skip_unavailable' from command line to 'False'
[0.380s] Level 5:colcon.colcon_core.verb:set package 'serial_node' build argument 'cmake_clean_cache' from command line to 'False'
[0.380s] Level 5:colcon.colcon_core.verb:set package 'serial_node' build argument 'cmake_clean_first' from command line to 'False'
[0.380s] Level 5:colcon.colcon_core.verb:set package 'serial_node' build argument 'cmake_force_configure' from command line to 'False'
[0.380s] Level 5:colcon.colcon_core.verb:set package 'serial_node' build argument 'ament_cmake_args' from command line to 'None'
[0.380s] Level 5:colcon.colcon_core.verb:set package 'serial_node' build argument 'catkin_cmake_args' from command line to 'None'
[0.380s] Level 5:colcon.colcon_core.verb:set package 'serial_node' build argument 'catkin_skip_building_tests' from command line to 'False'
[0.380s] DEBUG:colcon.colcon_core.verb:Building package 'serial_node' with the following arguments: {'ament_cmake_args': None, 'build_base': '/home/nour-mahgoub/Graduation_Rafeeq/build/serial_node', 'catkin_cmake_args': None, 'catkin_skip_building_tests': False, 'cmake_args': None, 'cmake_clean_cache': False, 'cmake_clean_first': False, 'cmake_force_configure': False, 'cmake_target': None, 'cmake_target_skip_unavailable': False, 'install_base': '/home/nour-mahgoub/Graduation_Rafeeq/install/serial_node', 'merge_install': False, 'path': '/home/nour-mahgoub/Graduation_Rafeeq/src/serial_node', 'symlink_install': False, 'test_result_base': None}
[0.380s] Level 5:colcon.colcon_core.verb:set package 'sllidar_ros2' build argument 'cmake_args' from command line to 'None'
[0.380s] Level 5:colcon.colcon_core.verb:set package 'sllidar_ros2' build argument 'cmake_target' from command line to 'None'
[0.380s] Level 5:colcon.colcon_core.verb:set package 'sllidar_ros2' build argument 'cmake_target_skip_unavailable' from command line to 'False'
[0.380s] Level 5:colcon.colcon_core.verb:set package 'sllidar_ros2' build argument 'cmake_clean_cache' from command line to 'False'
[0.380s] Level 5:colcon.colcon_core.verb:set package 'sllidar_ros2' build argument 'cmake_clean_first' from command line to 'False'
[0.380s] Level 5:colcon.colcon_core.verb:set package 'sllidar_ros2' build argument 'cmake_force_configure' from command line to 'False'
[0.380s] Level 5:colcon.colcon_core.verb:set package 'sllidar_ros2' build argument 'ament_cmake_args' from command line to 'None'
[0.380s] Level 5:colcon.colcon_core.verb:set package 'sllidar_ros2' build argument 'catkin_cmake_args' from command line to 'None'
[0.380s] Level 5:colcon.colcon_core.verb:set package 'sllidar_ros2' build argument 'catkin_skip_building_tests' from command line to 'False'
[0.380s] DEBUG:colcon.colcon_core.verb:Building package 'sllidar_ros2' with the following arguments: {'ament_cmake_args': None, 'build_base': '/home/nour-mahgoub/Graduation_Rafeeq/build/sllidar_ros2', 'catkin_cmake_args': None, 'catkin_skip_building_tests': False, 'cmake_args': None, 'cmake_clean_cache': False, 'cmake_clean_first': False, 'cmake_force_configure': False, 'cmake_target': None, 'cmake_target_skip_unavailable': False, 'install_base': '/home/nour-mahgoub/Graduation_Rafeeq/install/sllidar_ros2', 'merge_install': False, 'path': '/home/nour-mahgoub/Graduation_Rafeeq/src/sllidar_ros2', 'symlink_install': False, 'test_result_base': None}
[0.380s] Level 5:colcon.colcon_core.verb:set package 'usb_cam' build argument 'cmake_args' from command line to 'None'
[0.380s] Level 5:colcon.colcon_core.verb:set package 'usb_cam' build argument 'cmake_target' from command line to 'None'
[0.380s] Level 5:colcon.colcon_core.verb:set package 'usb_cam' build argument 'cmake_target_skip_unavailable' from command line to 'False'
[0.381s] Level 5:colcon.colcon_core.verb:set package 'usb_cam' build argument 'cmake_clean_cache' from command line to 'False'
[0.381s] Level 5:colcon.colcon_core.verb:set package 'usb_cam' build argument 'cmake_clean_first' from command line to 'False'
[0.381s] Level 5:colcon.colcon_core.verb:set package 'usb_cam' build argument 'cmake_force_configure' from command line to 'False'
[0.381s] Level 5:colcon.colcon_core.verb:set package 'usb_cam' build argument 'ament_cmake_args' from command line to 'None'
[0.381s] Level 5:colcon.colcon_core.verb:set package 'usb_cam' build argument 'catkin_cmake_args' from command line to 'None'
[0.381s] Level 5:colcon.colcon_core.verb:set package 'usb_cam' build argument 'catkin_skip_building_tests' from command line to 'False'
[0.381s] DEBUG:colcon.colcon_core.verb:Building package 'usb_cam' with the following arguments: {'ament_cmake_args': None, 'build_base': '/home/nour-mahgoub/Graduation_Rafeeq/build/usb_cam', 'catkin_cmake_args': None, 'catkin_skip_building_tests': False, 'cmake_args': None, 'cmake_clean_cache': False, 'cmake_clean_first': False, 'cmake_force_configure': False, 'cmake_target': None, 'cmake_target_skip_unavailable': False, 'install_base': '/home/nour-mahgoub/Graduation_Rafeeq/install/usb_cam', 'merge_install': False, 'path': '/home/nour-mahgoub/Graduation_Rafeeq/src/usb_cam', 'symlink_install': False, 'test_result_base': None}
[0.381s] INFO:colcon.colcon_core.executor:Executing jobs using 'parallel' executor
[0.382s] DEBUG:colcon.colcon_parallel_executor.executor.parallel:run_until_complete
[0.382s] INFO:colcon.colcon_ros.task.ament_cmake.build:Building ROS package in '/home/nour-mahgoub/Graduation_Rafeeq/src/kinect_ros2' with build type 'ament_cmake'
[0.382s] INFO:colcon.colcon_cmake.task.cmake.build:Building CMake package in '/home/nour-mahgoub/Graduation_Rafeeq/src/kinect_ros2'
[0.387s] INFO:colcon.colcon_core.plugin_system:Skipping extension 'colcon_core.shell.bat': Not used on non-Windows systems
[0.388s] INFO:colcon.colcon_core.shell:Skip shell extension 'powershell' for command environment: Not usable outside of PowerShell
[0.388s] DEBUG:colcon.colcon_core.shell:Skip shell extension 'dsv' for command environment
[0.393s] INFO:colcon.colcon_ros.task.ament_cmake.build:Building ROS package in '/home/nour-mahgoub/Graduation_Rafeeq/src/rafeeq_bringup' with build type 'ament_cmake'
[0.393s] INFO:colcon.colcon_cmake.task.cmake.build:Building CMake package in '/home/nour-mahgoub/Graduation_Rafeeq/src/rafeeq_bringup'
[0.393s] INFO:colcon.colcon_core.shell:Skip shell extension 'powershell' for command environment: Not usable outside of PowerShell
[0.393s] DEBUG:colcon.colcon_core.shell:Skip shell extension 'dsv' for command environment
[0.398s] INFO:colcon.colcon_ros.task.ament_python.build:Building ROS package in '/home/nour-mahgoub/Graduation_Rafeeq/src/rafeeq_description' with build type 'ament_python'
[0.398s] Level 1:colcon.colcon_core.shell:create_environment_hook('rafeeq_description', 'ament_prefix_path')
[0.398s] INFO:colcon.colcon_core.shell:Creating environment hook '/home/nour-mahgoub/Graduation_Rafeeq/install/rafeeq_description/share/rafeeq_description/hook/ament_prefix_path.ps1'
[0.398s] INFO:colcon.colcon_core.shell:Creating environment descriptor '/home/nour-mahgoub/Graduation_Rafeeq/install/rafeeq_description/share/rafeeq_description/hook/ament_prefix_path.dsv'
[0.399s] INFO:colcon.colcon_core.shell:Creating environment hook '/home/nour-mahgoub/Graduation_Rafeeq/install/rafeeq_description/share/rafeeq_description/hook/ament_prefix_path.sh'
[0.400s] INFO:colcon.colcon_core.shell:Skip shell extension 'powershell' for command environment: Not usable outside of PowerShell
[0.400s] DEBUG:colcon.colcon_core.shell:Skip shell extension 'dsv' for command environment
[0.404s] INFO:colcon.colcon_ros.task.ament_cmake.build:Building ROS package in '/home/nour-mahgoub/Graduation_Rafeeq/src/rafeeq_localization' with build type 'ament_cmake'
[0.404s] INFO:colcon.colcon_cmake.task.cmake.build:Building CMake package in '/home/nour-mahgoub/Graduation_Rafeeq/src/rafeeq_localization'
[0.405s] INFO:colcon.colcon_core.shell:Skip shell extension 'powershell' for command environment: Not usable outside of PowerShell
[0.405s] DEBUG:colcon.colcon_core.shell:Skip shell extension 'dsv' for command environment
[0.409s] INFO:colcon.colcon_ros.task.ament_cmake.build:Building ROS package in '/home/nour-mahgoub/Graduation_Rafeeq/src/rafeeq_navigation' with build type 'ament_cmake'
[0.410s] INFO:colcon.colcon_cmake.task.cmake.build:Building CMake package in '/home/nour-mahgoub/Graduation_Rafeeq/src/rafeeq_navigation'
[0.410s] INFO:colcon.colcon_core.shell:Skip shell extension 'powershell' for command environment: Not usable outside of PowerShell
[0.410s] DEBUG:colcon.colcon_core.shell:Skip shell extension 'dsv' for command environment
[0.415s] INFO:colcon.colcon_ros.task.ament_cmake.build:Building ROS package in '/home/nour-mahgoub/Graduation_Rafeeq/src/rafeeq_slam' with build type 'ament_cmake'
[0.415s] INFO:colcon.colcon_cmake.task.cmake.build:Building CMake package in '/home/nour-mahgoub/Graduation_Rafeeq/src/rafeeq_slam'
[0.415s] INFO:colcon.colcon_core.shell:Skip shell extension 'powershell' for command environment: Not usable outside of PowerShell
[0.416s] DEBUG:colcon.colcon_core.shell:Skip shell extension 'dsv' for command environment
[0.421s] INFO:colcon.colcon_ros.task.ament_cmake.build:Building ROS package in '/home/nour-mahgoub/Graduation_Rafeeq/src/rafeeq_speech' with build type 'ament_cmake'
[0.421s] INFO:colcon.colcon_cmake.task.cmake.build:Building CMake package in '/home/nour-mahgoub/Graduation_Rafeeq/src/rafeeq_speech'
[0.421s] INFO:colcon.colcon_core.shell:Skip shell extension 'powershell' for command environment: Not usable outside of PowerShell
[0.421s] DEBUG:colcon.colcon_core.shell:Skip shell extension 'dsv' for command environment
[0.426s] INFO:colcon.colcon_ros.task.ament_python.build:Building ROS package in '/home/nour-mahgoub/Graduation_Rafeeq/src/serial_node' with build type 'ament_python'
[0.426s] Level 1:colcon.colcon_core.shell:create_environment_hook('serial_node', 'ament_prefix_path')
[0.427s] INFO:colcon.colcon_core.shell:Creating environment hook '/home/nour-mahgoub/Graduation_Rafeeq/install/serial_node/share/serial_node/hook/ament_prefix_path.ps1'
[0.427s] INFO:colcon.colcon_core.shell:Creating environment descriptor '/home/nour-mahgoub/Graduation_Rafeeq/install/serial_node/share/serial_node/hook/ament_prefix_path.dsv'
[0.428s] INFO:colcon.colcon_core.shell:Creating environment hook '/home/nour-mahgoub/Graduation_Rafeeq/install/serial_node/share/serial_node/hook/ament_prefix_path.sh'
[0.428s] INFO:colcon.colcon_core.shell:Skip shell extension 'powershell' for command environment: Not usable outside of PowerShell
[0.428s] DEBUG:colcon.colcon_core.shell:Skip shell extension 'dsv' for command environment
[0.433s] INFO:colcon.colcon_ros.task.ament_cmake.build:Building ROS package in '/home/nour-mahgoub/Graduation_Rafeeq/src/sllidar_ros2' with build type 'ament_cmake'
[0.433s] INFO:colcon.colcon_cmake.task.cmake.build:Building CMake package in '/home/nour-mahgoub/Graduation_Rafeeq/src/sllidar_ros2'
[0.434s] INFO:colcon.colcon_core.shell:Skip shell extension 'powershell' for command environment: Not usable outside of PowerShell
[0.434s] DEBUG:colcon.colcon_core.shell:Skip shell extension 'dsv' for command environment
[0.439s] INFO:colcon.colcon_ros.task.ament_cmake.build:Building ROS package in '/home/nour-mahgoub/Graduation_Rafeeq/src/usb_cam' with build type 'ament_cmake'
[0.439s] INFO:colcon.colcon_cmake.task.cmake.build:Building CMake package in '/home/nour-mahgoub/Graduation_Rafeeq/src/usb_cam'
[0.439s] INFO:colcon.colcon_core.shell:Skip shell extension 'powershell' for command environment: Not usable outside of PowerShell
[0.439s] DEBUG:colcon.colcon_core.shell:Skip shell extension 'dsv' for command environment
[0.450s] DEBUG:colcon.colcon_core.event_handler.log_command:Invoking command in '/home/nour-mahgoub/Graduation_Rafeeq/build/kinect_ros2': CMAKE_PREFIX_PATH=${CMAKE_PREFIX_PATH}:/home/nour-mahgoub/Graduation_Rafeeq/install/view_robot_pkg:/home/nour-mahgoub/Graduation_Rafeeq/install/serial_node:/home/nour-mahgoub/Graduation_Rafeeq/install/rafeeq_description:/opt/ros/jazzy DEBUGINFOD_URLS=https://debuginfod.ubuntu.com /usr/bin/cmake --build /home/nour-mahgoub/Graduation_Rafeeq/build/kinect_ros2 -- -j20 -l20
[0.452s] DEBUG:colcon.colcon_core.event_handler.log_command:Invoking command in '/home/nour-mahgoub/Graduation_Rafeeq/build/rafeeq_bringup': CMAKE_PREFIX_PATH=${CMAKE_PREFIX_PATH}:/home/nour-mahgoub/Graduation_Rafeeq/install/view_robot_pkg:/home/nour-mahgoub/Graduation_Rafeeq/install/serial_node:/home/nour-mahgoub/Graduation_Rafeeq/install/rafeeq_description:/opt/ros/jazzy DEBUGINFOD_URLS=https://debuginfod.ubuntu.com /usr/bin/cmake --build /home/nour-mahgoub/Graduation_Rafeeq/build/rafeeq_bringup -- -j20 -l20
[0.602s] INFO:colcon.colcon_core.task.python.build:Building Python package in '/home/nour-mahgoub/Graduation_Rafeeq/src/rafeeq_description'
[0.602s] INFO:colcon.colcon_core.shell:Skip shell extension 'powershell' for command environment: Not usable outside of PowerShell
[0.602s] DEBUG:colcon.colcon_core.shell:Skip shell extension 'dsv' for command environment
[0.610s] DEBUG:colcon.colcon_core.event_handler.log_command:Invoking command in '/home/nour-mahgoub/Graduation_Rafeeq/build/rafeeq_localization': CMAKE_PREFIX_PATH=${CMAKE_PREFIX_PATH}:/home/nour-mahgoub/Graduation_Rafeeq/install/view_robot_pkg:/home/nour-mahgoub/Graduation_Rafeeq/install/serial_node:/home/nour-mahgoub/Graduation_Rafeeq/install/rafeeq_description:/opt/ros/jazzy DEBUGINFOD_URLS=https://debuginfod.ubuntu.com /usr/bin/cmake --build /home/nour-mahgoub/Graduation_Rafeeq/build/rafeeq_localization -- -j20 -l20
[0.612s] DEBUG:colcon.colcon_core.event_handler.log_command:Invoking command in '/home/nour-mahgoub/Graduation_Rafeeq/build/rafeeq_navigation': CMAKE_PREFIX_PATH=${CMAKE_PREFIX_PATH}:/home/nour-mahgoub/Graduation_Rafeeq/install/view_robot_pkg:/home/nour-mahgoub/Graduation_Rafeeq/install/serial_node:/home/nour-mahgoub/Graduation_Rafeeq/install/rafeeq_description:/opt/ros/jazzy DEBUGINFOD_URLS=https://debuginfod.ubuntu.com /usr/bin/cmake --build /home/nour-mahgoub/Graduation_Rafeeq/build/rafeeq_navigation -- -j20 -l20
[0.613s] DEBUG:colcon.colcon_core.event_handler.log_command:Invoking command in '/home/nour-mahgoub/Graduation_Rafeeq/build/rafeeq_slam': CMAKE_PREFIX_PATH=${CMAKE_PREFIX_PATH}:/home/nour-mahgoub/Graduation_Rafeeq/install/view_robot_pkg:/home/nour-mahgoub/Graduation_Rafeeq/install/serial_node:/home/nour-mahgoub/Graduation_Rafeeq/install/rafeeq_description:/opt/ros/jazzy DEBUGINFOD_URLS=https://debuginfod.ubuntu.com /usr/bin/cmake --build /home/nour-mahgoub/Graduation_Rafeeq/build/rafeeq_slam -- -j20 -l20
[0.615s] DEBUG:colcon.colcon_core.event_handler.log_command:Invoking command in '/home/nour-mahgoub/Graduation_Rafeeq/build/rafeeq_speech': CMAKE_PREFIX_PATH=${CMAKE_PREFIX_PATH}:/home/nour-mahgoub/Graduation_Rafeeq/install/view_robot_pkg:/home/nour-mahgoub/Graduation_Rafeeq/install/serial_node:/home/nour-mahgoub/Graduation_Rafeeq/install/rafeeq_description:/opt/ros/jazzy DEBUGINFOD_URLS=https://debuginfod.ubuntu.com /usr/bin/cmake --build /home/nour-mahgoub/Graduation_Rafeeq/build/rafeeq_speech -- -j20 -l20
[0.845s] INFO:colcon.colcon_core.task.python.build:Building Python package in '/home/nour-mahgoub/Graduation_Rafeeq/src/serial_node'
[0.845s] INFO:colcon.colcon_core.shell:Skip shell extension 'powershell' for command environment: Not usable outside of PowerShell
[0.846s] DEBUG:colcon.colcon_core.shell:Skip shell extension 'dsv' for command environment
[0.853s] DEBUG:colcon.colcon_core.event_handler.log_command:Invoking command in '/home/nour-mahgoub/Graduation_Rafeeq/build/sllidar_ros2': CMAKE_PREFIX_PATH=${CMAKE_PREFIX_PATH}:/home/nour-mahgoub/Graduation_Rafeeq/install/view_robot_pkg:/home/nour-mahgoub/Graduation_Rafeeq/install/serial_node:/home/nour-mahgoub/Graduation_Rafeeq/install/rafeeq_description:/opt/ros/jazzy DEBUGINFOD_URLS=https://debuginfod.ubuntu.com /usr/bin/cmake --build /home/nour-mahgoub/Graduation_Rafeeq/build/sllidar_ros2 -- -j20 -l20
[0.858s] DEBUG:colcon.colcon_core.event_handler.log_command:Invoking command in '/home/nour-mahgoub/Graduation_Rafeeq/build/usb_cam': CMAKE_PREFIX_PATH=${CMAKE_PREFIX_PATH}:/home/nour-mahgoub/Graduation_Rafeeq/install/view_robot_pkg:/home/nour-mahgoub/Graduation_Rafeeq/install/serial_node:/home/nour-mahgoub/Graduation_Rafeeq/install/rafeeq_description:/opt/ros/jazzy DEBUGINFOD_URLS=https://debuginfod.ubuntu.com /usr/bin/cmake --build /home/nour-mahgoub/Graduation_Rafeeq/build/usb_cam -- -j20 -l20
[0.859s] DEBUG:colcon.colcon_core.event_handler.log_command:Invoked command in '/home/nour-mahgoub/Graduation_Rafeeq/build/kinect_ros2' returned '0': CMAKE_PREFIX_PATH=${CMAKE_PREFIX_PATH}:/home/nour-mahgoub/Graduation_Rafeeq/install/view_robot_pkg:/home/nour-mahgoub/Graduation_Rafeeq/install/serial_node:/home/nour-mahgoub/Graduation_Rafeeq/install/rafeeq_description:/opt/ros/jazzy DEBUGINFOD_URLS=https://debuginfod.ubuntu.com /usr/bin/cmake --build /home/nour-mahgoub/Graduation_Rafeeq/build/kinect_ros2 -- -j20 -l20
[0.863s] DEBUG:colcon.colcon_core.event_handler.log_command:Invoking command in '/home/nour-mahgoub/Graduation_Rafeeq/build/kinect_ros2': CMAKE_PREFIX_PATH=${CMAKE_PREFIX_PATH}:/home/nour-mahgoub/Graduation_Rafeeq/install/view_robot_pkg:/home/nour-mahgoub/Graduation_Rafeeq/install/serial_node:/home/nour-mahgoub/Graduation_Rafeeq/install/rafeeq_description:/opt/ros/jazzy DEBUGINFOD_URLS=https://debuginfod.ubuntu.com /usr/bin/cmake --install /home/nour-mahgoub/Graduation_Rafeeq/build/kinect_ros2
[0.864s] DEBUG:colcon.colcon_core.event_handler.log_command:Invoked command in '/home/nour-mahgoub/Graduation_Rafeeq/build/rafeeq_bringup' returned '0': CMAKE_PREFIX_PATH=${CMAKE_PREFIX_PATH}:/home/nour-mahgoub/Graduation_Rafeeq/install/view_robot_pkg:/home/nour-mahgoub/Graduation_Rafeeq/install/serial_node:/home/nour-mahgoub/Graduation_Rafeeq/install/rafeeq_description:/opt/ros/jazzy DEBUGINFOD_URLS=https://debuginfod.ubuntu.com /usr/bin/cmake --build /home/nour-mahgoub/Graduation_Rafeeq/build/rafeeq_bringup -- -j20 -l20
[0.865s] DEBUG:colcon.colcon_core.event_handler.log_command:Invoking command in '/home/nour-mahgoub/Graduation_Rafeeq/build/rafeeq_bringup': CMAKE_PREFIX_PATH=${CMAKE_PREFIX_PATH}:/home/nour-mahgoub/Graduation_Rafeeq/install/view_robot_pkg:/home/nour-mahgoub/Graduation_Rafeeq/install/serial_node:/home/nour-mahgoub/Graduation_Rafeeq/install/rafeeq_description:/opt/ros/jazzy DEBUGINFOD_URLS=https://debuginfod.ubuntu.com /usr/bin/cmake --install /home/nour-mahgoub/Graduation_Rafeeq/build/rafeeq_bringup
[0.865s] DEBUG:colcon.colcon_core.event_handler.log_command:Invoked command in '/home/nour-mahgoub/Graduation_Rafeeq/build/rafeeq_localization' returned '0': CMAKE_PREFIX_PATH=${CMAKE_PREFIX_PATH}:/home/nour-mahgoub/Graduation_Rafeeq/install/view_robot_pkg:/home/nour-mahgoub/Graduation_Rafeeq/install/serial_node:/home/nour-mahgoub/Graduation_Rafeeq/install/rafeeq_description:/opt/ros/jazzy DEBUGINFOD_URLS=https://debuginfod.ubuntu.com /usr/bin/cmake --build /home/nour-mahgoub/Graduation_Rafeeq/build/rafeeq_localization -- -j20 -l20
[0.866s] DEBUG:colcon.colcon_core.event_handler.log_command:Invoking command in '/home/nour-mahgoub/Graduation_Rafeeq/build/rafeeq_localization': CMAKE_PREFIX_PATH=${CMAKE_PREFIX_PATH}:/home/nour-mahgoub/Graduation_Rafeeq/install/view_robot_pkg:/home/nour-mahgoub/Graduation_Rafeeq/install/serial_node:/home/nour-mahgoub/Graduation_Rafeeq/install/rafeeq_description:/opt/ros/jazzy DEBUGINFOD_URLS=https://debuginfod.ubuntu.com /usr/bin/cmake --install /home/nour-mahgoub/Graduation_Rafeeq/build/rafeeq_localization
[0.866s] DEBUG:colcon.colcon_core.event_handler.log_command:Invoked command in '/home/nour-mahgoub/Graduation_Rafeeq/build/rafeeq_navigation' returned '0': CMAKE_PREFIX_PATH=${CMAKE_PREFIX_PATH}:/home/nour-mahgoub/Graduation_Rafeeq/install/view_robot_pkg:/home/nour-mahgoub/Graduation_Rafeeq/install/serial_node:/home/nour-mahgoub/Graduation_Rafeeq/install/rafeeq_description:/opt/ros/jazzy DEBUGINFOD_URLS=https://debuginfod.ubuntu.com /usr/bin/cmake --build /home/nour-mahgoub/Graduation_Rafeeq/build/rafeeq_navigation -- -j20 -l20
[0.868s] DEBUG:colcon.colcon_core.event_handler.log_command:Invoking command in '/home/nour-mahgoub/Graduation_Rafeeq/build/rafeeq_navigation': CMAKE_PREFIX_PATH=${CMAKE_PREFIX_PATH}:/home/nour-mahgoub/Graduation_Rafeeq/install/view_robot_pkg:/home/nour-mahgoub/Graduation_Rafeeq/install/serial_node:/home/nour-mahgoub/Graduation_Rafeeq/install/rafeeq_description:/opt/ros/jazzy DEBUGINFOD_URLS=https://debuginfod.ubuntu.com /usr/bin/cmake --install /home/nour-mahgoub/Graduation_Rafeeq/build/rafeeq_navigation
[0.869s] DEBUG:colcon.colcon_core.event_handler.log_command:Invoked command in '/home/nour-mahgoub/Graduation_Rafeeq/build/rafeeq_speech' returned '0': CMAKE_PREFIX_PATH=${CMAKE_PREFIX_PATH}:/home/nour-mahgoub/Graduation_Rafeeq/install/view_robot_pkg:/home/nour-mahgoub/Graduation_Rafeeq/install/serial_node:/home/nour-mahgoub/Graduation_Rafeeq/install/rafeeq_description:/opt/ros/jazzy DEBUGINFOD_URLS=https://debuginfod.ubuntu.com /usr/bin/cmake --build /home/nour-mahgoub/Graduation_Rafeeq/build/rafeeq_speech -- -j20 -l20
[0.870s] DEBUG:colcon.colcon_core.event_handler.log_command:Invoking command in '/home/nour-mahgoub/Graduation_Rafeeq/build/rafeeq_speech': CMAKE_PREFIX_PATH=${CMAKE_PREFIX_PATH}:/home/nour-mahgoub/Graduation_Rafeeq/install/view_robot_pkg:/home/nour-mahgoub/Graduation_Rafeeq/install/serial_node:/home/nour-mahgoub/Graduation_Rafeeq/install/rafeeq_description:/opt/ros/jazzy DEBUGINFOD_URLS=https://debuginfod.ubuntu.com /usr/bin/cmake --install /home/nour-mahgoub/Graduation_Rafeeq/build/rafeeq_speech
[0.870s] DEBUG:colcon.colcon_core.event_handler.log_command:Invoked command in '/home/nour-mahgoub/Graduation_Rafeeq/build/rafeeq_slam' returned '0': CMAKE_PREFIX_PATH=${CMAKE_PREFIX_PATH}:/home/nour-mahgoub/Graduation_Rafeeq/install/view_robot_pkg:/home/nour-mahgoub/Graduation_Rafeeq/install/serial_node:/home/nour-mahgoub/Graduation_Rafeeq/install/rafeeq_description:/opt/ros/jazzy DEBUGINFOD_URLS=https://debuginfod.ubuntu.com /usr/bin/cmake --build /home/nour-mahgoub/Graduation_Rafeeq/build/rafeeq_slam -- -j20 -l20
[0.871s] DEBUG:colcon.colcon_core.event_handler.log_command:Invoking command in '/home/nour-mahgoub/Graduation_Rafeeq/build/rafeeq_slam': CMAKE_PREFIX_PATH=${CMAKE_PREFIX_PATH}:/home/nour-mahgoub/Graduation_Rafeeq/install/view_robot_pkg:/home/nour-mahgoub/Graduation_Rafeeq/install/serial_node:/home/nour-mahgoub/Graduation_Rafeeq/install/rafeeq_description:/opt/ros/jazzy DEBUGINFOD_URLS=https://debuginfod.ubuntu.com /usr/bin/cmake --install /home/nour-mahgoub/Graduation_Rafeeq/build/rafeeq_slam
[0.887s] Level 1:colcon.colcon_core.environment:create_environment_scripts_only(rafeeq_bringup)
[0.892s] Level 1:colcon.colcon_core.environment:checking '/home/nour-mahgoub/Graduation_Rafeeq/install/rafeeq_bringup' for CMake module files
[0.893s] Level 1:colcon.colcon_core.environment:checking '/home/nour-mahgoub/Graduation_Rafeeq/install/rafeeq_bringup' for CMake config files
[0.895s] Level 1:colcon.colcon_core.shell:create_environment_hook('rafeeq_bringup', 'cmake_prefix_path')
[0.896s] INFO:colcon.colcon_core.shell:Creating environment hook '/home/nour-mahgoub/Graduation_Rafeeq/install/rafeeq_bringup/share/rafeeq_bringup/hook/cmake_prefix_path.ps1'
[0.896s] DEBUG:colcon.colcon_core.event_handler.log_command:Invoked command in '/home/nour-mahgoub/Graduation_Rafeeq/build/rafeeq_bringup' returned '0': CMAKE_PREFIX_PATH=${CMAKE_PREFIX_PATH}:/home/nour-mahgoub/Graduation_Rafeeq/install/view_robot_pkg:/home/nour-mahgoub/Graduation_Rafeeq/install/serial_node:/home/nour-mahgoub/Graduation_Rafeeq/install/rafeeq_description:/opt/ros/jazzy DEBUGINFOD_URLS=https://debuginfod.ubuntu.com /usr/bin/cmake --install /home/nour-mahgoub/Graduation_Rafeeq/build/rafeeq_bringup
[0.896s] INFO:colcon.colcon_core.shell:Creating environment descriptor '/home/nour-mahgoub/Graduation_Rafeeq/install/rafeeq_bringup/share/rafeeq_bringup/hook/cmake_prefix_path.dsv'
[0.896s] INFO:colcon.colcon_core.shell:Creating environment hook '/home/nour-mahgoub/Graduation_Rafeeq/install/rafeeq_bringup/share/rafeeq_bringup/hook/cmake_prefix_path.sh'
[0.897s] Level 1:colcon.colcon_core.environment:checking '/home/nour-mahgoub/Graduation_Rafeeq/install/rafeeq_bringup/bin'
[0.897s] Level 1:colcon.colcon_core.environment:checking '/home/nour-mahgoub/Graduation_Rafeeq/install/rafeeq_bringup/lib/pkgconfig/rafeeq_bringup.pc'
[0.897s] Level 1:colcon.colcon_core.environment:checking '/home/nour-mahgoub/Graduation_Rafeeq/install/rafeeq_bringup/lib/python3.12/site-packages'
[0.897s] Level 1:colcon.colcon_core.environment:checking '/home/nour-mahgoub/Graduation_Rafeeq/install/rafeeq_bringup/bin'
[0.897s] INFO:colcon.colcon_core.shell:Creating package script '/home/nour-mahgoub/Graduation_Rafeeq/install/rafeeq_bringup/share/rafeeq_bringup/package.ps1'
[0.898s] INFO:colcon.colcon_core.shell:Creating package descriptor '/home/nour-mahgoub/Graduation_Rafeeq/install/rafeeq_bringup/share/rafeeq_bringup/package.dsv'
[0.898s] INFO:colcon.colcon_core.shell:Creating package script '/home/nour-mahgoub/Graduation_Rafeeq/install/rafeeq_bringup/share/rafeeq_bringup/package.sh'
[0.899s] INFO:colcon.colcon_core.shell:Creating package script '/home/nour-mahgoub/Graduation_Rafeeq/install/rafeeq_bringup/share/rafeeq_bringup/package.bash'
[0.899s] INFO:colcon.colcon_core.shell:Creating package script '/home/nour-mahgoub/Graduation_Rafeeq/install/rafeeq_bringup/share/rafeeq_bringup/package.zsh'
[0.899s] Level 1:colcon.colcon_core.environment:create_file_with_runtime_dependencies(/home/nour-mahgoub/Graduation_Rafeeq/install/rafeeq_bringup/share/colcon-core/packages/rafeeq_bringup)
[0.900s] Level 1:colcon.colcon_core.environment:create_environment_scripts_only(rafeeq_bringup)
[0.900s] Level 1:colcon.colcon_core.environment:checking '/home/nour-mahgoub/Graduation_Rafeeq/install/rafeeq_bringup' for CMake module files
[0.900s] Level 1:colcon.colcon_core.environment:checking '/home/nour-mahgoub/Graduation_Rafeeq/install/rafeeq_bringup' for CMake config files
[0.900s] Level 1:colcon.colcon_core.shell:create_environment_hook('rafeeq_bringup', 'cmake_prefix_path')
[0.900s] INFO:colcon.colcon_core.shell:Creating environment hook '/home/nour-mahgoub/Graduation_Rafeeq/install/rafeeq_bringup/share/rafeeq_bringup/hook/cmake_prefix_path.ps1'
[0.901s] INFO:colcon.colcon_core.shell:Creating environment descriptor '/home/nour-mahgoub/Graduation_Rafeeq/install/rafeeq_bringup/share/rafeeq_bringup/hook/cmake_prefix_path.dsv'
[0.901s] INFO:colcon.colcon_core.shell:Creating environment hook '/home/nour-mahgoub/Graduation_Rafeeq/install/rafeeq_bringup/share/rafeeq_bringup/hook/cmake_prefix_path.sh'
[0.901s] Level 1:colcon.colcon_core.environment:checking '/home/nour-mahgoub/Graduation_Rafeeq/install/rafeeq_bringup/bin'
[0.901s] Level 1:colcon.colcon_core.environment:checking '/home/nour-mahgoub/Graduation_Rafeeq/install/rafeeq_bringup/lib/pkgconfig/rafeeq_bringup.pc'
[0.901s] Level 1:colcon.colcon_core.environment:checking '/home/nour-mahgoub/Graduation_Rafeeq/install/rafeeq_bringup/lib/python3.12/site-packages'
[0.901s] Level 1:colcon.colcon_core.environment:checking '/home/nour-mahgoub/Graduation_Rafeeq/install/rafeeq_bringup/bin'
[0.901s] INFO:colcon.colcon_core.shell:Creating package script '/home/nour-mahgoub/Graduation_Rafeeq/install/rafeeq_bringup/share/rafeeq_bringup/package.ps1'
[0.902s] INFO:colcon.colcon_core.shell:Creating package descriptor '/home/nour-mahgoub/Graduation_Rafeeq/install/rafeeq_bringup/share/rafeeq_bringup/package.dsv'
[0.902s] INFO:colcon.colcon_core.shell:Creating package script '/home/nour-mahgoub/Graduation_Rafeeq/install/rafeeq_bringup/share/rafeeq_bringup/package.sh'
[0.902s] INFO:colcon.colcon_core.shell:Creating package script '/home/nour-mahgoub/Graduation_Rafeeq/install/rafeeq_bringup/share/rafeeq_bringup/package.bash'
[0.903s] INFO:colcon.colcon_core.shell:Creating package script '/home/nour-mahgoub/Graduation_Rafeeq/install/rafeeq_bringup/share/rafeeq_bringup/package.zsh'
[0.903s] Level 1:colcon.colcon_core.environment:create_file_with_runtime_dependencies(/home/nour-mahgoub/Graduation_Rafeeq/install/rafeeq_bringup/share/colcon-core/packages/rafeeq_bringup)
[0.904s] Level 1:colcon.colcon_core.environment:create_environment_scripts_only(kinect_ros2)
[0.904s] Level 1:colcon.colcon_core.environment:checking '/home/nour-mahgoub/Graduation_Rafeeq/install/kinect_ros2' for CMake module files
[0.904s] DEBUG:colcon.colcon_core.event_handler.log_command:Invoked command in '/home/nour-mahgoub/Graduation_Rafeeq/build/kinect_ros2' returned '0': CMAKE_PREFIX_PATH=${CMAKE_PREFIX_PATH}:/home/nour-mahgoub/Graduation_Rafeeq/install/view_robot_pkg:/home/nour-mahgoub/Graduation_Rafeeq/install/serial_node:/home/nour-mahgoub/Graduation_Rafeeq/install/rafeeq_description:/opt/ros/jazzy DEBUGINFOD_URLS=https://debuginfod.ubuntu.com /usr/bin/cmake --install /home/nour-mahgoub/Graduation_Rafeeq/build/kinect_ros2
[0.905s] Level 1:colcon.colcon_core.environment:checking '/home/nour-mahgoub/Graduation_Rafeeq/install/kinect_ros2' for CMake config files
[0.905s] Level 1:colcon.colcon_core.shell:create_environment_hook('kinect_ros2', 'cmake_prefix_path')
[0.905s] INFO:colcon.colcon_core.shell:Creating environment hook '/home/nour-mahgoub/Graduation_Rafeeq/install/kinect_ros2/share/kinect_ros2/hook/cmake_prefix_path.ps1'
[0.905s] INFO:colcon.colcon_core.shell:Creating environment descriptor '/home/nour-mahgoub/Graduation_Rafeeq/install/kinect_ros2/share/kinect_ros2/hook/cmake_prefix_path.dsv'
[0.905s] INFO:colcon.colcon_core.shell:Creating environment hook '/home/nour-mahgoub/Graduation_Rafeeq/install/kinect_ros2/share/kinect_ros2/hook/cmake_prefix_path.sh'
[0.906s] Level 1:colcon.colcon_core.environment:checking '/home/nour-mahgoub/Graduation_Rafeeq/install/kinect_ros2/lib'
[0.906s] Level 1:colcon.colcon_core.shell:create_environment_hook('kinect_ros2', 'ld_library_path_lib')
[0.906s] INFO:colcon.colcon_core.shell:Creating environment hook '/home/nour-mahgoub/Graduation_Rafeeq/install/kinect_ros2/share/kinect_ros2/hook/ld_library_path_lib.ps1'
[0.906s] INFO:colcon.colcon_core.shell:Creating environment descriptor '/home/nour-mahgoub/Graduation_Rafeeq/install/kinect_ros2/share/kinect_ros2/hook/ld_library_path_lib.dsv'
[0.906s] INFO:colcon.colcon_core.shell:Creating environment hook '/home/nour-mahgoub/Graduation_Rafeeq/install/kinect_ros2/share/kinect_ros2/hook/ld_library_path_lib.sh'
[0.906s] Level 1:colcon.colcon_core.environment:checking '/home/nour-mahgoub/Graduation_Rafeeq/install/kinect_ros2/bin'
[0.907s] Level 1:colcon.colcon_core.environment:checking '/home/nour-mahgoub/Graduation_Rafeeq/install/kinect_ros2/lib/pkgconfig/kinect_ros2.pc'
[0.907s] Level 1:colcon.colcon_core.environment:checking '/home/nour-mahgoub/Graduation_Rafeeq/install/kinect_ros2/lib/python3.12/site-packages'
[0.907s] Level 1:colcon.colcon_core.environment:checking '/home/nour-mahgoub/Graduation_Rafeeq/install/kinect_ros2/bin'
[0.907s] INFO:colcon.colcon_core.shell:Creating package script '/home/nour-mahgoub/Graduation_Rafeeq/install/kinect_ros2/share/kinect_ros2/package.ps1'
[0.907s] INFO:colcon.colcon_core.shell:Creating package descriptor '/home/nour-mahgoub/Graduation_Rafeeq/install/kinect_ros2/share/kinect_ros2/package.dsv'
[0.908s] INFO:colcon.colcon_core.shell:Creating package script '/home/nour-mahgoub/Graduation_Rafeeq/install/kinect_ros2/share/kinect_ros2/package.sh'
[0.908s] INFO:colcon.colcon_core.shell:Creating package script '/home/nour-mahgoub/Graduation_Rafeeq/install/kinect_ros2/share/kinect_ros2/package.bash'
[0.908s] INFO:colcon.colcon_core.shell:Creating package script '/home/nour-mahgoub/Graduation_Rafeeq/install/kinect_ros2/share/kinect_ros2/package.zsh'
[0.908s] Level 1:colcon.colcon_core.environment:create_file_with_runtime_dependencies(/home/nour-mahgoub/Graduation_Rafeeq/install/kinect_ros2/share/colcon-core/packages/kinect_ros2)
[0.909s] Level 1:colcon.colcon_core.environment:create_environment_scripts_only(kinect_ros2)
[0.909s] Level 1:colcon.colcon_core.environment:checking '/home/nour-mahgoub/Graduation_Rafeeq/install/kinect_ros2' for CMake module files
[0.909s] Level 1:colcon.colcon_core.environment:checking '/home/nour-mahgoub/Graduation_Rafeeq/install/kinect_ros2' for CMake config files
[0.909s] Level 1:colcon.colcon_core.shell:create_environment_hook('kinect_ros2', 'cmake_prefix_path')
[0.909s] INFO:colcon.colcon_core.shell:Creating environment hook '/home/nour-mahgoub/Graduation_Rafeeq/install/kinect_ros2/share/kinect_ros2/hook/cmake_prefix_path.ps1'
[0.910s] INFO:colcon.colcon_core.shell:Creating environment descriptor '/home/nour-mahgoub/Graduation_Rafeeq/install/kinect_ros2/share/kinect_ros2/hook/cmake_prefix_path.dsv'
[0.910s] INFO:colcon.colcon_core.shell:Creating environment hook '/home/nour-mahgoub/Graduation_Rafeeq/install/kinect_ros2/share/kinect_ros2/hook/cmake_prefix_path.sh'
[0.910s] Level 1:colcon.colcon_core.environment:checking '/home/nour-mahgoub/Graduation_Rafeeq/install/kinect_ros2/lib'
[0.910s] Level 1:colcon.colcon_core.shell:create_environment_hook('kinect_ros2', 'ld_library_path_lib')
[0.910s] INFO:colcon.colcon_core.shell:Creating environment hook '/home/nour-mahgoub/Graduation_Rafeeq/install/kinect_ros2/share/kinect_ros2/hook/ld_library_path_lib.ps1'
[0.910s] INFO:colcon.colcon_core.shell:Creating environment descriptor '/home/nour-mahgoub/Graduation_Rafeeq/install/kinect_ros2/share/kinect_ros2/hook/ld_library_path_lib.dsv'
[0.911s] INFO:colcon.colcon_core.shell:Creating environment hook '/home/nour-mahgoub/Graduation_Rafeeq/install/kinect_ros2/share/kinect_ros2/hook/ld_library_path_lib.sh'
[0.911s] Level 1:colcon.colcon_core.environment:checking '/home/nour-mahgoub/Graduation_Rafeeq/install/kinect_ros2/bin'
[0.911s] Level 1:colcon.colcon_core.environment:checking '/home/nour-mahgoub/Graduation_Rafeeq/install/kinect_ros2/lib/pkgconfig/kinect_ros2.pc'
[0.911s] Level 1:colcon.colcon_core.environment:checking '/home/nour-mahgoub/Graduation_Rafeeq/install/kinect_ros2/lib/python3.12/site-packages'
[0.911s] Level 1:colcon.colcon_core.environment:checking '/home/nour-mahgoub/Graduation_Rafeeq/install/kinect_ros2/bin'
[0.911s] INFO:colcon.colcon_core.shell:Creating package script '/home/nour-mahgoub/Graduation_Rafeeq/install/kinect_ros2/share/kinect_ros2/package.ps1'
[0.912s] INFO:colcon.colcon_core.shell:Creating package descriptor '/home/nour-mahgoub/Graduation_Rafeeq/install/kinect_ros2/share/kinect_ros2/package.dsv'
[0.912s] INFO:colcon.colcon_core.shell:Creating package script '/home/nour-mahgoub/Graduation_Rafeeq/install/kinect_ros2/share/kinect_ros2/package.sh'
[0.912s] INFO:colcon.colcon_core.shell:Creating package script '/home/nour-mahgoub/Graduation_Rafeeq/install/kinect_ros2/share/kinect_ros2/package.bash'
[0.912s] INFO:colcon.colcon_core.shell:Creating package script '/home/nour-mahgoub/Graduation_Rafeeq/install/kinect_ros2/share/kinect_ros2/package.zsh'
[0.913s] Level 1:colcon.colcon_core.environment:create_file_with_runtime_dependencies(/home/nour-mahgoub/Graduation_Rafeeq/install/kinect_ros2/share/colcon-core/packages/kinect_ros2)
[0.913s] Level 1:colcon.colcon_core.environment:create_environment_scripts_only(rafeeq_slam)
[0.913s] Level 1:colcon.colcon_core.environment:checking '/home/nour-mahgoub/Graduation_Rafeeq/install/rafeeq_slam' for CMake module files
[0.913s] Level 1:colcon.colcon_core.environment:checking '/home/nour-mahgoub/Graduation_Rafeeq/install/rafeeq_slam' for CMake config files
[0.914s] DEBUG:colcon.colcon_core.event_handler.log_command:Invoked command in '/home/nour-mahgoub/Graduation_Rafeeq/build/rafeeq_slam' returned '0': CMAKE_PREFIX_PATH=${CMAKE_PREFIX_PATH}:/home/nour-mahgoub/Graduation_Rafeeq/install/view_robot_pkg:/home/nour-mahgoub/Graduation_Rafeeq/install/serial_node:/home/nour-mahgoub/Graduation_Rafeeq/install/rafeeq_description:/opt/ros/jazzy DEBUGINFOD_URLS=https://debuginfod.ubuntu.com /usr/bin/cmake --install /home/nour-mahgoub/Graduation_Rafeeq/build/rafeeq_slam
[0.914s] Level 1:colcon.colcon_core.shell:create_environment_hook('rafeeq_slam', 'cmake_prefix_path')
[0.914s] INFO:colcon.colcon_core.shell:Creating environment hook '/home/nour-mahgoub/Graduation_Rafeeq/install/rafeeq_slam/share/rafeeq_slam/hook/cmake_prefix_path.ps1'
[0.914s] INFO:colcon.colcon_core.shell:Creating environment descriptor '/home/nour-mahgoub/Graduation_Rafeeq/install/rafeeq_slam/share/rafeeq_slam/hook/cmake_prefix_path.dsv'
[0.914s] INFO:colcon.colcon_core.shell:Creating environment hook '/home/nour-mahgoub/Graduation_Rafeeq/install/rafeeq_slam/share/rafeeq_slam/hook/cmake_prefix_path.sh'
[0.915s] Level 1:colcon.colcon_core.environment:checking '/home/nour-mahgoub/Graduation_Rafeeq/install/rafeeq_slam/bin'
[0.915s] Level 1:colcon.colcon_core.environment:checking '/home/nour-mahgoub/Graduation_Rafeeq/install/rafeeq_slam/lib/pkgconfig/rafeeq_slam.pc'
[0.915s] Level 1:colcon.colcon_core.environment:checking '/home/nour-mahgoub/Graduation_Rafeeq/install/rafeeq_slam/lib/python3.12/site-packages'
[0.915s] Level 1:colcon.colcon_core.environment:checking '/home/nour-mahgoub/Graduation_Rafeeq/install/rafeeq_slam/bin'
[0.915s] INFO:colcon.colcon_core.shell:Creating package script '/home/nour-mahgoub/Graduation_Rafeeq/install/rafeeq_slam/share/rafeeq_slam/package.ps1'
[0.915s] INFO:colcon.colcon_core.shell:Creating package descriptor '/home/nour-mahgoub/Graduation_Rafeeq/install/rafeeq_slam/share/rafeeq_slam/package.dsv'
[0.916s] INFO:colcon.colcon_core.shell:Creating package script '/home/nour-mahgoub/Graduation_Rafeeq/install/rafeeq_slam/share/rafeeq_slam/package.sh'
[0.916s] INFO:colcon.colcon_core.shell:Creating package script '/home/nour-mahgoub/Graduation_Rafeeq/install/rafeeq_slam/share/rafeeq_slam/package.bash'
[0.916s] INFO:colcon.colcon_core.shell:Creating package script '/home/nour-mahgoub/Graduation_Rafeeq/install/rafeeq_slam/share/rafeeq_slam/package.zsh'
[0.916s] Level 1:colcon.colcon_core.environment:create_file_with_runtime_dependencies(/home/nour-mahgoub/Graduation_Rafeeq/install/rafeeq_slam/share/colcon-core/packages/rafeeq_slam)
[0.916s] Level 1:colcon.colcon_core.environment:create_environment_scripts_only(rafeeq_slam)
[0.916s] Level 1:colcon.colcon_core.environment:checking '/home/nour-mahgoub/Graduation_Rafeeq/install/rafeeq_slam' for CMake module files
[0.917s] Level 1:colcon.colcon_core.environment:checking '/home/nour-mahgoub/Graduation_Rafeeq/install/rafeeq_slam' for CMake config files
[0.917s] Level 1:colcon.colcon_core.shell:create_environment_hook('rafeeq_slam', 'cmake_prefix_path')
[0.917s] INFO:colcon.colcon_core.shell:Creating environment hook '/home/nour-mahgoub/Graduation_Rafeeq/install/rafeeq_slam/share/rafeeq_slam/hook/cmake_prefix_path.ps1'
[0.917s] INFO:colcon.colcon_core.shell:Creating environment descriptor '/home/nour-mahgoub/Graduation_Rafeeq/install/rafeeq_slam/share/rafeeq_slam/hook/cmake_prefix_path.dsv'
[0.917s] INFO:colcon.colcon_core.shell:Creating environment hook '/home/nour-mahgoub/Graduation_Rafeeq/install/rafeeq_slam/share/rafeeq_slam/hook/cmake_prefix_path.sh'
[0.917s] Level 1:colcon.colcon_core.environment:checking '/home/nour-mahgoub/Graduation_Rafeeq/install/rafeeq_slam/bin'
[0.918s] Level 1:colcon.colcon_core.environment:checking '/home/nour-mahgoub/Graduation_Rafeeq/install/rafeeq_slam/lib/pkgconfig/rafeeq_slam.pc'
[0.918s] Level 1:colcon.colcon_core.environment:checking '/home/nour-mahgoub/Graduation_Rafeeq/install/rafeeq_slam/lib/python3.12/site-packages'
[0.918s] Level 1:colcon.colcon_core.environment:checking '/home/nour-mahgoub/Graduation_Rafeeq/install/rafeeq_slam/bin'
[0.918s] INFO:colcon.colcon_core.shell:Creating package script '/home/nour-mahgoub/Graduation_Rafeeq/install/rafeeq_slam/share/rafeeq_slam/package.ps1'
[0.918s] INFO:colcon.colcon_core.shell:Creating package descriptor '/home/nour-mahgoub/Graduation_Rafeeq/install/rafeeq_slam/share/rafeeq_slam/package.dsv'
[0.919s] INFO:colcon.colcon_core.shell:Creating package script '/home/nour-mahgoub/Graduation_Rafeeq/install/rafeeq_slam/share/rafeeq_slam/package.sh'
[0.919s] INFO:colcon.colcon_core.shell:Creating package script '/home/nour-mahgoub/Graduation_Rafeeq/install/rafeeq_slam/share/rafeeq_slam/package.bash'
[0.919s] INFO:colcon.colcon_core.shell:Creating package script '/home/nour-mahgoub/Graduation_Rafeeq/install/rafeeq_slam/share/rafeeq_slam/package.zsh'
[0.919s] Level 1:colcon.colcon_core.environment:create_file_with_runtime_dependencies(/home/nour-mahgoub/Graduation_Rafeeq/install/rafeeq_slam/share/colcon-core/packages/rafeeq_slam)
[0.919s] Level 1:colcon.colcon_core.environment:create_environment_scripts_only(rafeeq_localization)
[0.920s] Level 1:colcon.colcon_core.environment:checking '/home/nour-mahgoub/Graduation_Rafeeq/install/rafeeq_localization' for CMake module files
[0.920s] Level 1:colcon.colcon_core.environment:checking '/home/nour-mahgoub/Graduation_Rafeeq/install/rafeeq_localization' for CMake config files
[0.920s] DEBUG:colcon.colcon_core.event_handler.log_command:Invoked command in '/home/nour-mahgoub/Graduation_Rafeeq/build/rafeeq_localization' returned '0': CMAKE_PREFIX_PATH=${CMAKE_PREFIX_PATH}:/home/nour-mahgoub/Graduation_Rafeeq/install/view_robot_pkg:/home/nour-mahgoub/Graduation_Rafeeq/install/serial_node:/home/nour-mahgoub/Graduation_Rafeeq/install/rafeeq_description:/opt/ros/jazzy DEBUGINFOD_URLS=https://debuginfod.ubuntu.com /usr/bin/cmake --install /home/nour-mahgoub/Graduation_Rafeeq/build/rafeeq_localization
[0.921s] Level 1:colcon.colcon_core.shell:create_environment_hook('rafeeq_localization', 'cmake_prefix_path')
[0.921s] INFO:colcon.colcon_core.shell:Creating environment hook '/home/nour-mahgoub/Graduation_Rafeeq/install/rafeeq_localization/share/rafeeq_localization/hook/cmake_prefix_path.ps1'
[0.921s] INFO:colcon.colcon_core.shell:Creating environment descriptor '/home/nour-mahgoub/Graduation_Rafeeq/install/rafeeq_localization/share/rafeeq_localization/hook/cmake_prefix_path.dsv'
[0.921s] INFO:colcon.colcon_core.shell:Creating environment hook '/home/nour-mahgoub/Graduation_Rafeeq/install/rafeeq_localization/share/rafeeq_localization/hook/cmake_prefix_path.sh'
[0.921s] Level 1:colcon.colcon_core.environment:checking '/home/nour-mahgoub/Graduation_Rafeeq/install/rafeeq_localization/bin'
[0.922s] Level 1:colcon.colcon_core.environment:checking '/home/nour-mahgoub/Graduation_Rafeeq/install/rafeeq_localization/lib/pkgconfig/rafeeq_localization.pc'
[0.922s] Level 1:colcon.colcon_core.environment:checking '/home/nour-mahgoub/Graduation_Rafeeq/install/rafeeq_localization/lib/python3.12/site-packages'
[0.922s] Level 1:colcon.colcon_core.environment:checking '/home/nour-mahgoub/Graduation_Rafeeq/install/rafeeq_localization/bin'
[0.922s] INFO:colcon.colcon_core.shell:Creating package script '/home/nour-mahgoub/Graduation_Rafeeq/install/rafeeq_localization/share/rafeeq_localization/package.ps1'
[0.922s] INFO:colcon.colcon_core.shell:Creating package descriptor '/home/nour-mahgoub/Graduation_Rafeeq/install/rafeeq_localization/share/rafeeq_localization/package.dsv'
[0.922s] INFO:colcon.colcon_core.shell:Creating package script '/home/nour-mahgoub/Graduation_Rafeeq/install/rafeeq_localization/share/rafeeq_localization/package.sh'
[0.923s] INFO:colcon.colcon_core.shell:Creating package script '/home/nour-mahgoub/Graduation_Rafeeq/install/rafeeq_localization/share/rafeeq_localization/package.bash'
[0.923s] INFO:colcon.colcon_core.shell:Creating package script '/home/nour-mahgoub/Graduation_Rafeeq/install/rafeeq_localization/share/rafeeq_localization/package.zsh'
[0.923s] Level 1:colcon.colcon_core.environment:create_file_with_runtime_dependencies(/home/nour-mahgoub/Graduation_Rafeeq/install/rafeeq_localization/share/colcon-core/packages/rafeeq_localization)
[0.923s] Level 1:colcon.colcon_core.environment:create_environment_scripts_only(rafeeq_localization)
[0.923s] Level 1:colcon.colcon_core.environment:checking '/home/nour-mahgoub/Graduation_Rafeeq/install/rafeeq_localization' for CMake module files
[0.924s] Level 1:colcon.colcon_core.environment:checking '/home/nour-mahgoub/Graduation_Rafeeq/install/rafeeq_localization' for CMake config files
[0.924s] Level 1:colcon.colcon_core.shell:create_environment_hook('rafeeq_localization', 'cmake_prefix_path')
[0.924s] INFO:colcon.colcon_core.shell:Creating environment hook '/home/nour-mahgoub/Graduation_Rafeeq/install/rafeeq_localization/share/rafeeq_localization/hook/cmake_prefix_path.ps1'
[0.924s] INFO:colcon.colcon_core.shell:Creating environment descriptor '/home/nour-mahgoub/Graduation_Rafeeq/install/rafeeq_localization/share/rafeeq_localization/hook/cmake_prefix_path.dsv'
[0.924s] INFO:colcon.colcon_core.shell:Creating environment hook '/home/nour-mahgoub/Graduation_Rafeeq/install/rafeeq_localization/share/rafeeq_localization/hook/cmake_prefix_path.sh'
[0.925s] Level 1:colcon.colcon_core.environment:checking '/home/nour-mahgoub/Graduation_Rafeeq/install/rafeeq_localization/bin'
[0.925s] Level 1:colcon.colcon_core.environment:checking '/home/nour-mahgoub/Graduation_Rafeeq/install/rafeeq_localization/lib/pkgconfig/rafeeq_localization.pc'
[0.925s] Level 1:colcon.colcon_core.environment:checking '/home/nour-mahgoub/Graduation_Rafeeq/install/rafeeq_localization/lib/python3.12/site-packages'
[0.925s] Level 1:colcon.colcon_core.environment:checking '/home/nour-mahgoub/Graduation_Rafeeq/install/rafeeq_localization/bin'
[0.925s] INFO:colcon.colcon_core.shell:Creating package script '/home/nour-mahgoub/Graduation_Rafeeq/install/rafeeq_localization/share/rafeeq_localization/package.ps1'
[0.925s] INFO:colcon.colcon_core.shell:Creating package descriptor '/home/nour-mahgoub/Graduation_Rafeeq/install/rafeeq_localization/share/rafeeq_localization/package.dsv'
[0.926s] INFO:colcon.colcon_core.shell:Creating package script '/home/nour-mahgoub/Graduation_Rafeeq/install/rafeeq_localization/share/rafeeq_localization/package.sh'
[0.926s] INFO:colcon.colcon_core.shell:Creating package script '/home/nour-mahgoub/Graduation_Rafeeq/install/rafeeq_localization/share/rafeeq_localization/package.bash'
[0.926s] INFO:colcon.colcon_core.shell:Creating package script '/home/nour-mahgoub/Graduation_Rafeeq/install/rafeeq_localization/share/rafeeq_localization/package.zsh'
[0.926s] Level 1:colcon.colcon_core.environment:create_file_with_runtime_dependencies(/home/nour-mahgoub/Graduation_Rafeeq/install/rafeeq_localization/share/colcon-core/packages/rafeeq_localization)
[0.927s] Level 1:colcon.colcon_core.environment:create_environment_scripts_only(rafeeq_speech)
[0.927s] Level 1:colcon.colcon_core.environment:checking '/home/nour-mahgoub/Graduation_Rafeeq/install/rafeeq_speech' for CMake module files
[0.927s] Level 1:colcon.colcon_core.environment:checking '/home/nour-mahgoub/Graduation_Rafeeq/install/rafeeq_speech' for CMake config files
[0.928s] DEBUG:colcon.colcon_core.event_handler.log_command:Invoked command in '/home/nour-mahgoub/Graduation_Rafeeq/build/rafeeq_speech' returned '0': CMAKE_PREFIX_PATH=${CMAKE_PREFIX_PATH}:/home/nour-mahgoub/Graduation_Rafeeq/install/view_robot_pkg:/home/nour-mahgoub/Graduation_Rafeeq/install/serial_node:/home/nour-mahgoub/Graduation_Rafeeq/install/rafeeq_description:/opt/ros/jazzy DEBUGINFOD_URLS=https://debuginfod.ubuntu.com /usr/bin/cmake --install /home/nour-mahgoub/Graduation_Rafeeq/build/rafeeq_speech
[0.928s] Level 1:colcon.colcon_core.shell:create_environment_hook('rafeeq_speech', 'cmake_prefix_path')
[0.928s] INFO:colcon.colcon_core.shell:Creating environment hook '/home/nour-mahgoub/Graduation_Rafeeq/install/rafeeq_speech/share/rafeeq_speech/hook/cmake_prefix_path.ps1'
[0.928s] INFO:colcon.colcon_core.shell:Creating environment descriptor '/home/nour-mahgoub/Graduation_Rafeeq/install/rafeeq_speech/share/rafeeq_speech/hook/cmake_prefix_path.dsv'
[0.928s] INFO:colcon.colcon_core.shell:Creating environment hook '/home/nour-mahgoub/Graduation_Rafeeq/install/rafeeq_speech/share/rafeeq_speech/hook/cmake_prefix_path.sh'
[0.928s] Level 1:colcon.colcon_core.environment:checking '/home/nour-mahgoub/Graduation_Rafeeq/install/rafeeq_speech/lib'
[0.928s] Level 1:colcon.colcon_core.environment:checking '/home/nour-mahgoub/Graduation_Rafeeq/install/rafeeq_speech/bin'
[0.928s] Level 1:colcon.colcon_core.environment:checking '/home/nour-mahgoub/Graduation_Rafeeq/install/rafeeq_speech/lib/pkgconfig/rafeeq_speech.pc'
[0.929s] Level 1:colcon.colcon_core.environment:checking '/home/nour-mahgoub/Graduation_Rafeeq/install/rafeeq_speech/lib/python3.12/site-packages'
[0.929s] Level 1:colcon.colcon_core.environment:checking '/home/nour-mahgoub/Graduation_Rafeeq/install/rafeeq_speech/bin'
[0.929s] INFO:colcon.colcon_core.shell:Creating package script '/home/nour-mahgoub/Graduation_Rafeeq/install/rafeeq_speech/share/rafeeq_speech/package.ps1'
[0.929s] INFO:colcon.colcon_core.shell:Creating package descriptor '/home/nour-mahgoub/Graduation_Rafeeq/install/rafeeq_speech/share/rafeeq_speech/package.dsv'
[0.929s] INFO:colcon.colcon_core.shell:Creating package script '/home/nour-mahgoub/Graduation_Rafeeq/install/rafeeq_speech/share/rafeeq_speech/package.sh'
[0.930s] INFO:colcon.colcon_core.shell:Creating package script '/home/nour-mahgoub/Graduation_Rafeeq/install/rafeeq_speech/share/rafeeq_speech/package.bash'
[0.930s] INFO:colcon.colcon_core.shell:Creating package script '/home/nour-mahgoub/Graduation_Rafeeq/install/rafeeq_speech/share/rafeeq_speech/package.zsh'
[0.930s] Level 1:colcon.colcon_core.environment:create_file_with_runtime_dependencies(/home/nour-mahgoub/Graduation_Rafeeq/install/rafeeq_speech/share/colcon-core/packages/rafeeq_speech)
[0.930s] Level 1:colcon.colcon_core.environment:create_environment_scripts_only(rafeeq_speech)
[0.930s] Level 1:colcon.colcon_core.environment:checking '/home/nour-mahgoub/Graduation_Rafeeq/install/rafeeq_speech' for CMake module files
[0.930s] Level 1:colcon.colcon_core.environment:checking '/home/nour-mahgoub/Graduation_Rafeeq/install/rafeeq_speech' for CMake config files
[0.931s] Level 1:colcon.colcon_core.shell:create_environment_hook('rafeeq_speech', 'cmake_prefix_path')
[0.931s] INFO:colcon.colcon_core.shell:Creating environment hook '/home/nour-mahgoub/Graduation_Rafeeq/install/rafeeq_speech/share/rafeeq_speech/hook/cmake_prefix_path.ps1'
[0.931s] INFO:colcon.colcon_core.shell:Creating environment descriptor '/home/nour-mahgoub/Graduation_Rafeeq/install/rafeeq_speech/share/rafeeq_speech/hook/cmake_prefix_path.dsv'
[0.931s] INFO:colcon.colcon_core.shell:Creating environment hook '/home/nour-mahgoub/Graduation_Rafeeq/install/rafeeq_speech/share/rafeeq_speech/hook/cmake_prefix_path.sh'
[0.931s] Level 1:colcon.colcon_core.environment:checking '/home/nour-mahgoub/Graduation_Rafeeq/install/rafeeq_speech/lib'
[0.931s] Level 1:colcon.colcon_core.environment:checking '/home/nour-mahgoub/Graduation_Rafeeq/install/rafeeq_speech/bin'
[0.931s] Level 1:colcon.colcon_core.environment:checking '/home/nour-mahgoub/Graduation_Rafeeq/install/rafeeq_speech/lib/pkgconfig/rafeeq_speech.pc'
[0.932s] Level 1:colcon.colcon_core.environment:checking '/home/nour-mahgoub/Graduation_Rafeeq/install/rafeeq_speech/lib/python3.12/site-packages'
[0.932s] Level 1:colcon.colcon_core.environment:checking '/home/nour-mahgoub/Graduation_Rafeeq/install/rafeeq_speech/bin'
[0.932s] INFO:colcon.colcon_core.shell:Creating package script '/home/nour-mahgoub/Graduation_Rafeeq/install/rafeeq_speech/share/rafeeq_speech/package.ps1'
[0.932s] INFO:colcon.colcon_core.shell:Creating package descriptor '/home/nour-mahgoub/Graduation_Rafeeq/install/rafeeq_speech/share/rafeeq_speech/package.dsv'
[0.932s] INFO:colcon.colcon_core.shell:Creating package script '/home/nour-mahgoub/Graduation_Rafeeq/install/rafeeq_speech/share/rafeeq_speech/package.sh'
[0.933s] INFO:colcon.colcon_core.shell:Creating package script '/home/nour-mahgoub/Graduation_Rafeeq/install/rafeeq_speech/share/rafeeq_speech/package.bash'
[0.933s] INFO:colcon.colcon_core.shell:Creating package script '/home/nour-mahgoub/Graduation_Rafeeq/install/rafeeq_speech/share/rafeeq_speech/package.zsh'
[0.933s] Level 1:colcon.colcon_core.environment:create_file_with_runtime_dependencies(/home/nour-mahgoub/Graduation_Rafeeq/install/rafeeq_speech/share/colcon-core/packages/rafeeq_speech)
[0.933s] Level 1:colcon.colcon_core.environment:create_environment_scripts_only(rafeeq_navigation)
[0.933s] Level 1:colcon.colcon_core.environment:checking '/home/nour-mahgoub/Graduation_Rafeeq/install/rafeeq_navigation' for CMake module files
[0.934s] Level 1:colcon.colcon_core.environment:checking '/home/nour-mahgoub/Graduation_Rafeeq/install/rafeeq_navigation' for CMake config files
[0.934s] DEBUG:colcon.colcon_core.event_handler.log_command:Invoked command in '/home/nour-mahgoub/Graduation_Rafeeq/build/rafeeq_navigation' returned '0': CMAKE_PREFIX_PATH=${CMAKE_PREFIX_PATH}:/home/nour-mahgoub/Graduation_Rafeeq/install/view_robot_pkg:/home/nour-mahgoub/Graduation_Rafeeq/install/serial_node:/home/nour-mahgoub/Graduation_Rafeeq/install/rafeeq_description:/opt/ros/jazzy DEBUGINFOD_URLS=https://debuginfod.ubuntu.com /usr/bin/cmake --install /home/nour-mahgoub/Graduation_Rafeeq/build/rafeeq_navigation
[0.934s] Level 1:colcon.colcon_core.shell:create_environment_hook('rafeeq_navigation', 'cmake_prefix_path')
[0.934s] INFO:colcon.colcon_core.shell:Creating environment hook '/home/nour-mahgoub/Graduation_Rafeeq/install/rafeeq_navigation/share/rafeeq_navigation/hook/cmake_prefix_path.ps1'
[0.934s] INFO:colcon.colcon_core.shell:Creating environment descriptor '/home/nour-mahgoub/Graduation_Rafeeq/install/rafeeq_navigation/share/rafeeq_navigation/hook/cmake_prefix_path.dsv'
[0.935s] INFO:colcon.colcon_core.shell:Creating environment hook '/home/nour-mahgoub/Graduation_Rafeeq/install/rafeeq_navigation/share/rafeeq_navigation/hook/cmake_prefix_path.sh'
[0.935s] Level 1:colcon.colcon_core.environment:checking '/home/nour-mahgoub/Graduation_Rafeeq/install/rafeeq_navigation/bin'
[0.935s] Level 1:colcon.colcon_core.environment:checking '/home/nour-mahgoub/Graduation_Rafeeq/install/rafeeq_navigation/lib/pkgconfig/rafeeq_navigation.pc'
[0.935s] Level 1:colcon.colcon_core.environment:checking '/home/nour-mahgoub/Graduation_Rafeeq/install/rafeeq_navigation/lib/python3.12/site-packages'
[0.935s] Level 1:colcon.colcon_core.environment:checking '/home/nour-mahgoub/Graduation_Rafeeq/install/rafeeq_navigation/bin'
[0.935s] INFO:colcon.colcon_core.shell:Creating package script '/home/nour-mahgoub/Graduation_Rafeeq/install/rafeeq_navigation/share/rafeeq_navigation/package.ps1'
[0.936s] INFO:colcon.colcon_core.shell:Creating package descriptor '/home/nour-mahgoub/Graduation_Rafeeq/install/rafeeq_navigation/share/rafeeq_navigation/package.dsv'
[0.936s] INFO:colcon.colcon_core.shell:Creating package script '/home/nour-mahgoub/Graduation_Rafeeq/install/rafeeq_navigation/share/rafeeq_navigation/package.sh'
[0.936s] INFO:colcon.colcon_core.shell:Creating package script '/home/nour-mahgoub/Graduation_Rafeeq/install/rafeeq_navigation/share/rafeeq_navigation/package.bash'
[0.936s] INFO:colcon.colcon_core.shell:Creating package script '/home/nour-mahgoub/Graduation_Rafeeq/install/rafeeq_navigation/share/rafeeq_navigation/package.zsh'
[0.936s] Level 1:colcon.colcon_core.environment:create_file_with_runtime_dependencies(/home/nour-mahgoub/Graduation_Rafeeq/install/rafeeq_navigation/share/colcon-core/packages/rafeeq_navigation)
[0.937s] Level 1:colcon.colcon_core.environment:create_environment_scripts_only(rafeeq_navigation)
[0.937s] Level 1:colcon.colcon_core.environment:checking '/home/nour-mahgoub/Graduation_Rafeeq/install/rafeeq_navigation' for CMake module files
[0.937s] Level 1:colcon.colcon_core.environment:checking '/home/nour-mahgoub/Graduation_Rafeeq/install/rafeeq_navigation' for CMake config files
[0.937s] Level 1:colcon.colcon_core.shell:create_environment_hook('rafeeq_navigation', 'cmake_prefix_path')
[0.938s] INFO:colcon.colcon_core.shell:Creating environment hook '/home/nour-mahgoub/Graduation_Rafeeq/install/rafeeq_navigation/share/rafeeq_navigation/hook/cmake_prefix_path.ps1'
[0.938s] INFO:colcon.colcon_core.shell:Creating environment descriptor '/home/nour-mahgoub/Graduation_Rafeeq/install/rafeeq_navigation/share/rafeeq_navigation/hook/cmake_prefix_path.dsv'
[0.938s] INFO:colcon.colcon_core.shell:Creating environment hook '/home/nour-mahgoub/Graduation_Rafeeq/install/rafeeq_navigation/share/rafeeq_navigation/hook/cmake_prefix_path.sh'
[0.938s] Level 1:colcon.colcon_core.environment:checking '/home/nour-mahgoub/Graduation_Rafeeq/install/rafeeq_navigation/bin'
[0.938s] Level 1:colcon.colcon_core.environment:checking '/home/nour-mahgoub/Graduation_Rafeeq/install/rafeeq_navigation/lib/pkgconfig/rafeeq_navigation.pc'
[0.938s] Level 1:colcon.colcon_core.environment:checking '/home/nour-mahgoub/Graduation_Rafeeq/install/rafeeq_navigation/lib/python3.12/site-packages'
[0.939s] Level 1:colcon.colcon_core.environment:checking '/home/nour-mahgoub/Graduation_Rafeeq/install/rafeeq_navigation/bin'
[0.939s] INFO:colcon.colcon_core.shell:Creating package script '/home/nour-mahgoub/Graduation_Rafeeq/install/rafeeq_navigation/share/rafeeq_navigation/package.ps1'
[0.939s] INFO:colcon.colcon_core.shell:Creating package descriptor '/home/nour-mahgoub/Graduation_Rafeeq/install/rafeeq_navigation/share/rafeeq_navigation/package.dsv'
[0.939s] INFO:colcon.colcon_core.shell:Creating package script '/home/nour-mahgoub/Graduation_Rafeeq/install/rafeeq_navigation/share/rafeeq_navigation/package.sh'
[0.939s] INFO:colcon.colcon_core.shell:Creating package script '/home/nour-mahgoub/Graduation_Rafeeq/install/rafeeq_navigation/share/rafeeq_navigation/package.bash'
[0.940s] INFO:colcon.colcon_core.shell:Creating package script '/home/nour-mahgoub/Graduation_Rafeeq/install/rafeeq_navigation/share/rafeeq_navigation/package.zsh'
[0.940s] Level 1:colcon.colcon_core.environment:create_file_with_runtime_dependencies(/home/nour-mahgoub/Graduation_Rafeeq/install/rafeeq_navigation/share/colcon-core/packages/rafeeq_navigation)
[0.941s] DEBUG:colcon.colcon_core.event_handler.log_command:Invoked command in '/home/nour-mahgoub/Graduation_Rafeeq/build/sllidar_ros2' returned '0': CMAKE_PREFIX_PATH=${CMAKE_PREFIX_PATH}:/home/nour-mahgoub/Graduation_Rafeeq/install/view_robot_pkg:/home/nour-mahgoub/Graduation_Rafeeq/install/serial_node:/home/nour-mahgoub/Graduation_Rafeeq/install/rafeeq_description:/opt/ros/jazzy DEBUGINFOD_URLS=https://debuginfod.ubuntu.com /usr/bin/cmake --build /home/nour-mahgoub/Graduation_Rafeeq/build/sllidar_ros2 -- -j20 -l20
[0.942s] DEBUG:colcon.colcon_core.event_handler.log_command:Invoking command in '/home/nour-mahgoub/Graduation_Rafeeq/build/sllidar_ros2': CMAKE_PREFIX_PATH=${CMAKE_PREFIX_PATH}:/home/nour-mahgoub/Graduation_Rafeeq/install/view_robot_pkg:/home/nour-mahgoub/Graduation_Rafeeq/install/serial_node:/home/nour-mahgoub/Graduation_Rafeeq/install/rafeeq_description:/opt/ros/jazzy DEBUGINFOD_URLS=https://debuginfod.ubuntu.com /usr/bin/cmake --install /home/nour-mahgoub/Graduation_Rafeeq/build/sllidar_ros2
[0.942s] DEBUG:colcon.colcon_core.event_handler.log_command:Invoked command in '/home/nour-mahgoub/Graduation_Rafeeq/build/usb_cam' returned '0': CMAKE_PREFIX_PATH=${CMAKE_PREFIX_PATH}:/home/nour-mahgoub/Graduation_Rafeeq/install/view_robot_pkg:/home/nour-mahgoub/Graduation_Rafeeq/install/serial_node:/home/nour-mahgoub/Graduation_Rafeeq/install/rafeeq_description:/opt/ros/jazzy DEBUGINFOD_URLS=https://debuginfod.ubuntu.com /usr/bin/cmake --build /home/nour-mahgoub/Graduation_Rafeeq/build/usb_cam -- -j20 -l20
[0.943s] DEBUG:colcon.colcon_core.event_handler.log_command:Invoking command in '/home/nour-mahgoub/Graduation_Rafeeq/build/usb_cam': CMAKE_PREFIX_PATH=${CMAKE_PREFIX_PATH}:/home/nour-mahgoub/Graduation_Rafeeq/install/view_robot_pkg:/home/nour-mahgoub/Graduation_Rafeeq/install/serial_node:/home/nour-mahgoub/Graduation_Rafeeq/install/rafeeq_description:/opt/ros/jazzy DEBUGINFOD_URLS=https://debuginfod.ubuntu.com /usr/bin/cmake --install /home/nour-mahgoub/Graduation_Rafeeq/build/usb_cam
[0.947s] Level 1:colcon.colcon_core.environment:create_environment_scripts_only(sllidar_ros2)
[0.947s] Level 1:colcon.colcon_core.environment:checking '/home/nour-mahgoub/Graduation_Rafeeq/install/sllidar_ros2' for CMake module files
[0.949s] Level 1:colcon.colcon_core.environment:checking '/home/nour-mahgoub/Graduation_Rafeeq/install/sllidar_ros2' for CMake config files
[0.950s] Level 1:colcon.colcon_core.shell:create_environment_hook('sllidar_ros2', 'cmake_prefix_path')
[0.950s] INFO:colcon.colcon_core.shell:Creating environment hook '/home/nour-mahgoub/Graduation_Rafeeq/install/sllidar_ros2/share/sllidar_ros2/hook/cmake_prefix_path.ps1'
[0.951s] INFO:colcon.colcon_core.shell:Creating environment descriptor '/home/nour-mahgoub/Graduation_Rafeeq/install/sllidar_ros2/share/sllidar_ros2/hook/cmake_prefix_path.dsv'
[0.952s] INFO:colcon.colcon_core.shell:Creating environment hook '/home/nour-mahgoub/Graduation_Rafeeq/install/sllidar_ros2/share/sllidar_ros2/hook/cmake_prefix_path.sh'
[0.953s] DEBUG:colcon.colcon_core.event_handler.log_command:Invoked command in '/home/nour-mahgoub/Graduation_Rafeeq/build/sllidar_ros2' returned '0': CMAKE_PREFIX_PATH=${CMAKE_PREFIX_PATH}:/home/nour-mahgoub/Graduation_Rafeeq/install/view_robot_pkg:/home/nour-mahgoub/Graduation_Rafeeq/install/serial_node:/home/nour-mahgoub/Graduation_Rafeeq/install/rafeeq_description:/opt/ros/jazzy DEBUGINFOD_URLS=https://debuginfod.ubuntu.com /usr/bin/cmake --install /home/nour-mahgoub/Graduation_Rafeeq/build/sllidar_ros2
[0.953s] Level 1:colcon.colcon_core.environment:checking '/home/nour-mahgoub/Graduation_Rafeeq/install/sllidar_ros2/lib'
[0.954s] Level 1:colcon.colcon_core.environment:checking '/home/nour-mahgoub/Graduation_Rafeeq/install/sllidar_ros2/bin'
[0.954s] Level 1:colcon.colcon_core.environment:checking '/home/nour-mahgoub/Graduation_Rafeeq/install/sllidar_ros2/lib/pkgconfig/sllidar_ros2.pc'
[0.954s] Level 1:colcon.colcon_core.environment:checking '/home/nour-mahgoub/Graduation_Rafeeq/install/sllidar_ros2/lib/python3.12/site-packages'
[0.954s] Level 1:colcon.colcon_core.environment:checking '/home/nour-mahgoub/Graduation_Rafeeq/install/sllidar_ros2/bin'
[0.955s] INFO:colcon.colcon_core.shell:Creating package script '/home/nour-mahgoub/Graduation_Rafeeq/install/sllidar_ros2/share/sllidar_ros2/package.ps1'
[0.956s] INFO:colcon.colcon_core.shell:Creating package descriptor '/home/nour-mahgoub/Graduation_Rafeeq/install/sllidar_ros2/share/sllidar_ros2/package.dsv'
[0.956s] INFO:colcon.colcon_core.shell:Creating package script '/home/nour-mahgoub/Graduation_Rafeeq/install/sllidar_ros2/share/sllidar_ros2/package.sh'
[0.957s] INFO:colcon.colcon_core.shell:Creating package script '/home/nour-mahgoub/Graduation_Rafeeq/install/sllidar_ros2/share/sllidar_ros2/package.bash'
[0.958s] INFO:colcon.colcon_core.shell:Creating package script '/home/nour-mahgoub/Graduation_Rafeeq/install/sllidar_ros2/share/sllidar_ros2/package.zsh'
[0.959s] Level 1:colcon.colcon_core.environment:create_file_with_runtime_dependencies(/home/nour-mahgoub/Graduation_Rafeeq/install/sllidar_ros2/share/colcon-core/packages/sllidar_ros2)
[0.960s] Level 1:colcon.colcon_core.environment:create_environment_scripts_only(sllidar_ros2)
[0.961s] Level 1:colcon.colcon_core.environment:checking '/home/nour-mahgoub/Graduation_Rafeeq/install/sllidar_ros2' for CMake module files
[0.961s] Level 1:colcon.colcon_core.environment:checking '/home/nour-mahgoub/Graduation_Rafeeq/install/sllidar_ros2' for CMake config files
[0.961s] Level 1:colcon.colcon_core.shell:create_environment_hook('sllidar_ros2', 'cmake_prefix_path')
[0.961s] INFO:colcon.colcon_core.shell:Creating environment hook '/home/nour-mahgoub/Graduation_Rafeeq/install/sllidar_ros2/share/sllidar_ros2/hook/cmake_prefix_path.ps1'
[0.962s] INFO:colcon.colcon_core.shell:Creating environment descriptor '/home/nour-mahgoub/Graduation_Rafeeq/install/sllidar_ros2/share/sllidar_ros2/hook/cmake_prefix_path.dsv'
[0.962s] INFO:colcon.colcon_core.shell:Creating environment hook '/home/nour-mahgoub/Graduation_Rafeeq/install/sllidar_ros2/share/sllidar_ros2/hook/cmake_prefix_path.sh'
[0.963s] Level 1:colcon.colcon_core.environment:checking '/home/nour-mahgoub/Graduation_Rafeeq/install/sllidar_ros2/lib'
[0.963s] Level 1:colcon.colcon_core.environment:checking '/home/nour-mahgoub/Graduation_Rafeeq/install/sllidar_ros2/bin'
[0.963s] Level 1:colcon.colcon_core.environment:checking '/home/nour-mahgoub/Graduation_Rafeeq/install/sllidar_ros2/lib/pkgconfig/sllidar_ros2.pc'
[0.963s] Level 1:colcon.colcon_core.environment:checking '/home/nour-mahgoub/Graduation_Rafeeq/install/sllidar_ros2/lib/python3.12/site-packages'
[0.963s] Level 1:colcon.colcon_core.environment:checking '/home/nour-mahgoub/Graduation_Rafeeq/install/sllidar_ros2/bin'
[0.963s] INFO:colcon.colcon_core.shell:Creating package script '/home/nour-mahgoub/Graduation_Rafeeq/install/sllidar_ros2/share/sllidar_ros2/package.ps1'
[0.964s] INFO:colcon.colcon_core.shell:Creating package descriptor '/home/nour-mahgoub/Graduation_Rafeeq/install/sllidar_ros2/share/sllidar_ros2/package.dsv'
[0.964s] INFO:colcon.colcon_core.shell:Creating package script '/home/nour-mahgoub/Graduation_Rafeeq/install/sllidar_ros2/share/sllidar_ros2/package.sh'
[0.965s] INFO:colcon.colcon_core.shell:Creating package script '/home/nour-mahgoub/Graduation_Rafeeq/install/sllidar_ros2/share/sllidar_ros2/package.bash'
[0.965s] INFO:colcon.colcon_core.shell:Creating package script '/home/nour-mahgoub/Graduation_Rafeeq/install/sllidar_ros2/share/sllidar_ros2/package.zsh'
[0.966s] Level 1:colcon.colcon_core.environment:create_file_with_runtime_dependencies(/home/nour-mahgoub/Graduation_Rafeeq/install/sllidar_ros2/share/colcon-core/packages/sllidar_ros2)
[0.966s] Level 1:colcon.colcon_core.environment:create_environment_scripts_only(usb_cam)
[0.967s] Level 1:colcon.colcon_core.environment:checking '/home/nour-mahgoub/Graduation_Rafeeq/install/usb_cam' for CMake module files
[0.967s] DEBUG:colcon.colcon_core.event_handler.log_command:Invoked command in '/home/nour-mahgoub/Graduation_Rafeeq/build/usb_cam' returned '0': CMAKE_PREFIX_PATH=${CMAKE_PREFIX_PATH}:/home/nour-mahgoub/Graduation_Rafeeq/install/view_robot_pkg:/home/nour-mahgoub/Graduation_Rafeeq/install/serial_node:/home/nour-mahgoub/Graduation_Rafeeq/install/rafeeq_description:/opt/ros/jazzy DEBUGINFOD_URLS=https://debuginfod.ubuntu.com /usr/bin/cmake --install /home/nour-mahgoub/Graduation_Rafeeq/build/usb_cam
[0.967s] Level 1:colcon.colcon_core.environment:checking '/home/nour-mahgoub/Graduation_Rafeeq/install/usb_cam' for CMake config files
[0.968s] Level 1:colcon.colcon_core.shell:create_environment_hook('usb_cam', 'cmake_prefix_path')
[0.968s] INFO:colcon.colcon_core.shell:Creating environment hook '/home/nour-mahgoub/Graduation_Rafeeq/install/usb_cam/share/usb_cam/hook/cmake_prefix_path.ps1'
[0.968s] INFO:colcon.colcon_core.shell:Creating environment descriptor '/home/nour-mahgoub/Graduation_Rafeeq/install/usb_cam/share/usb_cam/hook/cmake_prefix_path.dsv'
[0.968s] INFO:colcon.colcon_core.shell:Creating environment hook '/home/nour-mahgoub/Graduation_Rafeeq/install/usb_cam/share/usb_cam/hook/cmake_prefix_path.sh'
[0.969s] Level 1:colcon.colcon_core.environment:checking '/home/nour-mahgoub/Graduation_Rafeeq/install/usb_cam/lib'
[0.969s] Level 1:colcon.colcon_core.shell:create_environment_hook('usb_cam', 'ld_library_path_lib')
[0.969s] INFO:colcon.colcon_core.shell:Creating environment hook '/home/nour-mahgoub/Graduation_Rafeeq/install/usb_cam/share/usb_cam/hook/ld_library_path_lib.ps1'
[0.970s] INFO:colcon.colcon_core.shell:Creating environment descriptor '/home/nour-mahgoub/Graduation_Rafeeq/install/usb_cam/share/usb_cam/hook/ld_library_path_lib.dsv'
[0.970s] INFO:colcon.colcon_core.shell:Creating environment hook '/home/nour-mahgoub/Graduation_Rafeeq/install/usb_cam/share/usb_cam/hook/ld_library_path_lib.sh'
[0.970s] Level 1:colcon.colcon_core.environment:checking '/home/nour-mahgoub/Graduation_Rafeeq/install/usb_cam/bin'
[0.970s] Level 1:colcon.colcon_core.environment:checking '/home/nour-mahgoub/Graduation_Rafeeq/install/usb_cam/lib/pkgconfig/usb_cam.pc'
[0.970s] Level 1:colcon.colcon_core.environment:checking '/home/nour-mahgoub/Graduation_Rafeeq/install/usb_cam/lib/python3.12/site-packages'
[0.971s] Level 1:colcon.colcon_core.environment:checking '/home/nour-mahgoub/Graduation_Rafeeq/install/usb_cam/bin'
[0.971s] INFO:colcon.colcon_core.shell:Creating package script '/home/nour-mahgoub/Graduation_Rafeeq/install/usb_cam/share/usb_cam/package.ps1'
[0.972s] INFO:colcon.colcon_core.shell:Creating package descriptor '/home/nour-mahgoub/Graduation_Rafeeq/install/usb_cam/share/usb_cam/package.dsv'
[0.972s] INFO:colcon.colcon_core.shell:Creating package script '/home/nour-mahgoub/Graduation_Rafeeq/install/usb_cam/share/usb_cam/package.sh'
[0.972s] INFO:colcon.colcon_core.shell:Creating package script '/home/nour-mahgoub/Graduation_Rafeeq/install/usb_cam/share/usb_cam/package.bash'
[0.973s] INFO:colcon.colcon_core.shell:Creating package script '/home/nour-mahgoub/Graduation_Rafeeq/install/usb_cam/share/usb_cam/package.zsh'
[0.973s] Level 1:colcon.colcon_core.environment:create_file_with_runtime_dependencies(/home/nour-mahgoub/Graduation_Rafeeq/install/usb_cam/share/colcon-core/packages/usb_cam)
[0.974s] Level 1:colcon.colcon_core.environment:create_environment_scripts_only(usb_cam)
[0.974s] Level 1:colcon.colcon_core.environment:checking '/home/nour-mahgoub/Graduation_Rafeeq/install/usb_cam' for CMake module files
[0.975s] Level 1:colcon.colcon_core.environment:checking '/home/nour-mahgoub/Graduation_Rafeeq/install/usb_cam' for CMake config files
[0.975s] Level 1:colcon.colcon_core.shell:create_environment_hook('usb_cam', 'cmake_prefix_path')
[0.975s] INFO:colcon.colcon_core.shell:Creating environment hook '/home/nour-mahgoub/Graduation_Rafeeq/install/usb_cam/share/usb_cam/hook/cmake_prefix_path.ps1'
[0.976s] INFO:colcon.colcon_core.shell:Creating environment descriptor '/home/nour-mahgoub/Graduation_Rafeeq/install/usb_cam/share/usb_cam/hook/cmake_prefix_path.dsv'
[0.976s] INFO:colcon.colcon_core.shell:Creating environment hook '/home/nour-mahgoub/Graduation_Rafeeq/install/usb_cam/share/usb_cam/hook/cmake_prefix_path.sh'
[0.976s] Level 1:colcon.colcon_core.environment:checking '/home/nour-mahgoub/Graduation_Rafeeq/install/usb_cam/lib'
[0.976s] Level 1:colcon.colcon_core.shell:create_environment_hook('usb_cam', 'ld_library_path_lib')
[0.977s] INFO:colcon.colcon_core.shell:Creating environment hook '/home/nour-mahgoub/Graduation_Rafeeq/install/usb_cam/share/usb_cam/hook/ld_library_path_lib.ps1'
[0.977s] INFO:colcon.colcon_core.shell:Creating environment descriptor '/home/nour-mahgoub/Graduation_Rafeeq/install/usb_cam/share/usb_cam/hook/ld_library_path_lib.dsv'
[0.977s] INFO:colcon.colcon_core.shell:Creating environment hook '/home/nour-mahgoub/Graduation_Rafeeq/install/usb_cam/share/usb_cam/hook/ld_library_path_lib.sh'
[0.978s] Level 1:colcon.colcon_core.environment:checking '/home/nour-mahgoub/Graduation_Rafeeq/install/usb_cam/bin'
[0.978s] Level 1:colcon.colcon_core.environment:checking '/home/nour-mahgoub/Graduation_Rafeeq/install/usb_cam/lib/pkgconfig/usb_cam.pc'
[0.978s] Level 1:colcon.colcon_core.environment:checking '/home/nour-mahgoub/Graduation_Rafeeq/install/usb_cam/lib/python3.12/site-packages'
[0.978s] Level 1:colcon.colcon_core.environment:checking '/home/nour-mahgoub/Graduation_Rafeeq/install/usb_cam/bin'
[0.978s] INFO:colcon.colcon_core.shell:Creating package script '/home/nour-mahgoub/Graduation_Rafeeq/install/usb_cam/share/usb_cam/package.ps1'
[0.979s] INFO:colcon.colcon_core.shell:Creating package descriptor '/home/nour-mahgoub/Graduation_Rafeeq/install/usb_cam/share/usb_cam/package.dsv'
[0.980s] INFO:colcon.colcon_core.shell:Creating package script '/home/nour-mahgoub/Graduation_Rafeeq/install/usb_cam/share/usb_cam/package.sh'
[0.980s] INFO:colcon.colcon_core.shell:Creating package script '/home/nour-mahgoub/Graduation_Rafeeq/install/usb_cam/share/usb_cam/package.bash'
[0.980s] INFO:colcon.colcon_core.shell:Creating package script '/home/nour-mahgoub/Graduation_Rafeeq/install/usb_cam/share/usb_cam/package.zsh'
[0.981s] Level 1:colcon.colcon_core.environment:create_file_with_runtime_dependencies(/home/nour-mahgoub/Graduation_Rafeeq/install/usb_cam/share/colcon-core/packages/usb_cam)
[1.301s] DEBUG:colcon.colcon_core.event_handler.log_command:Invoking command in '/home/nour-mahgoub/Graduation_Rafeeq/src/serial_node': DEBUGINFOD_URLS=https://debuginfod.ubuntu.com PYTHONPATH=/home/nour-mahgoub/Graduation_Rafeeq/build/serial_node/prefix_override:/usr/lib/python3/dist-packages/colcon_core/task/python/colcon_distutils_commands:/home/nour-mahgoub/Graduation_Rafeeq/install/serial_node/lib/python3.12/site-packages:${PYTHONPATH} /usr/bin/python3 -W ignore:setup.py install is deprecated -W ignore:easy_install command is deprecated setup.py egg_info --egg-base ../../build/serial_node build --build-base /home/nour-mahgoub/Graduation_Rafeeq/build/serial_node/build install --record /home/nour-mahgoub/Graduation_Rafeeq/build/serial_node/install.log --single-version-externally-managed install_data
[1.332s] DEBUG:colcon.colcon_core.event_handler.log_command:Invoking command in '/home/nour-mahgoub/Graduation_Rafeeq/src/rafeeq_description': DEBUGINFOD_URLS=https://debuginfod.ubuntu.com PYTHONPATH=/home/nour-mahgoub/Graduation_Rafeeq/build/rafeeq_description/prefix_override:/usr/lib/python3/dist-packages/colcon_core/task/python/colcon_distutils_commands:/home/nour-mahgoub/Graduation_Rafeeq/install/rafeeq_description/lib/python3.12/site-packages:${PYTHONPATH} /usr/bin/python3 -W ignore:setup.py install is deprecated -W ignore:easy_install command is deprecated setup.py egg_info --egg-base ../../build/rafeeq_description build --build-base /home/nour-mahgoub/Graduation_Rafeeq/build/rafeeq_description/build install --record /home/nour-mahgoub/Graduation_Rafeeq/build/rafeeq_description/install.log --single-version-externally-managed install_data
[1.653s] Level 1:colcon.colcon_core.environment:checking '/home/nour-mahgoub/Graduation_Rafeeq/install/serial_node' for CMake module files
[1.653s] DEBUG:colcon.colcon_core.event_handler.log_command:Invoked command in '/home/nour-mahgoub/Graduation_Rafeeq/src/serial_node' returned '0': DEBUGINFOD_URLS=https://debuginfod.ubuntu.com PYTHONPATH=/home/nour-mahgoub/Graduation_Rafeeq/build/serial_node/prefix_override:/usr/lib/python3/dist-packages/colcon_core/task/python/colcon_distutils_commands:/home/nour-mahgoub/Graduation_Rafeeq/install/serial_node/lib/python3.12/site-packages:${PYTHONPATH} /usr/bin/python3 -W ignore:setup.py install is deprecated -W ignore:easy_install command is deprecated setup.py egg_info --egg-base ../../build/serial_node build --build-base /home/nour-mahgoub/Graduation_Rafeeq/build/serial_node/build install --record /home/nour-mahgoub/Graduation_Rafeeq/build/serial_node/install.log --single-version-externally-managed install_data
[1.654s] Level 1:colcon.colcon_core.environment:checking '/home/nour-mahgoub/Graduation_Rafeeq/install/serial_node' for CMake config files
[1.654s] Level 1:colcon.colcon_core.environment:checking '/home/nour-mahgoub/Graduation_Rafeeq/install/serial_node/lib'
[1.654s] Level 1:colcon.colcon_core.environment:checking '/home/nour-mahgoub/Graduation_Rafeeq/install/serial_node/bin'
[1.654s] Level 1:colcon.colcon_core.environment:checking '/home/nour-mahgoub/Graduation_Rafeeq/install/serial_node/lib/pkgconfig/serial_node.pc'
[1.654s] Level 1:colcon.colcon_core.environment:checking '/home/nour-mahgoub/Graduation_Rafeeq/install/serial_node/lib/python3.12/site-packages'
[1.654s] Level 1:colcon.colcon_core.shell:create_environment_hook('serial_node', 'pythonpath')
[1.654s] INFO:colcon.colcon_core.shell:Creating environment hook '/home/nour-mahgoub/Graduation_Rafeeq/install/serial_node/share/serial_node/hook/pythonpath.ps1'
[1.654s] INFO:colcon.colcon_core.shell:Creating environment descriptor '/home/nour-mahgoub/Graduation_Rafeeq/install/serial_node/share/serial_node/hook/pythonpath.dsv'
[1.655s] INFO:colcon.colcon_core.shell:Creating environment hook '/home/nour-mahgoub/Graduation_Rafeeq/install/serial_node/share/serial_node/hook/pythonpath.sh'
[1.655s] Level 1:colcon.colcon_core.environment:checking '/home/nour-mahgoub/Graduation_Rafeeq/install/serial_node/bin'
[1.655s] Level 1:colcon.colcon_core.environment:create_environment_scripts_only(serial_node)
[1.655s] INFO:colcon.colcon_core.shell:Creating package script '/home/nour-mahgoub/Graduation_Rafeeq/install/serial_node/share/serial_node/package.ps1'
[1.655s] INFO:colcon.colcon_core.shell:Creating package descriptor '/home/nour-mahgoub/Graduation_Rafeeq/install/serial_node/share/serial_node/package.dsv'
[1.656s] INFO:colcon.colcon_core.shell:Creating package script '/home/nour-mahgoub/Graduation_Rafeeq/install/serial_node/share/serial_node/package.sh'
[1.656s] INFO:colcon.colcon_core.shell:Creating package script '/home/nour-mahgoub/Graduation_Rafeeq/install/serial_node/share/serial_node/package.bash'
[1.656s] INFO:colcon.colcon_core.shell:Creating package script '/home/nour-mahgoub/Graduation_Rafeeq/install/serial_node/share/serial_node/package.zsh'
[1.656s] Level 1:colcon.colcon_core.environment:create_file_with_runtime_dependencies(/home/nour-mahgoub/Graduation_Rafeeq/install/serial_node/share/colcon-core/packages/serial_node)
[1.934s] Level 1:colcon.colcon_core.environment:checking '/home/nour-mahgoub/Graduation_Rafeeq/install/rafeeq_description' for CMake module files
[1.934s] DEBUG:colcon.colcon_core.event_handler.log_command:Invoked command in '/home/nour-mahgoub/Graduation_Rafeeq/src/rafeeq_description' returned '0': DEBUGINFOD_URLS=https://debuginfod.ubuntu.com PYTHONPATH=/home/nour-mahgoub/Graduation_Rafeeq/build/rafeeq_description/prefix_override:/usr/lib/python3/dist-packages/colcon_core/task/python/colcon_distutils_commands:/home/nour-mahgoub/Graduation_Rafeeq/install/rafeeq_description/lib/python3.12/site-packages:${PYTHONPATH} /usr/bin/python3 -W ignore:setup.py install is deprecated -W ignore:easy_install command is deprecated setup.py egg_info --egg-base ../../build/rafeeq_description build --build-base /home/nour-mahgoub/Graduation_Rafeeq/build/rafeeq_description/build install --record /home/nour-mahgoub/Graduation_Rafeeq/build/rafeeq_description/install.log --single-version-externally-managed install_data
[1.935s] Level 1:colcon.colcon_core.environment:checking '/home/nour-mahgoub/Graduation_Rafeeq/install/rafeeq_description' for CMake config files
[1.935s] Level 1:colcon.colcon_core.environment:checking '/home/nour-mahgoub/Graduation_Rafeeq/install/rafeeq_description/lib'
[1.935s] Level 1:colcon.colcon_core.environment:checking '/home/nour-mahgoub/Graduation_Rafeeq/install/rafeeq_description/bin'
[1.935s] Level 1:colcon.colcon_core.environment:checking '/home/nour-mahgoub/Graduation_Rafeeq/install/rafeeq_description/lib/pkgconfig/rafeeq_description.pc'
[1.936s] Level 1:colcon.colcon_core.environment:checking '/home/nour-mahgoub/Graduation_Rafeeq/install/rafeeq_description/lib/python3.12/site-packages'
[1.936s] Level 1:colcon.colcon_core.shell:create_environment_hook('rafeeq_description', 'pythonpath')
[1.936s] INFO:colcon.colcon_core.shell:Creating environment hook '/home/nour-mahgoub/Graduation_Rafeeq/install/rafeeq_description/share/rafeeq_description/hook/pythonpath.ps1'
[1.936s] INFO:colcon.colcon_core.shell:Creating environment descriptor '/home/nour-mahgoub/Graduation_Rafeeq/install/rafeeq_description/share/rafeeq_description/hook/pythonpath.dsv'
[1.937s] INFO:colcon.colcon_core.shell:Creating environment hook '/home/nour-mahgoub/Graduation_Rafeeq/install/rafeeq_description/share/rafeeq_description/hook/pythonpath.sh'
[1.937s] Level 1:colcon.colcon_core.environment:checking '/home/nour-mahgoub/Graduation_Rafeeq/install/rafeeq_description/bin'
[1.937s] Level 1:colcon.colcon_core.environment:create_environment_scripts_only(rafeeq_description)
[1.938s] INFO:colcon.colcon_core.shell:Creating package script '/home/nour-mahgoub/Graduation_Rafeeq/install/rafeeq_description/share/rafeeq_description/package.ps1'
[1.938s] INFO:colcon.colcon_core.shell:Creating package descriptor '/home/nour-mahgoub/Graduation_Rafeeq/install/rafeeq_description/share/rafeeq_description/package.dsv'
[1.939s] INFO:colcon.colcon_core.shell:Creating package script '/home/nour-mahgoub/Graduation_Rafeeq/install/rafeeq_description/share/rafeeq_description/package.sh'
[1.939s] INFO:colcon.colcon_core.shell:Creating package script '/home/nour-mahgoub/Graduation_Rafeeq/install/rafeeq_description/share/rafeeq_description/package.bash'
[1.939s] INFO:colcon.colcon_core.shell:Creating package script '/home/nour-mahgoub/Graduation_Rafeeq/install/rafeeq_description/share/rafeeq_description/package.zsh'
[1.940s] Level 1:colcon.colcon_core.environment:create_file_with_runtime_dependencies(/home/nour-mahgoub/Graduation_Rafeeq/install/rafeeq_description/share/colcon-core/packages/rafeeq_description)
[1.940s] DEBUG:colcon.colcon_parallel_executor.executor.parallel:closing loop
[1.940s] DEBUG:colcon.colcon_parallel_executor.executor.parallel:loop closed
[1.940s] DEBUG:colcon.colcon_parallel_executor.executor.parallel:run_until_complete finished with '0'
[1.940s] DEBUG:colcon.colcon_core.event_reactor:joining thread
[1.949s] INFO:colcon.colcon_core.plugin_system:Skipping extension 'colcon_notification.desktop_notification.terminal_notifier': Not used on non-Darwin systems
[1.949s] INFO:colcon.colcon_core.plugin_system:Skipping extension 'colcon_notification.desktop_notification.win32': Not used on non-Windows systems
[1.949s] INFO:colcon.colcon_notification.desktop_notification:Sending desktop notification using 'notify2'
[1.962s] DEBUG:colcon.colcon_core.event_reactor:joined thread
[1.962s] INFO:colcon.colcon_core.shell:Creating prefix script '/home/nour-mahgoub/Graduation_Rafeeq/install/local_setup.ps1'
[1.963s] INFO:colcon.colcon_core.shell:Creating prefix util module '/home/nour-mahgoub/Graduation_Rafeeq/install/_local_setup_util_ps1.py'
[1.964s] INFO:colcon.colcon_core.shell:Creating prefix chain script '/home/nour-mahgoub/Graduation_Rafeeq/install/setup.ps1'
[1.965s] INFO:colcon.colcon_core.shell:Creating prefix script '/home/nour-mahgoub/Graduation_Rafeeq/install/local_setup.sh'
[1.966s] INFO:colcon.colcon_core.shell:Creating prefix util module '/home/nour-mahgoub/Graduation_Rafeeq/install/_local_setup_util_sh.py'
[1.967s] INFO:colcon.colcon_core.shell:Creating prefix chain script '/home/nour-mahgoub/Graduation_Rafeeq/install/setup.sh'
[1.968s] INFO:colcon.colcon_core.shell:Creating prefix script '/home/nour-mahgoub/Graduation_Rafeeq/install/local_setup.bash'
[1.968s] INFO:colcon.colcon_core.shell:Creating prefix chain script '/home/nour-mahgoub/Graduation_Rafeeq/install/setup.bash'
[1.970s] INFO:colcon.colcon_core.shell:Creating prefix script '/home/nour-mahgoub/Graduation_Rafeeq/install/local_setup.zsh'
[1.970s] INFO:colcon.colcon_core.shell:Creating prefix chain script '/home/nour-mahgoub/Graduation_Rafeeq/install/setup.zsh'
